{"crypto": {"kdf": {"function": "scrypt", "params": {"dklen": 32, "n": 262144, "r": 8, "p": 1, "salt": "9c0bafee5bf3ea485ea254ac38ea6b2d72a9f5273dac7d7fb24cd03e8fe1d05b"}, "message": ""}, "checksum": {"function": "sha256", "params": {}, "message": "c730e1c579511418898c33baf4aa8b4cdadf1af5683b1d518d39bbe9290b2bd5"}, "cipher": {"function": "aes-128-ctr", "params": {"iv": "6e42231e041ec9ef9bb3a7fc1c5c4e7d"}, "message": "450f49f4bbddb26001e3d94f94b4bc5b48fe7dd953a5c06eb91e05b83ce160a7"}}, "description": "", "pubkey": "80982aa8b07cdae6a73111e33291dce813d3aadff9d59a3eadc0f33db576e4460448b018ffc9dedfeb132b67bc113b62", "path": "m/12381/3600/62/0/0", "uuid": "91fc7eba-f783-4e43-8bf8-73cb4aa877e6", "version": 4}