{"crypto": {"kdf": {"function": "scrypt", "params": {"dklen": 32, "n": 262144, "r": 8, "p": 1, "salt": "9c0bafee5bf3ea485ea254ac38ea6b2d72a9f5273dac7d7fb24cd03e8fe1d05b"}, "message": ""}, "checksum": {"function": "sha256", "params": {}, "message": "ca50d70a8cc349ace0452ae8331cf75e4fbb2e6720a6d29184becb7cb89f7d17"}, "cipher": {"function": "aes-128-ctr", "params": {"iv": "6e42231e041ec9ef9bb3a7fc1c5c4e7d"}, "message": "7e25a32a37353968faa9d674f45d98bcfbeed2063c60722ccc3ad2a4dd866608"}}, "description": "", "pubkey": "94efb97303e7deb72034d47e2a75f252c1252533dc95963aeb32a51e8883e5bce50a13767d9c1b06d1556829282b59ce", "path": "m/12381/3600/10/0/0", "uuid": "5576cbc1-c2cf-420f-b30e-2ef0060bfbc7", "version": 4}