{"crypto": {"kdf": {"function": "scrypt", "params": {"dklen": 32, "n": 262144, "r": 8, "p": 1, "salt": "96ad13c1d52764bed3881f9dfcdb8b68b2d2951c2dba9caead998cc9c498f59c"}, "message": ""}, "checksum": {"function": "sha256", "params": {}, "message": "2a87383841f7f77c809f9efa9782e95fb046c8e70e706be1a457e519a3c1a342"}, "cipher": {"function": "aes-128-ctr", "params": {"iv": "c1b7916db4ec26714816c5b2cd7e1a2e"}, "message": "4ee54311c858b39f335af96f03cdfe6d6a239f3dfbf4ff4dc1f625accb941e25"}}, "description": "", "pubkey": "b91b39357f45f3cb9e6ab8055c9569b09adf769a84b16a8fb6f3483a78b3311451d435742fd1ae9f8d27e534c049c0f0", "path": "m/12381/3600/28/0/0", "uuid": "1d5ef29d-efa4-4b4e-8800-14aacdc5bd4a", "version": 4}