{"crypto": {"kdf": {"function": "scrypt", "params": {"dklen": 32, "n": 262144, "r": 8, "p": 1, "salt": "6f3b754c5f93135a22a584a74e4a701c0944c4d2670fe8f460a7c7daa3f0d6ee"}, "message": ""}, "checksum": {"function": "sha256", "params": {}, "message": "3dbb2e43a2bac73276ef789d2bab3c8b7e30cce244911cff540b58b3cc5d0a53"}, "cipher": {"function": "aes-128-ctr", "params": {"iv": "c34976ee3e2cd320df71c93517d9e4fa"}, "message": "49d77cb8909da761a4077b5c9fb7740ad4d8b108dc00dd6c9fb5a9b41a312749"}}, "description": "", "pubkey": "880700da5537df7609082bdb2c2baaf22234398dbeaec105c6943110f99d94b848e67915b825990c981f72b45f74dbae", "path": "m/12381/3600/26/0/0", "uuid": "3309dce5-1ca7-492d-90b6-67f6dd1dd1dc", "version": 4}