{"crypto": {"kdf": {"function": "scrypt", "params": {"dklen": 32, "n": 262144, "r": 8, "p": 1, "salt": "4a868e2367dd46d91f73a0d15f465dcd8685dabc852952e969ca46ec564954f8"}, "message": ""}, "checksum": {"function": "sha256", "params": {}, "message": "e3cbeb8f6b921d0dd77b84e392f6c2d14ad7b1167c780abb96a9755ada4ead42"}, "cipher": {"function": "aes-128-ctr", "params": {"iv": "ad08b1c148a51b1231beed8829b4b02a"}, "message": "8343934d13ece98ea02119a7dd6803c4307d6c1a4950cd84e2171f7df412762d"}}, "description": "", "pubkey": "8a4be7b27b916a9d2d245b9fbba1340fd60afe95d7c9cb30b4cc20f9fd1f4c42ae2b13d33363e9b414966c1772591fd4", "path": "m/12381/3600/15/0/0", "uuid": "4e274ec8-917c-4bc9-b0e0-ecf9f17dc55f", "version": 4}