{"crypto": {"kdf": {"function": "scrypt", "params": {"dklen": 32, "n": 262144, "r": 8, "p": 1, "salt": "96ad13c1d52764bed3881f9dfcdb8b68b2d2951c2dba9caead998cc9c498f59c"}, "message": ""}, "checksum": {"function": "sha256", "params": {}, "message": "ad9c7bdc3ddb028bfc1dadac5c5b4764038d0f53428f81fc48996dfabe44e16c"}, "cipher": {"function": "aes-128-ctr", "params": {"iv": "c1b7916db4ec26714816c5b2cd7e1a2e"}, "message": "50b58f3ac48722ad434bc56d23ddd0d492a0b281cea1137c7a68b85735224aad"}}, "description": "", "pubkey": "883af9f9889b2638800540ab05476fe5ebdaa2f7fac215897d488bfeff4a3b384a1fda9e1313069d0f410b2288a2ab46", "path": "m/12381/3600/27/0/0", "uuid": "9c4561be-f6c4-49e0-bfec-ef0d81d95ef8", "version": 4}