{"crypto": {"kdf": {"function": "scrypt", "params": {"dklen": 32, "n": 262144, "r": 8, "p": 1, "salt": "6f3b754c5f93135a22a584a74e4a701c0944c4d2670fe8f460a7c7daa3f0d6ee"}, "message": ""}, "checksum": {"function": "sha256", "params": {}, "message": "cc5ece32e44d34231cbbaa73e189eef091a3b47885d83f9849839a86afa9e339"}, "cipher": {"function": "aes-128-ctr", "params": {"iv": "c34976ee3e2cd320df71c93517d9e4fa"}, "message": "7beead9377710f93a159e180fcefb148c84b1f70856836c7503611086138de4f"}}, "description": "", "pubkey": "aaa72da79142c4ca0c81eab178d6a7cc98858520292f7bf6c102bf4cd574d2e1385c222480f7fcf27c5397b6c8d6cb73", "path": "m/12381/3600/36/0/0", "uuid": "cd21eb8f-417d-48ea-afd2-891f7f956f7d", "version": 4}