{"crypto": {"kdf": {"function": "scrypt", "params": {"dklen": 32, "n": 262144, "r": 8, "p": 1, "salt": "bb6d8fc84f9599a3a4872853371faefce96d58fa26c28f372f910d14aa4b7800"}, "message": ""}, "checksum": {"function": "sha256", "params": {}, "message": "21dc8498f9ac9cf987d644b66c2c5ffe2e5eb42e6159c4844252f40938fb6b11"}, "cipher": {"function": "aes-128-ctr", "params": {"iv": "de962807c12e9a8255bb50cd416124a3"}, "message": "4ba1b1f24ec02a64bb4ec84b14a0fd6d354330ccccec8ef768e795a452f3a5fc"}}, "description": "", "pubkey": "85ec440de6da51d6024939d5e0ccecae18ad3038267bf200413aa508aa805eb403514c27ab53bd872ac81f4983fb5d76", "path": "m/12381/3600/45/0/0", "uuid": "99c33852-3a2d-47ab-859e-5a88e7e9bc37", "version": 4}