{"crypto": {"kdf": {"function": "scrypt", "params": {"dklen": 32, "n": 262144, "r": 8, "p": 1, "salt": "6f3b754c5f93135a22a584a74e4a701c0944c4d2670fe8f460a7c7daa3f0d6ee"}, "message": ""}, "checksum": {"function": "sha256", "params": {}, "message": "85c30736381c5eff78cb8951be94331d136785e66ae3af8af638bbf67fe6bf63"}, "cipher": {"function": "aes-128-ctr", "params": {"iv": "c34976ee3e2cd320df71c93517d9e4fa"}, "message": "7d9ab303714979954f6df5671457f8897a448c7d0e8c1bdd0a52ca986f810f48"}}, "description": "", "pubkey": "94ed3c4c15d23ce732756b6f0700cac49c34cdddbfd87b5feb728fdff1be9f29b52fe6a14f419c0ecd314b23b16a6df0", "path": "m/12381/3600/34/0/0", "uuid": "19a19e79-61b6-470b-87f7-6153bfbc25c3", "version": 4}