{"crypto": {"kdf": {"function": "scrypt", "params": {"dklen": 32, "n": 262144, "r": 8, "p": 1, "salt": "96ad13c1d52764bed3881f9dfcdb8b68b2d2951c2dba9caead998cc9c498f59c"}, "message": ""}, "checksum": {"function": "sha256", "params": {}, "message": "16554ca41f75f6940acbe2278c2d9826165e3dfa75c15a05a978ef6a8937e7b7"}, "cipher": {"function": "aes-128-ctr", "params": {"iv": "c1b7916db4ec26714816c5b2cd7e1a2e"}, "message": "288431990045306e86aa9dd1cf1c054bbf4c4cd59190dff32fef211bb046df7e"}}, "description": "", "pubkey": "93e2fa539aaa50a2b12b0ea7aa871476cc9a13e87bc6d016c0b6ac311313cf4202cf614de2ea995c009015ff593a7151", "path": "m/12381/3600/13/0/0", "uuid": "88fb30f5-8cc3-4484-bad3-1493a2c2bfc9", "version": 4}