{"crypto": {"kdf": {"function": "scrypt", "params": {"dklen": 32, "n": 262144, "r": 8, "p": 1, "salt": "96ad13c1d52764bed3881f9dfcdb8b68b2d2951c2dba9caead998cc9c498f59c"}, "message": ""}, "checksum": {"function": "sha256", "params": {}, "message": "93c5a7a134d996c0cd12b7d485c2accff4e0175cad947f23e728efe15148ae5e"}, "cipher": {"function": "aes-128-ctr", "params": {"iv": "c1b7916db4ec26714816c5b2cd7e1a2e"}, "message": "5c7c0c82bc6e48b9f00ddab56d28cd3582e5fbdc5dde19b70ac0a1a8d0930d4b"}}, "description": "", "pubkey": "a3d951187079226592a182cf1127744fa7dcd02942d87e64864774d8c2da38d476776dd43895210b4af42449f8a7db60", "path": "m/12381/3600/10/0/0", "uuid": "ed50534e-c1ba-45c2-9896-cbb289686422", "version": 4}