{"crypto": {"kdf": {"function": "scrypt", "params": {"dklen": 32, "n": 262144, "r": 8, "p": 1, "salt": "bb6d8fc84f9599a3a4872853371faefce96d58fa26c28f372f910d14aa4b7800"}, "message": ""}, "checksum": {"function": "sha256", "params": {}, "message": "c998c85948cf23556b7c3c37f5f7afaedc26d5c37e05728bd6519c78acde1e22"}, "cipher": {"function": "aes-128-ctr", "params": {"iv": "de962807c12e9a8255bb50cd416124a3"}, "message": "2bd6cd21ed0e1f456bbc9d8dd92cf781a6a8a230956de5f9f0f4d24ed3f80fc0"}}, "description": "", "pubkey": "97cbbe92bf31b3e650349af3ce76f338cd4ea741d46621952a67bdba1b2f6db3e29e04b4d4ba6bd551674b99c6a700a5", "path": "m/12381/3600/6/0/0", "uuid": "2757079c-e0e4-485e-93f7-6f79f94c3c9e", "version": 4}