{"crypto": {"kdf": {"function": "scrypt", "params": {"dklen": 32, "n": 262144, "r": 8, "p": 1, "salt": "96ad13c1d52764bed3881f9dfcdb8b68b2d2951c2dba9caead998cc9c498f59c"}, "message": ""}, "checksum": {"function": "sha256", "params": {}, "message": "079e30c46940aa513ec993bc171d9cf5818e845328da4acdce7fbe0f97cb386a"}, "cipher": {"function": "aes-128-ctr", "params": {"iv": "c1b7916db4ec26714816c5b2cd7e1a2e"}, "message": "18494b9a7de831b44a098c1b06f64598be7be5c0139e7fe333f1e97bb55701a3"}}, "description": "", "pubkey": "af03cd3b986fb5bbe0883efb149f605481d687e238401aec11e6214b8a5a666180e707db5c060503299adec6c2f35470", "path": "m/12381/3600/8/0/0", "uuid": "67dfd049-6960-470d-b6e5-bc729ffa31c6", "version": 4}