{"crypto": {"kdf": {"function": "scrypt", "params": {"dklen": 32, "n": 262144, "r": 8, "p": 1, "salt": "4a868e2367dd46d91f73a0d15f465dcd8685dabc852952e969ca46ec564954f8"}, "message": ""}, "checksum": {"function": "sha256", "params": {}, "message": "3d0282e7996cc7d312ad4856796c82c8dbc12a6fdf142b244bb6b093db4d6ce0"}, "cipher": {"function": "aes-128-ctr", "params": {"iv": "ad08b1c148a51b1231beed8829b4b02a"}, "message": "f766488cb575f535d63522cb5e28e3e72050af1409827df8c7f989d8c5f2f4d3"}}, "description": "", "pubkey": "b8c9a1dc8afb2f2b6b74ebbfd218bea362a0d1b63d5e4d65a8417aaab865b03a9ef8e78493fdee01dbe32eb29cc3d4bf", "path": "m/12381/3600/1/0/0", "uuid": "35df7b14-df9e-48cb-ba0c-e242ca2b0c27", "version": 4}