{"crypto": {"kdf": {"function": "scrypt", "params": {"dklen": 32, "n": 262144, "r": 8, "p": 1, "salt": "4a868e2367dd46d91f73a0d15f465dcd8685dabc852952e969ca46ec564954f8"}, "message": ""}, "checksum": {"function": "sha256", "params": {}, "message": "d577f5c03e7e742e6e6fe86bae6d4f0764a76f83be7947a2cea3609d92d2cafd"}, "cipher": {"function": "aes-128-ctr", "params": {"iv": "ad08b1c148a51b1231beed8829b4b02a"}, "message": "e79d3caac7d30860a7faf549e730451b11ea17baae0bf05397ae2da258aa8a42"}}, "description": "", "pubkey": "ac56aced615f2d8d9068a0bfb5f9634e79573a152c4cdea3a888e8619e914932567b1bca3a8943de72a1b8b8982e30fe", "path": "m/12381/3600/42/0/0", "uuid": "69a33b56-cff5-4b7c-b261-5a4cf8577bf6", "version": 4}