{"crypto": {"kdf": {"function": "scrypt", "params": {"dklen": 32, "n": 262144, "r": 8, "p": 1, "salt": "6f3b754c5f93135a22a584a74e4a701c0944c4d2670fe8f460a7c7daa3f0d6ee"}, "message": ""}, "checksum": {"function": "sha256", "params": {}, "message": "ef0bae37aa6c7ee9b7ea1aa246b3558e039e12fb1dafc111e443bb707034ce50"}, "cipher": {"function": "aes-128-ctr", "params": {"iv": "c34976ee3e2cd320df71c93517d9e4fa"}, "message": "732b3ff31027497bc7f8b226bd8145e0f8ff0a7f0000eb4c759ca92ecda18f96"}}, "description": "", "pubkey": "a6ea3274da99f73f5dd22b477d598d547675d3a9890bb2b28be467555664a5127a4150b7da1ebb05abca1f6335fb3a58", "path": "m/12381/3600/5/0/0", "uuid": "26cc3fc8-d995-4dd7-9f00-378797cb94b8", "version": 4}