{"crypto": {"kdf": {"function": "scrypt", "params": {"dklen": 32, "n": 262144, "r": 8, "p": 1, "salt": "6f3b754c5f93135a22a584a74e4a701c0944c4d2670fe8f460a7c7daa3f0d6ee"}, "message": ""}, "checksum": {"function": "sha256", "params": {}, "message": "625baf78f34fee287dd4b261e12d8d824c4bf43c71cb742f6155ce71eeabd6c3"}, "cipher": {"function": "aes-128-ctr", "params": {"iv": "c34976ee3e2cd320df71c93517d9e4fa"}, "message": "76f7e7e988495cd6b804557d82d48d4477fe7ac65dc5f8700c441772fff5858b"}}, "description": "", "pubkey": "97cbbe92bf31b3e650349af3ce76f338cd4ea741d46621952a67bdba1b2f6db3e29e04b4d4ba6bd551674b99c6a700a5", "path": "m/12381/3600/6/0/0", "uuid": "a29b98ab-c762-4bbd-8748-d8711363d8a1", "version": 4}