{"crypto": {"kdf": {"function": "scrypt", "params": {"dklen": 32, "n": 262144, "r": 8, "p": 1, "salt": "4a868e2367dd46d91f73a0d15f465dcd8685dabc852952e969ca46ec564954f8"}, "message": ""}, "checksum": {"function": "sha256", "params": {}, "message": "5b55113dae06e07784e710a8be1b197e6b52fb70e3e86b68d0445532d82a0bd8"}, "cipher": {"function": "aes-128-ctr", "params": {"iv": "ad08b1c148a51b1231beed8829b4b02a"}, "message": "93eb0cf1f4c972dccb80696b52c6b7bce0de81422d72c81aab93d8b4e7d3878a"}}, "description": "", "pubkey": "93e2fa539aaa50a2b12b0ea7aa871476cc9a13e87bc6d016c0b6ac311313cf4202cf614de2ea995c009015ff593a7151", "path": "m/12381/3600/13/0/0", "uuid": "5eda1daa-a314-44b1-a8dd-3608f8ac5c3f", "version": 4}