{"crypto": {"kdf": {"function": "scrypt", "params": {"dklen": 32, "n": 262144, "r": 8, "p": 1, "salt": "6f3b754c5f93135a22a584a74e4a701c0944c4d2670fe8f460a7c7daa3f0d6ee"}, "message": ""}, "checksum": {"function": "sha256", "params": {}, "message": "78c6a5eb516d7af4b2ee2a41df5e055bbbe688070dcb470b905faecffea627ab"}, "cipher": {"function": "aes-128-ctr", "params": {"iv": "c34976ee3e2cd320df71c93517d9e4fa"}, "message": "16809b3a2b8769f768f600bb4f5887a8e415e83a0444937e945750987efe2fb7"}}, "description": "", "pubkey": "85ec440de6da51d6024939d5e0ccecae18ad3038267bf200413aa508aa805eb403514c27ab53bd872ac81f4983fb5d76", "path": "m/12381/3600/45/0/0", "uuid": "7ec87bd2-2abb-47c8-9bde-db26c18bbf50", "version": 4}