{"crypto": {"kdf": {"function": "scrypt", "params": {"dklen": 32, "n": 262144, "r": 8, "p": 1, "salt": "96ad13c1d52764bed3881f9dfcdb8b68b2d2951c2dba9caead998cc9c498f59c"}, "message": ""}, "checksum": {"function": "sha256", "params": {}, "message": "1a8f93dbcd0cd9d2c98055eb61a365d09552bf1e70e2004a29cf7b87daec7ffa"}, "cipher": {"function": "aes-128-ctr", "params": {"iv": "c1b7916db4ec26714816c5b2cd7e1a2e"}, "message": "53afd5074843284ecca50c7e4d40fd0a67796e99c0e84a90a6307e48c0dd2106"}}, "description": "", "pubkey": "94c93055132ff47330b96fa4b004cb98b6d0967a1b7a10231d44aec9869261046737a3b80b4aed87a0f9337ed41180e7", "path": "m/12381/3600/22/0/0", "uuid": "fb9697a1-9f1e-4fe6-a190-7bc3c3ed0f31", "version": 4}