{"crypto": {"kdf": {"function": "scrypt", "params": {"dklen": 32, "n": 262144, "r": 8, "p": 1, "salt": "96ad13c1d52764bed3881f9dfcdb8b68b2d2951c2dba9caead998cc9c498f59c"}, "message": ""}, "checksum": {"function": "sha256", "params": {}, "message": "0e09b174c6b83771e723d74e21dda59eb1485110398a9d16cf38cf187c237cd1"}, "cipher": {"function": "aes-128-ctr", "params": {"iv": "c1b7916db4ec26714816c5b2cd7e1a2e"}, "message": "78b9bc6402cdf07dd76c72bbc5759289af5c36cc78e8b2400021551ab85279be"}}, "description": "", "pubkey": "818620dc30de0712b87c017cf5253d3a235e1e8ab17da07b607e44ae5339f477c9b8175903f671698f13fcb57c180f38", "path": "m/12381/3600/41/0/0", "uuid": "ca342e8a-d9a2-4cdc-bc64-ee371e2dd1ce", "version": 4}