{"crypto": {"kdf": {"function": "scrypt", "params": {"dklen": 32, "n": 262144, "r": 8, "p": 1, "salt": "96ad13c1d52764bed3881f9dfcdb8b68b2d2951c2dba9caead998cc9c498f59c"}, "message": ""}, "checksum": {"function": "sha256", "params": {}, "message": "0b2d3c818dc68becab2eda1954627ea0a1b21e8eb35a60fc5a37e4e95d3c44d8"}, "cipher": {"function": "aes-128-ctr", "params": {"iv": "c1b7916db4ec26714816c5b2cd7e1a2e"}, "message": "5cf201c2335f4ad2ead001f37aeaf7ec4e78da2d12e9e7ba13d2d40d0f3fd2b6"}}, "description": "", "pubkey": "ac56aced615f2d8d9068a0bfb5f9634e79573a152c4cdea3a888e8619e914932567b1bca3a8943de72a1b8b8982e30fe", "path": "m/12381/3600/42/0/0", "uuid": "b89aeb9c-6355-4b1e-a7c5-7647c645ccaf", "version": 4}