{"crypto": {"kdf": {"function": "scrypt", "params": {"dklen": 32, "n": 262144, "r": 8, "p": 1, "salt": "6f3b754c5f93135a22a584a74e4a701c0944c4d2670fe8f460a7c7daa3f0d6ee"}, "message": ""}, "checksum": {"function": "sha256", "params": {}, "message": "d25e41941fffdf32e3ae08231d2edb4f9bbb523549e65c1c8d79182057444d7f"}, "cipher": {"function": "aes-128-ctr", "params": {"iv": "c34976ee3e2cd320df71c93517d9e4fa"}, "message": "595ce8daa442ad8b34e0c8ce2b9142a7e44ba9a267d93794090d55ecc80530dc"}}, "description": "", "pubkey": "8fc34aac4529007a96a5354d3aa1bd814160f62afe90b53f54636e9dd6a781714f453afef065f4824a1d93d33b525e0f", "path": "m/12381/3600/37/0/0", "uuid": "4e4452ae-fc29-44ab-abfe-5ec2ce53f2c2", "version": 4}