{"crypto": {"kdf": {"function": "scrypt", "params": {"dklen": 32, "n": 262144, "r": 8, "p": 1, "salt": "96ad13c1d52764bed3881f9dfcdb8b68b2d2951c2dba9caead998cc9c498f59c"}, "message": ""}, "checksum": {"function": "sha256", "params": {}, "message": "2446f6508d3596cc47e7af1e71a7586e258a87704b101a902c5ec22aa9afe260"}, "cipher": {"function": "aes-128-ctr", "params": {"iv": "c1b7916db4ec26714816c5b2cd7e1a2e"}, "message": "22ecdd2cfb337fb043aa688a1ad9a2feedd472530eeda2dbd5d9da214ae0627e"}}, "description": "", "pubkey": "ac4911d02690526494a8c8f9da40a840c9d475cd5a35f63f347f5771c8908171adc9cfccb7f789682882cb3a75cb8ffb", "path": "m/12381/3600/24/0/0", "uuid": "bb67b8ba-1e21-4947-9d34-db15f207bb54", "version": 4}