{"crypto": {"kdf": {"function": "scrypt", "params": {"dklen": 32, "n": 262144, "r": 8, "p": 1, "salt": "bb6d8fc84f9599a3a4872853371faefce96d58fa26c28f372f910d14aa4b7800"}, "message": ""}, "checksum": {"function": "sha256", "params": {}, "message": "7dbfeb8bdfebd96aa857da9acf3fd073a4908b5015e245b3e5ddd0d877e40737"}, "cipher": {"function": "aes-128-ctr", "params": {"iv": "de962807c12e9a8255bb50cd416124a3"}, "message": "262b0f6a8d5c598b1da652d93785c84f3e28ecfacb72c6993dc31d0de014cc02"}}, "description": "", "pubkey": "86aefa7bc4eb3a8027bc4c10ec78ab36b48b7d7f541d9f5da295c979110dd8318a34bfcdd03dc1bce4ab8f78a0546b0c", "path": "m/12381/3600/46/0/0", "uuid": "27993ea1-e617-45e3-8d7e-d1393a0f497b", "version": 4}