{"crypto": {"kdf": {"function": "scrypt", "params": {"dklen": 32, "n": 262144, "r": 8, "p": 1, "salt": "96ad13c1d52764bed3881f9dfcdb8b68b2d2951c2dba9caead998cc9c498f59c"}, "message": ""}, "checksum": {"function": "sha256", "params": {}, "message": "0513fa1f8e1e17d9a6c8002cc2d6c97b1b7efa8a2f25f53575e94e16489a4200"}, "cipher": {"function": "aes-128-ctr", "params": {"iv": "c1b7916db4ec26714816c5b2cd7e1a2e"}, "message": "088eaa013237ca93dee4c9d4a860fc695cc647f18de7e38bf46918f569214495"}}, "description": "", "pubkey": "a4d556fb9ad8dda955749e2e01d8ad0918c156f289a83a9db6c6f2e8ee200637a8dfca4ad13d4972f0303b5710c6fa00", "path": "m/12381/3600/18/0/0", "uuid": "f0d28175-3c40-4af2-a7af-5a5da8dca9d2", "version": 4}