{"crypto": {"kdf": {"function": "scrypt", "params": {"dklen": 32, "n": 262144, "r": 8, "p": 1, "salt": "96ad13c1d52764bed3881f9dfcdb8b68b2d2951c2dba9caead998cc9c498f59c"}, "message": ""}, "checksum": {"function": "sha256", "params": {}, "message": "8aaf08d02e54234093d87e421ba76f190f420f8ffbfb49aba7557302461d3ce9"}, "cipher": {"function": "aes-128-ctr", "params": {"iv": "c1b7916db4ec26714816c5b2cd7e1a2e"}, "message": "3372a7b5a528f6c3083629de61188523b2f604fe15324032d2ccb1a5bda9d52c"}}, "description": "", "pubkey": "880700da5537df7609082bdb2c2baaf22234398dbeaec105c6943110f99d94b848e67915b825990c981f72b45f74dbae", "path": "m/12381/3600/26/0/0", "uuid": "b52bee0b-1831-4afb-a4ac-c0f952466c9d", "version": 4}