{"crypto": {"kdf": {"function": "scrypt", "params": {"dklen": 32, "n": 262144, "r": 8, "p": 1, "salt": "6f3b754c5f93135a22a584a74e4a701c0944c4d2670fe8f460a7c7daa3f0d6ee"}, "message": ""}, "checksum": {"function": "sha256", "params": {}, "message": "8883923e4204fa4f04edcf6e4a1489959be40e9a5cb89c703c55aa57dc549ea1"}, "cipher": {"function": "aes-128-ctr", "params": {"iv": "c34976ee3e2cd320df71c93517d9e4fa"}, "message": "3440981cfdede23d9f6babedfd620f440c0d2acb32c662138c8f3dbd6c0cec40"}}, "description": "", "pubkey": "b91b39357f45f3cb9e6ab8055c9569b09adf769a84b16a8fb6f3483a78b3311451d435742fd1ae9f8d27e534c049c0f0", "path": "m/12381/3600/28/0/0", "uuid": "31a7743d-ad52-4ade-9f44-0ede8ed0674f", "version": 4}