{"crypto": {"kdf": {"function": "scrypt", "params": {"dklen": 32, "n": 262144, "r": 8, "p": 1, "salt": "bb6d8fc84f9599a3a4872853371faefce96d58fa26c28f372f910d14aa4b7800"}, "message": ""}, "checksum": {"function": "sha256", "params": {}, "message": "95ee0ae5b02da631f156741f6969e059e327cccca0348a8da712bebbfbe67122"}, "cipher": {"function": "aes-128-ctr", "params": {"iv": "de962807c12e9a8255bb50cd416124a3"}, "message": "20bb99cb140e3a069cd53d974faf824cab12548bc6240654f6e20fa4438c8503"}}, "description": "", "pubkey": "94ed3c4c15d23ce732756b6f0700cac49c34cdddbfd87b5feb728fdff1be9f29b52fe6a14f419c0ecd314b23b16a6df0", "path": "m/12381/3600/34/0/0", "uuid": "665c5c67-af78-4528-a0a0-1e781ed9f572", "version": 4}