{"crypto": {"kdf": {"function": "scrypt", "params": {"dklen": 32, "n": 262144, "r": 8, "p": 1, "salt": "96ad13c1d52764bed3881f9dfcdb8b68b2d2951c2dba9caead998cc9c498f59c"}, "message": ""}, "checksum": {"function": "sha256", "params": {}, "message": "5043da26a04d7ac3c9f6245ec14f9a8aa582d387d58adf4ae9a898e5dbd47b69"}, "cipher": {"function": "aes-128-ctr", "params": {"iv": "c1b7916db4ec26714816c5b2cd7e1a2e"}, "message": "0d83ec819f2fc24043ec6dc6ecc12d44ed91f680ec67b5f296c1a9dd42e9d104"}}, "description": "", "pubkey": "8735cc1bafa233f77c0aca39e6cd0bb598176890895e6f96c9880f4af64357fbfc697235cd8b3ab18646e7a5a4372dff", "path": "m/12381/3600/32/0/0", "uuid": "444a7fe7-38a8-4957-8e03-980ab4abe6b2", "version": 4}