{"crypto": {"kdf": {"function": "scrypt", "params": {"dklen": 32, "n": 262144, "r": 8, "p": 1, "salt": "96ad13c1d52764bed3881f9dfcdb8b68b2d2951c2dba9caead998cc9c498f59c"}, "message": ""}, "checksum": {"function": "sha256", "params": {}, "message": "4a70484756a98d5201bdcf083b3b7fb4d388e2688083f82fa3b2a2643ae60b4f"}, "cipher": {"function": "aes-128-ctr", "params": {"iv": "c1b7916db4ec26714816c5b2cd7e1a2e"}, "message": "4c0975e441f9b7879b1fd671c3f251107fc26283b5606a11438570779267ac27"}}, "description": "", "pubkey": "b8c9a1dc8afb2f2b6b74ebbfd218bea362a0d1b63d5e4d65a8417aaab865b03a9ef8e78493fdee01dbe32eb29cc3d4bf", "path": "m/12381/3600/1/0/0", "uuid": "74f0945e-f673-42c6-9a06-eda12072c949", "version": 4}