{"crypto": {"kdf": {"function": "scrypt", "params": {"dklen": 32, "n": 262144, "r": 8, "p": 1, "salt": "6f3b754c5f93135a22a584a74e4a701c0944c4d2670fe8f460a7c7daa3f0d6ee"}, "message": ""}, "checksum": {"function": "sha256", "params": {}, "message": "5931d3f91de87a65ab7596bfff3a9dd4c3537734d7080b87589d0eb0a8402405"}, "cipher": {"function": "aes-128-ctr", "params": {"iv": "c34976ee3e2cd320df71c93517d9e4fa"}, "message": "5aab7891ef10f53def2168b152708600a029aea546bff3d62c7fa84d9c2b52d2"}}, "description": "", "pubkey": "b420c567080a142d1a0f4d25bcfec6f448e2c760773f6c2cbbce091b4024c29b05c5000e2f6b0fbdaf1c3b6f9e3768a9", "path": "m/12381/3600/4/0/0", "uuid": "901f4d2b-df83-4ae2-a963-59b5edc1dd85", "version": 4}