{"crypto": {"kdf": {"function": "scrypt", "params": {"dklen": 32, "n": 262144, "r": 8, "p": 1, "salt": "96ad13c1d52764bed3881f9dfcdb8b68b2d2951c2dba9caead998cc9c498f59c"}, "message": ""}, "checksum": {"function": "sha256", "params": {}, "message": "ad29154dbd9d737ebb4fe214355091126d9e8ff63714bba50c17841c2f9d946b"}, "cipher": {"function": "aes-128-ctr", "params": {"iv": "c1b7916db4ec26714816c5b2cd7e1a2e"}, "message": "382cae25e760ab3ced0bed1d40b2b1336fefa18df5b2da6d666be6d2a3872ed9"}}, "description": "", "pubkey": "8a4be7b27b916a9d2d245b9fbba1340fd60afe95d7c9cb30b4cc20f9fd1f4c42ae2b13d33363e9b414966c1772591fd4", "path": "m/12381/3600/15/0/0", "uuid": "8ab0041e-d4e6-4353-adeb-1d94986ac9b9", "version": 4}