{"crypto": {"kdf": {"function": "scrypt", "params": {"dklen": 32, "n": 262144, "r": 8, "p": 1, "salt": "2111edbf0a1c6e6cc7216e2650c7ee3ab63a48af8a1332f52ba07d4c53382ab2"}, "message": ""}, "checksum": {"function": "sha256", "params": {}, "message": "ee5f292eeae7f67a07ed9f34292e7fd7370b6eb505617c7a63d51fe20620669e"}, "cipher": {"function": "aes-128-ctr", "params": {"iv": "22fcf9678d9d3451b7b70064c7aff1a4"}, "message": "6e072f65ed4b30fe1cc9af57fb8f9581e0435b287b8b0439a23ec2a8e174af2f"}}, "description": "", "pubkey": "867919bf2f3f1d12ea5dcbf5674ea29ea7ca5c77c27e1e8998ef3e8d963ee938447ab24c087953e1c6bfa5e7b130fda2", "path": "m/12381/3600/132/0/0", "uuid": "a5b1a43a-15ed-4ac9-990d-8c60b13d740b", "version": 4}