{"crypto": {"kdf": {"function": "scrypt", "params": {"dklen": 32, "n": 262144, "r": 8, "p": 1, "salt": "2111edbf0a1c6e6cc7216e2650c7ee3ab63a48af8a1332f52ba07d4c53382ab2"}, "message": ""}, "checksum": {"function": "sha256", "params": {}, "message": "ba0b14f2e0821aec702f1bae9ea61d3796a86ce1a4cb6e00c1d364ddc93f3f9f"}, "cipher": {"function": "aes-128-ctr", "params": {"iv": "22fcf9678d9d3451b7b70064c7aff1a4"}, "message": "689c413b34ac9c63626c9c3e28b48354cccfff29862e3e791e0b0afb18e6c7fd"}}, "description": "", "pubkey": "8c24706443822f3a09e889ed5768e0d0fe75f85c95f40c50dc332f1c3e34b7bc6fee435e0223478a0de3a038efa59730", "path": "m/12381/3600/94/0/0", "uuid": "36cc7f5a-d517-4b71-9c9f-e20d7e56288c", "version": 4}