{"crypto": {"kdf": {"function": "scrypt", "params": {"dklen": 32, "n": 262144, "r": 8, "p": 1, "salt": "9c0bafee5bf3ea485ea254ac38ea6b2d72a9f5273dac7d7fb24cd03e8fe1d05b"}, "message": ""}, "checksum": {"function": "sha256", "params": {}, "message": "7a02e3a28d22205017b51f7e63f25739d439a6f6712bcecf719e20fa19bf1dac"}, "cipher": {"function": "aes-128-ctr", "params": {"iv": "6e42231e041ec9ef9bb3a7fc1c5c4e7d"}, "message": "121b47ccb0899c74f8f758883947ba3de8c21c72b3eb4c3943d7635bc1af0b28"}}, "description": "", "pubkey": "82423dc2413bedc6b8fadc74f11ca0aa4213a2c32b656af9f0b79cbb1c26a91261fa964073308fe60e04fe6d23fc0d98", "path": "m/12381/3600/25/0/0", "uuid": "54fe3716-4a80-4c8d-9972-82b8c6d683cc", "version": 4}