{"crypto": {"kdf": {"function": "scrypt", "params": {"dklen": 32, "n": 262144, "r": 8, "p": 1, "salt": "d39fd9a6c95be5e511c03968bcadcbc6b8033955e19b5fdacca13d3ef09f0317"}, "message": ""}, "checksum": {"function": "sha256", "params": {}, "message": "8be979d0d16bf877d871eaa5e86eb0775a594e2a4abd9f371708ac1d70421503"}, "cipher": {"function": "aes-128-ctr", "params": {"iv": "c296383d27b10c2a1d73921267905105"}, "message": "b590c089fe9c168c6b55f2d1046dd5d20ce68bba736a75ca56a8317bcd9dc406"}}, "description": "", "pubkey": "b3d3becd370ff5f346c7f9b3122a77d5b020ac46c271678df31dbb491a0e1ec4074a052a88e9e0b0ae3cb64ef18e1945", "path": "m/12381/3600/40/0/0", "uuid": "7cb17c4d-93c8-457a-a1d2-108213c0fe90", "version": 4}