{"crypto": {"kdf": {"function": "scrypt", "params": {"dklen": 32, "n": 262144, "r": 8, "p": 1, "salt": "d39fd9a6c95be5e511c03968bcadcbc6b8033955e19b5fdacca13d3ef09f0317"}, "message": ""}, "checksum": {"function": "sha256", "params": {}, "message": "eae0f29d1a0d1ebed0342bdc9fdbddaf0de5c1658e33dd40238606494fc2981f"}, "cipher": {"function": "aes-128-ctr", "params": {"iv": "c296383d27b10c2a1d73921267905105"}, "message": "90dcf33e9f4834638af0099d99d51a6a9f4276723256daf3ab4e0c61e6da2d84"}}, "description": "", "pubkey": "8eacd00f25f6a1005664cacb87ed530eef7f4e45c62249a3b36096af99158e1628079029f08aea1fea76c1d626a3db13", "path": "m/12381/3600/19/0/0", "uuid": "030a818f-25bb-434a-8709-aa5e7ebc7339", "version": 4}