{"crypto": {"kdf": {"function": "scrypt", "params": {"dklen": 32, "n": 262144, "r": 8, "p": 1, "salt": "9c0bafee5bf3ea485ea254ac38ea6b2d72a9f5273dac7d7fb24cd03e8fe1d05b"}, "message": ""}, "checksum": {"function": "sha256", "params": {}, "message": "e8330221d2b9e27e22eb0d3a581d9287c4384fb1817491fe0d86a0e369778704"}, "cipher": {"function": "aes-128-ctr", "params": {"iv": "6e42231e041ec9ef9bb3a7fc1c5c4e7d"}, "message": "41ff75fcca18aea0e7b74bf81d781ebccdb45d7b7a8e8bef3dd0f99551b996d9"}}, "description": "", "pubkey": "a00114324f2cecb30b6b5604139aa93ccd26e0128bdfc7ba825aa904122e8475b621e8b0e9a5c0aa79b3720d87bf8667", "path": "m/12381/3600/46/0/0", "uuid": "75f89148-b55e-4a4c-afd9-76571de4048a", "version": 4}