{"crypto": {"kdf": {"function": "scrypt", "params": {"dklen": 32, "n": 262144, "r": 8, "p": 1, "salt": "9c0bafee5bf3ea485ea254ac38ea6b2d72a9f5273dac7d7fb24cd03e8fe1d05b"}, "message": ""}, "checksum": {"function": "sha256", "params": {}, "message": "f18230b53941d78df9e6856db355b0036f4c32628746487f5630058d3ea3f681"}, "cipher": {"function": "aes-128-ctr", "params": {"iv": "6e42231e041ec9ef9bb3a7fc1c5c4e7d"}, "message": "71f8caa09b9abbe669e7c6879fa37b7a8c3fdeca2fca88069a50a2ce27b5c8c3"}}, "description": "", "pubkey": "b508b9f0d03fb725d42cfb05d297f028fd218815ca801e6ad6a6e440539e8da8cc5d68afc5b67a051119340ac0c43d77", "path": "m/12381/3600/43/0/0", "uuid": "8218ba68-5bd2-4a94-8d25-9a83a0ebcdf7", "version": 4}