{"crypto": {"kdf": {"function": "scrypt", "params": {"dklen": 32, "n": 262144, "r": 8, "p": 1, "salt": "9c0bafee5bf3ea485ea254ac38ea6b2d72a9f5273dac7d7fb24cd03e8fe1d05b"}, "message": ""}, "checksum": {"function": "sha256", "params": {}, "message": "3281c2ff931560b088826a1ec5efefd00100b698e7d3387475154f8aafc03300"}, "cipher": {"function": "aes-128-ctr", "params": {"iv": "6e42231e041ec9ef9bb3a7fc1c5c4e7d"}, "message": "3e37b2772b0313d3ba57c1c5aa3e05aa11d20e57a7567c1560906c761f220dd1"}}, "description": "", "pubkey": "9721bad047880c1e480b182e5aa60ec429f292a949caf23f42a53e8c6389dcd47084b6f5a3f26949b6bdc5262e57554e", "path": "m/12381/3600/69/0/0", "uuid": "d1ad1c5d-a0be-4809-b58b-9a5db494999f", "version": 4}