{"crypto": {"kdf": {"function": "scrypt", "params": {"dklen": 32, "n": 262144, "r": 8, "p": 1, "salt": "e2a98651fa8ef0100876db56d6368102c34a4e9bb923adf3d5d5766ac80142fb"}, "message": ""}, "checksum": {"function": "sha256", "params": {}, "message": "24c041e5bf233f0d3f5a3c37e6727086c4e43ee08ec7ddf89736951d7fe8b175"}, "cipher": {"function": "aes-128-ctr", "params": {"iv": "f6db09be2c00208086f91c971ef150f9"}, "message": "b3c0093216e98ac433d678c1de2f8bbbb4362a95d715c327c3751bcfd6bda94c"}}, "description": "", "pubkey": "96dee4e20b817be5ce06064e9b3edbacb2eea0e89cbabf98824bbc4d44b68a0466542e38c055fccc6b3bd4e05529e27a", "path": "m/12381/3600/29/0/0", "uuid": "45fa40dd-8c28-4c0d-a81e-2cf8418fa4c4", "version": 4}