{"crypto": {"kdf": {"function": "scrypt", "params": {"dklen": 32, "n": 262144, "r": 8, "p": 1, "salt": "9c0bafee5bf3ea485ea254ac38ea6b2d72a9f5273dac7d7fb24cd03e8fe1d05b"}, "message": ""}, "checksum": {"function": "sha256", "params": {}, "message": "3dfdf9cd43cf4be6d073c3d06889c86c7d6e5e2022d509a9a11292bd15dddc7f"}, "cipher": {"function": "aes-128-ctr", "params": {"iv": "6e42231e041ec9ef9bb3a7fc1c5c4e7d"}, "message": "513a65618fe8244648d422ee9308036658f1cc4202fc8f5d4c7281a3f8d9fa47"}}, "description": "", "pubkey": "96dee4e20b817be5ce06064e9b3edbacb2eea0e89cbabf98824bbc4d44b68a0466542e38c055fccc6b3bd4e05529e27a", "path": "m/12381/3600/29/0/0", "uuid": "0a493472-26a1-43fe-8a41-bc729d5a0adc", "version": 4}