{"crypto": {"kdf": {"function": "scrypt", "params": {"dklen": 32, "n": 262144, "r": 8, "p": 1, "salt": "04560872b6ebd1f1aecabcecdb5ac6676214491a88cb452050cb03281d5c3ea8"}, "message": ""}, "checksum": {"function": "sha256", "params": {}, "message": "6435e575d8a745fde12175ca03d806c0847e9af83297f16cbd6bc6f4a78a5698"}, "cipher": {"function": "aes-128-ctr", "params": {"iv": "c7e037336cf8dd0d4ac025f04b5d3f53"}, "message": "4e221643d6cb19e37e69f212ec3a382e8cbdf388982b108c706e378a2b05f668"}}, "description": "", "pubkey": "a1db6770e22b8b91027b9dc2d1edcfd51ec5eb21d6bc2390c698d7d39ffd8aabbcbabf8261507c5d52172b9ae0c2ecd6", "path": "m/12381/3600/36/0/0", "uuid": "53012009-efa3-4fd3-b60d-33734b6fac0e", "version": 4}