{"crypto": {"kdf": {"function": "scrypt", "params": {"dklen": 32, "n": 262144, "r": 8, "p": 1, "salt": "2111edbf0a1c6e6cc7216e2650c7ee3ab63a48af8a1332f52ba07d4c53382ab2"}, "message": ""}, "checksum": {"function": "sha256", "params": {}, "message": "8ebfa0b9a5ac7c5e132c24f1d361412581d2c59a8c56599c2b3a1ee40b987123"}, "cipher": {"function": "aes-128-ctr", "params": {"iv": "22fcf9678d9d3451b7b70064c7aff1a4"}, "message": "217bc80cea1a4da0ed14be250f1fb41d218eea34ca88a53efd1abf1f82874cd6"}}, "description": "", "pubkey": "8b8d242767213c162850183fcb42fae279cbf2aaa21daabe8e203e813ece0ee7c8589363a32378d24d64b604af55a929", "path": "m/12381/3600/29/0/0", "uuid": "0c6d4859-edaa-44b0-a76e-38b1ab5423d3", "version": 4}