{"crypto": {"kdf": {"function": "scrypt", "params": {"dklen": 32, "n": 262144, "r": 8, "p": 1, "salt": "9c0bafee5bf3ea485ea254ac38ea6b2d72a9f5273dac7d7fb24cd03e8fe1d05b"}, "message": ""}, "checksum": {"function": "sha256", "params": {}, "message": "a8988a86392004420c0e6c1f0b63dcd63f8e885cc6d46a4854f75c20becac178"}, "cipher": {"function": "aes-128-ctr", "params": {"iv": "6e42231e041ec9ef9bb3a7fc1c5c4e7d"}, "message": "56f2d4a6b4d75b63434bdfab19473b9c881b452da88c72d64c0d3aa962a75d10"}}, "description": "", "pubkey": "b7abf9dd8a7a2e0701a8cb2d08eb25c621db584b5afb48ab22b485d9f97bc76388adacf001376f38852cf170436f1509", "path": "m/12381/3600/84/0/0", "uuid": "f7859fd7-717a-46be-a0a8-20275c9b23a8", "version": 4}