{"crypto": {"kdf": {"function": "scrypt", "params": {"dklen": 32, "n": 262144, "r": 8, "p": 1, "salt": "9c0bafee5bf3ea485ea254ac38ea6b2d72a9f5273dac7d7fb24cd03e8fe1d05b"}, "message": ""}, "checksum": {"function": "sha256", "params": {}, "message": "99e1e6dfe49c91b50b88fb7986763649ee778a333a75583881b60a1bf910ac80"}, "cipher": {"function": "aes-128-ctr", "params": {"iv": "6e42231e041ec9ef9bb3a7fc1c5c4e7d"}, "message": "351515201972e4a094a0e453bf7eddaff417e71db453795f401c35e6b6ff792c"}}, "description": "", "pubkey": "b8aab5ee29ea36019d77c2576ebb1827a2d079b7c203be023e1de4078aabd1b80b4859836abb91fcffb96b3bbf817018", "path": "m/12381/3600/17/0/0", "uuid": "d7408421-c967-4619-8fc8-7f4280d0bccd", "version": 4}