{"crypto": {"kdf": {"function": "scrypt", "params": {"dklen": 32, "n": 262144, "r": 8, "p": 1, "salt": "85e6d813be8aff30fe4d6ff9a8c66701462bea0ace48ae9119c5ce37bf3cbee6"}, "message": ""}, "checksum": {"function": "sha256", "params": {}, "message": "357286f95e0492e6ae8eff894ce95ea3c9474d0dc04d2e41e5a43bafcd3516d6"}, "cipher": {"function": "aes-128-ctr", "params": {"iv": "cf239913a84dab91df8c5ac88e26e888"}, "message": "5b26fa3b526da255cdeefbb4642cd3c150ffa3c2ef7f13eabcea223a95f2ac09"}}, "description": "", "pubkey": "a6ea3274da99f73f5dd22b477d598d547675d3a9890bb2b28be467555664a5127a4150b7da1ebb05abca1f6335fb3a58", "path": "m/12381/3600/5/0/0", "uuid": "ae29518b-f315-40f6-afab-51cb693485fc", "version": 4}