{"crypto": {"kdf": {"function": "scrypt", "params": {"dklen": 32, "n": 262144, "r": 8, "p": 1, "salt": "9c0bafee5bf3ea485ea254ac38ea6b2d72a9f5273dac7d7fb24cd03e8fe1d05b"}, "message": ""}, "checksum": {"function": "sha256", "params": {}, "message": "0e8d68d234d66c13660c637a4db644e97f4e6f66e781177f1f31afdce8e131c4"}, "cipher": {"function": "aes-128-ctr", "params": {"iv": "6e42231e041ec9ef9bb3a7fc1c5c4e7d"}, "message": "7cf9af3993dabe9460d0d167814ce7bdab32751cad376c43d60249d62c3007bf"}}, "description": "", "pubkey": "8d52c4f31c202da3b290c9b0d51d9029892b4bcbc810983fbc2b4fd1a2458be7dafa5828b9d996510eee5c38748fd590", "path": "m/12381/3600/44/0/0", "uuid": "f49b4ead-f4cf-4aa4-8493-872639f7db72", "version": 4}