{"crypto": {"kdf": {"function": "scrypt", "params": {"dklen": 32, "n": 262144, "r": 8, "p": 1, "salt": "b67c6cf05ca7f9389516041107d7564803a44ff10aa686ba0b3b99e3ed183258"}, "message": ""}, "checksum": {"function": "sha256", "params": {}, "message": "9e1c46ed30b6ae7ae2efbabb89f0e6051af5bf3c6158685cfb2be2645bac6064"}, "cipher": {"function": "aes-128-ctr", "params": {"iv": "5c688661df07ac2266693f4b91ac208d"}, "message": "2e0ba8d19f6e449d83ce7a261e32b51ffb9b9f7504922d348b695a988bfa3500"}}, "description": "", "pubkey": "a3ab78157bbc6bac4acc389fdc95a021e2fd2bea57e22e7e9a01c1c0b19799c4382befd23a4d62e57563b9899e9cf860", "path": "m/12381/3600/47/0/0", "uuid": "cfd5758c-49f8-4e65-957e-5cf0a7995bd0", "version": 4}