{"crypto": {"kdf": {"function": "scrypt", "params": {"dklen": 32, "n": 262144, "r": 8, "p": 1, "salt": "e2a98651fa8ef0100876db56d6368102c34a4e9bb923adf3d5d5766ac80142fb"}, "message": ""}, "checksum": {"function": "sha256", "params": {}, "message": "a3b49dc813bbad757a7b443103577ff8bd29734cc8188da17f66ade4ada1d426"}, "cipher": {"function": "aes-128-ctr", "params": {"iv": "f6db09be2c00208086f91c971ef150f9"}, "message": "f0d1bbfddde4c7da7bb8da69e45337c1b914512ad65f16fd929a5e91f12e68dd"}}, "description": "", "pubkey": "86b6fd9c13003774389d595d8272adbcde2e092b01d16628dc9262973b1e3174b7ef8ffdfe539131adb00b3c36739018", "path": "m/12381/3600/99/0/0", "uuid": "66c1362a-054b-4459-81ec-e1a65fdc2c1d", "version": 4}