{"crypto": {"kdf": {"function": "scrypt", "params": {"dklen": 32, "n": 262144, "r": 8, "p": 1, "salt": "9c0bafee5bf3ea485ea254ac38ea6b2d72a9f5273dac7d7fb24cd03e8fe1d05b"}, "message": ""}, "checksum": {"function": "sha256", "params": {}, "message": "11bc97fe93194c95bde51a13c120a5082f76b002dd7569edaeaf49117e8dc501"}, "cipher": {"function": "aes-128-ctr", "params": {"iv": "6e42231e041ec9ef9bb3a7fc1c5c4e7d"}, "message": "122bd7ae44e5695800ba8046a974bf1c55d3b7fd03b65a871d9dc4fddf4a3bd6"}}, "description": "", "pubkey": "86b6fd9c13003774389d595d8272adbcde2e092b01d16628dc9262973b1e3174b7ef8ffdfe539131adb00b3c36739018", "path": "m/12381/3600/99/0/0", "uuid": "b21f22ad-fa42-44b0-badb-81d136332696", "version": 4}