{"crypto": {"kdf": {"function": "scrypt", "params": {"dklen": 32, "n": 262144, "r": 8, "p": 1, "salt": "9c0bafee5bf3ea485ea254ac38ea6b2d72a9f5273dac7d7fb24cd03e8fe1d05b"}, "message": ""}, "checksum": {"function": "sha256", "params": {}, "message": "75e6b9aedfdd2d44733c82c01c88c6f510a833d68cf7d954c9b85f7892a58620"}, "cipher": {"function": "aes-128-ctr", "params": {"iv": "6e42231e041ec9ef9bb3a7fc1c5c4e7d"}, "message": "4494afe9311289b6054906a087b42553cba73ccf6929cc2897636f2dc92f9e6c"}}, "description": "", "pubkey": "8ea480a5b8412e138e3d3b90b353bb5a7b31f3499ee912e30be5720a1b2bb585fb861a80c0f7e60b80a686757820c9bb", "path": "m/12381/3600/37/0/0", "uuid": "5a953f9e-ab08-497d-8bdf-ba9597ec1fd7", "version": 4}