{"crypto": {"kdf": {"function": "scrypt", "params": {"dklen": 32, "n": 262144, "r": 8, "p": 1, "salt": "2111edbf0a1c6e6cc7216e2650c7ee3ab63a48af8a1332f52ba07d4c53382ab2"}, "message": ""}, "checksum": {"function": "sha256", "params": {}, "message": "7b3ce017ac4a1e5a6139fb4733d8a74812b6d52d05b44e141fc5f6b4e29e9423"}, "cipher": {"function": "aes-128-ctr", "params": {"iv": "22fcf9678d9d3451b7b70064c7aff1a4"}, "message": "21f13e7c60760f072ba483950ba5bcd770ad8e3182c1c2e23ce92c890acdf57e"}}, "description": "", "pubkey": "93b44549de79849f699423beaa7a66c29ba228c1ee3ef37dfbbc3f4d8937e4ef66490c7d8645ef951ffbd2baa7fcdbda", "path": "m/12381/3600/97/0/0", "uuid": "dce37226-2604-474d-910e-ebdbf5a9d7c2", "version": 4}