{"crypto": {"kdf": {"function": "scrypt", "params": {"dklen": 32, "n": 262144, "r": 8, "p": 1, "salt": "9c0bafee5bf3ea485ea254ac38ea6b2d72a9f5273dac7d7fb24cd03e8fe1d05b"}, "message": ""}, "checksum": {"function": "sha256", "params": {}, "message": "48a2c95b977c77b2357d4a582bcf3595e85f1a5b51f278ffa05db584e5280968"}, "cipher": {"function": "aes-128-ctr", "params": {"iv": "6e42231e041ec9ef9bb3a7fc1c5c4e7d"}, "message": "31a3828b67b23b3d484b3f9427f1693f076b32fcf092758c54afa3eb6469ac7c"}}, "description": "", "pubkey": "8dc0311a34ef09ff431f3178aa8d7c1b1b50157d655c4798f5a3656cd5959a8dc8efa6d12aaa23cd5770c1cd25d55e8d", "path": "m/12381/3600/54/0/0", "uuid": "27b80a8c-d3ae-4408-a7c7-23ec8090aebe", "version": 4}