{"crypto": {"kdf": {"function": "scrypt", "params": {"dklen": 32, "n": 262144, "r": 8, "p": 1, "salt": "e2a98651fa8ef0100876db56d6368102c34a4e9bb923adf3d5d5766ac80142fb"}, "message": ""}, "checksum": {"function": "sha256", "params": {}, "message": "c8c8adf6f9accca58c9543c7a40ec90ad6533be7de3e8484948a265c61b3d037"}, "cipher": {"function": "aes-128-ctr", "params": {"iv": "f6db09be2c00208086f91c971ef150f9"}, "message": "d359eed8feb395bf334965bb6ad6e1e2ebacd42b257b39f6dba839874a0dff77"}}, "description": "", "pubkey": "8dc0311a34ef09ff431f3178aa8d7c1b1b50157d655c4798f5a3656cd5959a8dc8efa6d12aaa23cd5770c1cd25d55e8d", "path": "m/12381/3600/54/0/0", "uuid": "719a6ca3-d15a-4fe2-96f2-d07c63de904e", "version": 4}