{"crypto": {"kdf": {"function": "scrypt", "params": {"dklen": 32, "n": 262144, "r": 8, "p": 1, "salt": "9c0bafee5bf3ea485ea254ac38ea6b2d72a9f5273dac7d7fb24cd03e8fe1d05b"}, "message": ""}, "checksum": {"function": "sha256", "params": {}, "message": "709dcc6afb09cb151cdeacfeb01444c08ea8170fd008d16bbd16a54176387d50"}, "cipher": {"function": "aes-128-ctr", "params": {"iv": "6e42231e041ec9ef9bb3a7fc1c5c4e7d"}, "message": "184a52f9834d8d44e3846ef66cdc6e171e48938091823ace4ea2681ff704df34"}}, "description": "", "pubkey": "8949e30fd726e6533335fbfb1db638e329b3397f69b90d0a10b614cc6b328fc53ca950d57cd4bfffb32756849ee03820", "path": "m/12381/3600/76/0/0", "uuid": "d49fc2b9-683c-47aa-a70b-8c24e9d466b4", "version": 4}