{"crypto": {"kdf": {"function": "scrypt", "params": {"dklen": 32, "n": 262144, "r": 8, "p": 1, "salt": "9c0bafee5bf3ea485ea254ac38ea6b2d72a9f5273dac7d7fb24cd03e8fe1d05b"}, "message": ""}, "checksum": {"function": "sha256", "params": {}, "message": "9ef90bebff9b9bb43b0848b52202ce8a29c133b3f8dbf792e695b24bb2432a2e"}, "cipher": {"function": "aes-128-ctr", "params": {"iv": "6e42231e041ec9ef9bb3a7fc1c5c4e7d"}, "message": "5c5bbf7d3636ede2e41c62158d38f3fceaa23653df6ceac0663390c625fe8eac"}}, "description": "", "pubkey": "b507ee7a6b0e80c65c0530a93fa0637bc59d66262535a31305ee0039fb476b3da88b76e767a4616e4678776b11985b14", "path": "m/12381/3600/94/0/0", "uuid": "cfb5b47d-72f2-44d8-b70d-5d4a5e48c763", "version": 4}