{"crypto": {"kdf": {"function": "scrypt", "params": {"dklen": 32, "n": 262144, "r": 8, "p": 1, "salt": "4bee655d62c5d15eedc90bb66b72aeb53b15e8968a90aef89dc5f9686a4c9d29"}, "message": ""}, "checksum": {"function": "sha256", "params": {}, "message": "b6bb270eb9d22e316fcc744e8ea7bbb9729ea6d94dc0228ca5fa1ecacfa5e355"}, "cipher": {"function": "aes-128-ctr", "params": {"iv": "81663187a69bb066697602b2e85017d1"}, "message": "021026246a96b92a8a2e71e8e32c8acb55d1c1ed763ea4c84dce18bda5485f30"}}, "description": "", "pubkey": "918139cee5ac0ef76c60188c5c205f7bbb85e3ec2a0d444ae1d2e00fb3b8a9d92d50f19ffad47d011659fad0c1d44b46", "path": "m/12381/3600/0/0/0", "uuid": "e3bf0635-6267-472c-bd26-ab96938042df", "version": 4}