{"crypto": {"kdf": {"function": "scrypt", "params": {"dklen": 32, "n": 262144, "r": 8, "p": 1, "salt": "e92bf5fbee0907b19a3b56b81e6e117c3010b6abb1403c6c7a50443344a37fb3"}, "message": ""}, "checksum": {"function": "sha256", "params": {}, "message": "bf03ad43140ddf20bcf22acabf1133fcc778bacb941e378aaa69aee21c69aed2"}, "cipher": {"function": "aes-128-ctr", "params": {"iv": "7c679ae9f83013c5afcfcc80a8639cf8"}, "message": "1c8041da6388d6725556229283eaea91114624e000062d3dbb65a6ba454c1533"}}, "description": "", "pubkey": "b9113abacbc1f255368b1df65e04afe0e4d76513c35e37160d5428f3ce571ea010fb01f91f3cb6b440dd3f40fbe075d3", "path": "m/12381/3600/25/0/0", "uuid": "ba390fb3-68f1-4374-8b34-2ca71925687a", "version": 4}