{"crypto": {"kdf": {"function": "scrypt", "params": {"dklen": 32, "n": 262144, "r": 8, "p": 1, "salt": "e92bf5fbee0907b19a3b56b81e6e117c3010b6abb1403c6c7a50443344a37fb3"}, "message": ""}, "checksum": {"function": "sha256", "params": {}, "message": "a3006693ca96e4536290dfd84a9f1c31a607a72fd8f5e837d0e260bf7dfedf79"}, "cipher": {"function": "aes-128-ctr", "params": {"iv": "7c679ae9f83013c5afcfcc80a8639cf8"}, "message": "65c7adf0e7795a03ecc9eff497c70aecf1ae58f6ef8ab111bbdd18f03b98127d"}}, "description": "", "pubkey": "a5e28ec99e591c17697a41686bc59d0036d2eb39f519ceb56de2ffa4dd634d04093d3df01db8c56aa2e0896a3d2579fa", "path": "m/12381/3600/30/0/0", "uuid": "3b8cd0b1-7f44-4278-9d49-1146ccf1a037", "version": 4}