{"crypto": {"kdf": {"function": "scrypt", "params": {"dklen": 32, "n": 262144, "r": 8, "p": 1, "salt": "e92bf5fbee0907b19a3b56b81e6e117c3010b6abb1403c6c7a50443344a37fb3"}, "message": ""}, "checksum": {"function": "sha256", "params": {}, "message": "b862056a1218c2fb97eca1ca780cf1c7b913d3dbddc1f58fd7b671863504d31b"}, "cipher": {"function": "aes-128-ctr", "params": {"iv": "7c679ae9f83013c5afcfcc80a8639cf8"}, "message": "20337e8bc1517cd6ffe76c7ba5e5c185803f50c1a0022d1954fd1de87010027d"}}, "description": "", "pubkey": "91c2e6cc9cc54c3bfda2de07374dc6ddef204da110c74f092d1626b52148f0f4d83bd99f685c53366457847108cdd3bb", "path": "m/12381/3600/27/0/0", "uuid": "0892088e-2abd-4abd-a8d7-1685ae4812c6", "version": 4}