{"crypto": {"kdf": {"function": "scrypt", "params": {"dklen": 32, "n": 262144, "r": 8, "p": 1, "salt": "e92bf5fbee0907b19a3b56b81e6e117c3010b6abb1403c6c7a50443344a37fb3"}, "message": ""}, "checksum": {"function": "sha256", "params": {}, "message": "e678dc6de7fd62163c69195390e13b4977f404af3315fecdafd93e45abacaefd"}, "cipher": {"function": "aes-128-ctr", "params": {"iv": "7c679ae9f83013c5afcfcc80a8639cf8"}, "message": "2a4f8b2b90e910f2ff9f863ecf5cad6037800708fb6bc052f705c54d1cf05e6c"}}, "description": "", "pubkey": "a0096f250801b5911ce4ecf7eb35d380f6ab6b62b243954ed72a47d715e82c49e2d8fdb1eca62ebf3ce6a03759b64600", "path": "m/12381/3600/48/0/0", "uuid": "f8d3c9a7-5b28-4f35-a5d7-3567013708ee", "version": 4}