{"crypto": {"kdf": {"function": "scrypt", "params": {"dklen": 32, "n": 262144, "r": 8, "p": 1, "salt": "e92bf5fbee0907b19a3b56b81e6e117c3010b6abb1403c6c7a50443344a37fb3"}, "message": ""}, "checksum": {"function": "sha256", "params": {}, "message": "f80e13b70e736f4670edbeef71cdc62f2444f95bb67fd769ba6e76ba8ccce44f"}, "cipher": {"function": "aes-128-ctr", "params": {"iv": "7c679ae9f83013c5afcfcc80a8639cf8"}, "message": "53e417b2aa8159c15e234c41090a1906d516198aa8d58c6991efe8e9c2f19d3a"}}, "description": "", "pubkey": "a773f3f18299f45c4c591b090c0fced7b6db92f70a296f972f6d2e4aa436a3d3eebf1f33741b5b817ce13cf6052a87b5", "path": "m/12381/3600/34/0/0", "uuid": "a48a293b-4d54-4c63-8598-022b174b2ef2", "version": 4}