{"crypto": {"kdf": {"function": "scrypt", "params": {"dklen": 32, "n": 262144, "r": 8, "p": 1, "salt": "4bee655d62c5d15eedc90bb66b72aeb53b15e8968a90aef89dc5f9686a4c9d29"}, "message": ""}, "checksum": {"function": "sha256", "params": {}, "message": "16bbfea313b2aacdcf748c56a546c213d6c9a804e34cd314ff6ab2afb0812bee"}, "cipher": {"function": "aes-128-ctr", "params": {"iv": "81663187a69bb066697602b2e85017d1"}, "message": "0baae68c82331b9d930e7c107fd2847e9b628ba8c3ead39ad1425eb505a67eb5"}}, "description": "", "pubkey": "b1b22a21772d471fcba8a94d56d2620e7479c179708ceb6e21ce3361ffb93c913050baab45b9c436f4e96af40e6a8181", "path": "m/12381/3600/28/0/0", "uuid": "835c5d8e-4235-4542-9627-a39b9c41b1e7", "version": 4}