{"crypto": {"kdf": {"function": "scrypt", "params": {"dklen": 32, "n": 262144, "r": 8, "p": 1, "salt": "c961e44396aac01666b84148433bdb12dafb450269cacc7f9a8c428e5f713676"}, "message": ""}, "checksum": {"function": "sha256", "params": {}, "message": "c4a3facdf25882e97385b633cd5404bb8ff478f716276493ac3577dfba3c3ce6"}, "cipher": {"function": "aes-128-ctr", "params": {"iv": "5a82dee0583a6237bd62875079f160f6"}, "message": "1ee7c77f1d49a87faacc44eb25a5d81841b1fdb23adcc878d489dd09f197ccdd"}}, "description": "", "pubkey": "93fc5ae1a40d1f3aeb3ca7edb4308d14c22c70f5a6d7495743a639385e40ec7fe966dd08ee2ee46491fe027188eb55d9", "path": "m/12381/3600/11/0/0", "uuid": "4fb71516-253f-4a90-b6b7-a761f1b7b03c", "version": 4}