{"crypto": {"kdf": {"function": "scrypt", "params": {"dklen": 32, "n": 262144, "r": 8, "p": 1, "salt": "4bee655d62c5d15eedc90bb66b72aeb53b15e8968a90aef89dc5f9686a4c9d29"}, "message": ""}, "checksum": {"function": "sha256", "params": {}, "message": "c1c36d165b017b86c12df0892e3c8635e777a83f8007c66e6465e532ea0fe369"}, "cipher": {"function": "aes-128-ctr", "params": {"iv": "81663187a69bb066697602b2e85017d1"}, "message": "356d3a456cc640d48227f48319b074e95f748158acf4baaa0ebbed45bcae8095"}}, "description": "", "pubkey": "b69c6ba3b2045da55a08ece8b96d85ce624afe3067806a0b06a3b6da838fe4aab78a09a9d4eb2e69530ab0b0edbf06c4", "path": "m/12381/3600/31/0/0", "uuid": "99b39e6c-dfcf-456a-a5be-ab81007ffbbe", "version": 4}