{"crypto": {"kdf": {"function": "scrypt", "params": {"dklen": 32, "n": 262144, "r": 8, "p": 1, "salt": "4bee655d62c5d15eedc90bb66b72aeb53b15e8968a90aef89dc5f9686a4c9d29"}, "message": ""}, "checksum": {"function": "sha256", "params": {}, "message": "df5ce037c10a42ff6f908664fee651d4db3cfa21b2952f1ac120ad05f07bbdda"}, "cipher": {"function": "aes-128-ctr", "params": {"iv": "81663187a69bb066697602b2e85017d1"}, "message": "17d8f1acf09c5562d5e19002f46c53766ff0177ed5544cef616352bbfa602c6a"}}, "description": "", "pubkey": "8474b236633e2e80055b5c24cce998f0ca0c1f252ed3b17bb2348eabe53e3486402e8f6d4be0a8cfd51dfbc8c06b6920", "path": "m/12381/3600/5/0/0", "uuid": "c12aee8a-1385-4102-9c21-485385f0239f", "version": 4}