{"crypto": {"kdf": {"function": "scrypt", "params": {"dklen": 32, "n": 262144, "r": 8, "p": 1, "salt": "e92bf5fbee0907b19a3b56b81e6e117c3010b6abb1403c6c7a50443344a37fb3"}, "message": ""}, "checksum": {"function": "sha256", "params": {}, "message": "e57669ae4dacca67ef49f36df8e1c8dc654eff628d9348334ab794976f28494c"}, "cipher": {"function": "aes-128-ctr", "params": {"iv": "7c679ae9f83013c5afcfcc80a8639cf8"}, "message": "39c54c3537650c17031f0c459a9bd473a48a45ed35977f2b489b4bba1506c696"}}, "description": "", "pubkey": "b66a556291effd6e8730b46dcbcfa792f5c66b25358fab91bcf29a1be40fa9d8da72d27e364c1a59341b3ee1c5e897f1", "path": "m/12381/3600/33/0/0", "uuid": "21315599-fdee-4f3a-8d18-b1bd9df9a797", "version": 4}