{"crypto": {"kdf": {"function": "scrypt", "params": {"dklen": 32, "n": 262144, "r": 8, "p": 1, "salt": "34ed39997d841c9f92ab3d29e079e05d80d30781acf3a133f836e67e5a3a28b1"}, "message": ""}, "checksum": {"function": "sha256", "params": {}, "message": "5e17e4ca4b30f635e4a157548e927d628a0af56b31a709b02b4557bcc03dd655"}, "cipher": {"function": "aes-128-ctr", "params": {"iv": "4ce19887a8e2bf065d6f7d40dfe22ab2"}, "message": "65d01617e526c2f66aefca691a5a83ea9840a46609ab022a00f65f23c5a5861a"}}, "description": "", "pubkey": "b9113abacbc1f255368b1df65e04afe0e4d76513c35e37160d5428f3ce571ea010fb01f91f3cb6b440dd3f40fbe075d3", "path": "m/12381/3600/25/0/0", "uuid": "9c1fbc50-60ca-45f3-b6dc-3059cb57a5ce", "version": 4}