{"crypto": {"kdf": {"function": "scrypt", "params": {"dklen": 32, "n": 262144, "r": 8, "p": 1, "salt": "34ed39997d841c9f92ab3d29e079e05d80d30781acf3a133f836e67e5a3a28b1"}, "message": ""}, "checksum": {"function": "sha256", "params": {}, "message": "d2212cb028446d7450f1ad475625f406dea682f6d6a6d849b7aa00f1a2ca11ba"}, "cipher": {"function": "aes-128-ctr", "params": {"iv": "4ce19887a8e2bf065d6f7d40dfe22ab2"}, "message": "18abb70bddf9b4c31e4c3aab165bbd993942a7fff1e7d52c9246af7987df7e02"}}, "description": "", "pubkey": "a7402948fb165d67066a890377a20953fdd725f2cff8268bc52ccb755fd64e19e47a14959e929fff14e3a29efb2be9fb", "path": "m/12381/3600/42/0/0", "uuid": "14c034d3-f723-4e81-901e-7238253cb8bd", "version": 4}