{"crypto": {"kdf": {"function": "scrypt", "params": {"dklen": 32, "n": 262144, "r": 8, "p": 1, "salt": "4bee655d62c5d15eedc90bb66b72aeb53b15e8968a90aef89dc5f9686a4c9d29"}, "message": ""}, "checksum": {"function": "sha256", "params": {}, "message": "e90e1feedee59decb0c8739c2fcef43861f60a7cb2b02079af5979ee158f3d7a"}, "cipher": {"function": "aes-128-ctr", "params": {"iv": "81663187a69bb066697602b2e85017d1"}, "message": "71312b56d93cc7beca05c2dfc4070ff0c2d2c1e354714277f0a3698caaa7f46b"}}, "description": "", "pubkey": "b23eef27c2c632686544890d609c15f8aebbdf2fc30151583c9efce795c4d70b292187c125eb62d76e22343ae2568a89", "path": "m/12381/3600/44/0/0", "uuid": "d0f128ae-6c9b-406e-8ed2-9321ce5c9a83", "version": 4}