{"crypto": {"kdf": {"function": "scrypt", "params": {"dklen": 32, "n": 262144, "r": 8, "p": 1, "salt": "34ed39997d841c9f92ab3d29e079e05d80d30781acf3a133f836e67e5a3a28b1"}, "message": ""}, "checksum": {"function": "sha256", "params": {}, "message": "ef374eb262a2966ce2bc937d3acbb2bd7e4748707f35fcbe5820ba4e051c7bdd"}, "cipher": {"function": "aes-128-ctr", "params": {"iv": "4ce19887a8e2bf065d6f7d40dfe22ab2"}, "message": "40951bf8b1cb18933ca6e4be032bbd082d8cc56b3c3a503cf308b22395ef55bf"}}, "description": "", "pubkey": "b66a556291effd6e8730b46dcbcfa792f5c66b25358fab91bcf29a1be40fa9d8da72d27e364c1a59341b3ee1c5e897f1", "path": "m/12381/3600/33/0/0", "uuid": "20a79841-0efe-49d1-82f5-22ace8f677d6", "version": 4}