{"crypto": {"kdf": {"function": "scrypt", "params": {"dklen": 32, "n": 262144, "r": 8, "p": 1, "salt": "e92bf5fbee0907b19a3b56b81e6e117c3010b6abb1403c6c7a50443344a37fb3"}, "message": ""}, "checksum": {"function": "sha256", "params": {}, "message": "0fc53ccb32660aecb3d57490e7a4240c0ab8b4d7dee14a5cbb944ca9b5c61513"}, "cipher": {"function": "aes-128-ctr", "params": {"iv": "7c679ae9f83013c5afcfcc80a8639cf8"}, "message": "5b54b1d8e6102cd3ed1f8ee65ccbaf3fa60b66dd1e481bd360dee559359a5c28"}}, "description": "", "pubkey": "aaa2077ee84a1d6666fbdbd9f5866e045da3fe6dc72c526e3e76354639b19ff5bedfcffa6f504f183964583f1f2138ab", "path": "m/12381/3600/23/0/0", "uuid": "0dbf7934-2a64-4157-8619-927e297ecebf", "version": 4}