{"crypto": {"kdf": {"function": "scrypt", "params": {"dklen": 32, "n": 262144, "r": 8, "p": 1, "salt": "34ed39997d841c9f92ab3d29e079e05d80d30781acf3a133f836e67e5a3a28b1"}, "message": ""}, "checksum": {"function": "sha256", "params": {}, "message": "499d5dbe52141eca09f858c2a03608e2679277fc3b70f04135ef6c6b98a0d013"}, "cipher": {"function": "aes-128-ctr", "params": {"iv": "4ce19887a8e2bf065d6f7d40dfe22ab2"}, "message": "5e585cda4009ebfbb53af818f27c1c8b1a44dc44bcfaf332f28341bac1de8ca6"}}, "description": "", "pubkey": "a4a75d2521015cf3a751d4cd6d2e4a5b85c7d56917d1612ce99119d9151f6d48b119965a8900a26eee9d9bad562c41b5", "path": "m/12381/3600/7/0/0", "uuid": "7d4b278d-b47d-4c2c-a030-1495caaef222", "version": 4}