{"crypto": {"kdf": {"function": "scrypt", "params": {"dklen": 32, "n": 262144, "r": 8, "p": 1, "salt": "c961e44396aac01666b84148433bdb12dafb450269cacc7f9a8c428e5f713676"}, "message": ""}, "checksum": {"function": "sha256", "params": {}, "message": "27276b715f4fa6b5d2efbd37d259e16a2822fdca730de0f862cbb246ef0ecfd0"}, "cipher": {"function": "aes-128-ctr", "params": {"iv": "5a82dee0583a6237bd62875079f160f6"}, "message": "61cdbec7d49ff69a453320719623ae1402ebb70bb8e309b6259ec72d03c1c41a"}}, "description": "", "pubkey": "b9113abacbc1f255368b1df65e04afe0e4d76513c35e37160d5428f3ce571ea010fb01f91f3cb6b440dd3f40fbe075d3", "path": "m/12381/3600/25/0/0", "uuid": "3cc7cb38-4c6e-425c-8e0a-66abbc5150ef", "version": 4}