{"crypto": {"kdf": {"function": "scrypt", "params": {"dklen": 32, "n": 262144, "r": 8, "p": 1, "salt": "4bee655d62c5d15eedc90bb66b72aeb53b15e8968a90aef89dc5f9686a4c9d29"}, "message": ""}, "checksum": {"function": "sha256", "params": {}, "message": "a8f93a764c0de1fba4921d0927861a11e95820e267e185854fca37916a9e01e3"}, "cipher": {"function": "aes-128-ctr", "params": {"iv": "81663187a69bb066697602b2e85017d1"}, "message": "06f1445eb062c17d9bc6b74b49c8f3f93530ba541ed11ca3e79bb75b6a65ff00"}}, "description": "", "pubkey": "ac1744bdaeb169a15e61fefc5ef9d0163cdd29bbdc8ab6255bf996ff3abacda5c8397ffc322efafa5fdbbc8a5b234810", "path": "m/12381/3600/41/0/0", "uuid": "e92fcfc7-64ba-4ace-bde4-cd0af8d0e9fb", "version": 4}