{"crypto": {"kdf": {"function": "scrypt", "params": {"dklen": 32, "n": 262144, "r": 8, "p": 1, "salt": "34ed39997d841c9f92ab3d29e079e05d80d30781acf3a133f836e67e5a3a28b1"}, "message": ""}, "checksum": {"function": "sha256", "params": {}, "message": "dbfbb3fb0036d56de891ccccede089c17444680ee01cb3377dab6edf6cba6a78"}, "cipher": {"function": "aes-128-ctr", "params": {"iv": "4ce19887a8e2bf065d6f7d40dfe22ab2"}, "message": "5e94684fbee08a61322e96d85e4cdb456433e1d39e5c1d6e64d65b89d2fb6580"}}, "description": "", "pubkey": "a3436676602c8de1f109c3381958b86d851f98d7fda0b484e85226a3d2850e8071148137454bb3f9682ca7494cdfefd4", "path": "m/12381/3600/17/0/0", "uuid": "ce6e41dc-bcf1-4a0f-aedf-09228d6e1b98", "version": 4}