{"crypto": {"kdf": {"function": "scrypt", "params": {"dklen": 32, "n": 262144, "r": 8, "p": 1, "salt": "4bee655d62c5d15eedc90bb66b72aeb53b15e8968a90aef89dc5f9686a4c9d29"}, "message": ""}, "checksum": {"function": "sha256", "params": {}, "message": "5b88616204398a634c5e6e127da5d64f0a459c156cb35c29e2173a3411e0aef0"}, "cipher": {"function": "aes-128-ctr", "params": {"iv": "81663187a69bb066697602b2e85017d1"}, "message": "04cb8c0a0cf2cb75c1f40b140946685a50e152c4cda0bbf23b5f049efc0c4778"}}, "description": "", "pubkey": "81f6bfdcd28ecf8439da2677dfd113c72c7bbd540bf7f179ba90ab84307f8256c399963c1c98ce345e708fb50adb22ac", "path": "m/12381/3600/14/0/0", "uuid": "06dc074d-96bd-433b-87b4-c1bab24e9ae9", "version": 4}