{"crypto": {"kdf": {"function": "scrypt", "params": {"dklen": 32, "n": 262144, "r": 8, "p": 1, "salt": "e92bf5fbee0907b19a3b56b81e6e117c3010b6abb1403c6c7a50443344a37fb3"}, "message": ""}, "checksum": {"function": "sha256", "params": {}, "message": "5f99fc29bd25dc08ad0c5c078897ecfb533db714b0d774926c5c3156b2a4ef29"}, "cipher": {"function": "aes-128-ctr", "params": {"iv": "7c679ae9f83013c5afcfcc80a8639cf8"}, "message": "32fd11fffe55369b8bf90a0c5d9defc252ad8a7dc5ebef77adfa21944788c9de"}}, "description": "", "pubkey": "b1b22a21772d471fcba8a94d56d2620e7479c179708ceb6e21ce3361ffb93c913050baab45b9c436f4e96af40e6a8181", "path": "m/12381/3600/28/0/0", "uuid": "5e33a19a-02d7-426c-9cae-739ba59f2d57", "version": 4}