{"crypto": {"kdf": {"function": "scrypt", "params": {"dklen": 32, "n": 262144, "r": 8, "p": 1, "salt": "4bee655d62c5d15eedc90bb66b72aeb53b15e8968a90aef89dc5f9686a4c9d29"}, "message": ""}, "checksum": {"function": "sha256", "params": {}, "message": "f094b85d80cfd86e36cf9dd20e98b5dc3af2422e93c21ec440ef20ff7c74d605"}, "cipher": {"function": "aes-128-ctr", "params": {"iv": "81663187a69bb066697602b2e85017d1"}, "message": "24def1984faeca2224ad15e063e171e32cd14435345c4c811ffc9a030bc1436d"}}, "description": "", "pubkey": "992f5464d246230c8ece487efb3d58dacf1a514625187838d7093e5e5b9e0bbecaf95cddfa1d094e22c271971d4bbe60", "path": "m/12381/3600/43/0/0", "uuid": "ab1ab071-553c-4dd7-a031-72645ce2df9c", "version": 4}