{"crypto": {"kdf": {"function": "scrypt", "params": {"dklen": 32, "n": 262144, "r": 8, "p": 1, "salt": "4bee655d62c5d15eedc90bb66b72aeb53b15e8968a90aef89dc5f9686a4c9d29"}, "message": ""}, "checksum": {"function": "sha256", "params": {}, "message": "9a3f8c3714942e8a8e80b2a7320c9df8ae2a3df02a9d37eccb07dd0d8b546608"}, "cipher": {"function": "aes-128-ctr", "params": {"iv": "81663187a69bb066697602b2e85017d1"}, "message": "7203bf7d91665cf757024125210293ec811ba3960bb868038e8aed1a7a436609"}}, "description": "", "pubkey": "a1db6770e22b8b91027b9dc2d1edcfd51ec5eb21d6bc2390c698d7d39ffd8aabbcbabf8261507c5d52172b9ae0c2ecd6", "path": "m/12381/3600/36/0/0", "uuid": "1829e40b-c51e-4d9c-b77f-1e9633d0f2fb", "version": 4}