{"crypto": {"kdf": {"function": "scrypt", "params": {"dklen": 32, "n": 262144, "r": 8, "p": 1, "salt": "e92bf5fbee0907b19a3b56b81e6e117c3010b6abb1403c6c7a50443344a37fb3"}, "message": ""}, "checksum": {"function": "sha256", "params": {}, "message": "5bd850d82812f756d1ea4e1c66ab4f6cd45e803aec55f982f36b1545c8a9774b"}, "cipher": {"function": "aes-128-ctr", "params": {"iv": "7c679ae9f83013c5afcfcc80a8639cf8"}, "message": "3d9c7b797094e673d9037d082b0903e6992e5311cba1871f47e77bbfbe22f013"}}, "description": "", "pubkey": "81f6bfdcd28ecf8439da2677dfd113c72c7bbd540bf7f179ba90ab84307f8256c399963c1c98ce345e708fb50adb22ac", "path": "m/12381/3600/14/0/0", "uuid": "26fd91a7-fb14-45ab-ab98-4fc9577c33c7", "version": 4}