{"crypto": {"kdf": {"function": "scrypt", "params": {"dklen": 32, "n": 262144, "r": 8, "p": 1, "salt": "34ed39997d841c9f92ab3d29e079e05d80d30781acf3a133f836e67e5a3a28b1"}, "message": ""}, "checksum": {"function": "sha256", "params": {}, "message": "afc593fcd0e436886a97976aef3d98ab59672ba0eec258c645e43bfa5355f7b1"}, "cipher": {"function": "aes-128-ctr", "params": {"iv": "4ce19887a8e2bf065d6f7d40dfe22ab2"}, "message": "57df51120a546ce0f2af0ee54f9351b12f39962ddaf85f15a648d40338a70828"}}, "description": "", "pubkey": "8474b236633e2e80055b5c24cce998f0ca0c1f252ed3b17bb2348eabe53e3486402e8f6d4be0a8cfd51dfbc8c06b6920", "path": "m/12381/3600/5/0/0", "uuid": "f44a3308-e4dc-4814-8db3-dd1ebd6d7d3a", "version": 4}