{"crypto": {"kdf": {"function": "scrypt", "params": {"dklen": 32, "n": 262144, "r": 8, "p": 1, "salt": "c961e44396aac01666b84148433bdb12dafb450269cacc7f9a8c428e5f713676"}, "message": ""}, "checksum": {"function": "sha256", "params": {}, "message": "fdfe31aa2e43c0fc7b4753c3cf2fff6aaf2edd13c0741ebcc545ffc3ee088876"}, "cipher": {"function": "aes-128-ctr", "params": {"iv": "5a82dee0583a6237bd62875079f160f6"}, "message": "53c2f9c23bed588cdd73e4fdc3ea7c4fb59285406bb0548983204c0dfec34a28"}}, "description": "", "pubkey": "8474b236633e2e80055b5c24cce998f0ca0c1f252ed3b17bb2348eabe53e3486402e8f6d4be0a8cfd51dfbc8c06b6920", "path": "m/12381/3600/5/0/0", "uuid": "3e109cc4-b866-4070-a6be-728c354104d3", "version": 4}