{"crypto": {"kdf": {"function": "scrypt", "params": {"dklen": 32, "n": 262144, "r": 8, "p": 1, "salt": "4bee655d62c5d15eedc90bb66b72aeb53b15e8968a90aef89dc5f9686a4c9d29"}, "message": ""}, "checksum": {"function": "sha256", "params": {}, "message": "070d8a6ff68cad8182bd74d8c624e0647ebeeee19e686202fce4fdd75ab4f598"}, "cipher": {"function": "aes-128-ctr", "params": {"iv": "81663187a69bb066697602b2e85017d1"}, "message": "52d7a59d5e424b39e0c16aaaf8c304d1e57015dda91419ff509bb7d9665ffe31"}}, "description": "", "pubkey": "8c001aed7b292eb1586c49d5fda1a934daff5b7896d0564f794ba10c6ab3c8819d7de63096732b9ddcda6ee43f8c83c4", "path": "m/12381/3600/21/0/0", "uuid": "44f082ab-0377-49be-b253-bacc6528c80c", "version": 4}