{"crypto": {"kdf": {"function": "scrypt", "params": {"dklen": 32, "n": 262144, "r": 8, "p": 1, "salt": "2111edbf0a1c6e6cc7216e2650c7ee3ab63a48af8a1332f52ba07d4c53382ab2"}, "message": ""}, "checksum": {"function": "sha256", "params": {}, "message": "ffb3160e0c3eef3f9e25bb14a3a118e5ff72529293cb57af9d47dabb74e84e3c"}, "cipher": {"function": "aes-128-ctr", "params": {"iv": "22fcf9678d9d3451b7b70064c7aff1a4"}, "message": "7efa605d7f779f040b922395cad7174a81b49914077b3670506933756c4ecc2b"}}, "description": "", "pubkey": "84b299daaee8ae3924d4329cae89f8d30317c51bba14121b136502b2e4f440dbb0b4e743db71cd61c68f0f446a3b01ea", "path": "m/12381/3600/58/0/0", "uuid": "13bb65e8-725f-4bb0-a6f8-893aec8fb362", "version": 4}