{"crypto": {"kdf": {"function": "scrypt", "params": {"dklen": 32, "n": 262144, "r": 8, "p": 1, "salt": "9c0bafee5bf3ea485ea254ac38ea6b2d72a9f5273dac7d7fb24cd03e8fe1d05b"}, "message": ""}, "checksum": {"function": "sha256", "params": {}, "message": "0b47d29ad592a080807a4945048ebad1931f2e140f162ba2d9988923e2c07de9"}, "cipher": {"function": "aes-128-ctr", "params": {"iv": "6e42231e041ec9ef9bb3a7fc1c5c4e7d"}, "message": "032b0ac195581ad28e128e5a45f902c61008ea4bff19bd37a99ea8641c6b1ef3"}}, "description": "", "pubkey": "8e917d35f2f7f03c0893fe6e57e4aaf1008d71759114b35fd240c5f6dcb7eebbf12759c5a1ca562fd71e3f4f11fb2d89", "path": "m/12381/3600/96/0/0", "uuid": "edfde96c-468d-43a8-9788-115d474fe219", "version": 4}