{"crypto": {"kdf": {"function": "scrypt", "params": {"dklen": 32, "n": 262144, "r": 8, "p": 1, "salt": "9c0bafee5bf3ea485ea254ac38ea6b2d72a9f5273dac7d7fb24cd03e8fe1d05b"}, "message": ""}, "checksum": {"function": "sha256", "params": {}, "message": "66ecbbbfbdf468c396b20dbadafca418fa36b72dafcd1b91a0720aa3a36fb014"}, "cipher": {"function": "aes-128-ctr", "params": {"iv": "6e42231e041ec9ef9bb3a7fc1c5c4e7d"}, "message": "5b75663272fde34b8ce42295fad4a40d4281ffc02c1237444e6f9a800bde454d"}}, "description": "", "pubkey": "b2955c2134489ef242600fa8b1dc93877dfdc2311db0f7876cd60cf2759555c99fb6b2d84f3e6287b7d2b750d78665b5", "path": "m/12381/3600/8/0/0", "uuid": "62c1e55c-7e2a-4298-a8bb-c789cd3f5c59", "version": 4}