{"crypto": {"kdf": {"function": "scrypt", "params": {"dklen": 32, "n": 262144, "r": 8, "p": 1, "salt": "e2a98651fa8ef0100876db56d6368102c34a4e9bb923adf3d5d5766ac80142fb"}, "message": ""}, "checksum": {"function": "sha256", "params": {}, "message": "104cea7452b684b37dc6b5acef63a6ccadeeee8c2379cc85edf66688161efaed"}, "cipher": {"function": "aes-128-ctr", "params": {"iv": "f6db09be2c00208086f91c971ef150f9"}, "message": "b98f0a61ebfc4dc9f7e678bab7f32cd0ae461917f9fb7b3ec16800ec25ba1646"}}, "description": "", "pubkey": "b2955c2134489ef242600fa8b1dc93877dfdc2311db0f7876cd60cf2759555c99fb6b2d84f3e6287b7d2b750d78665b5", "path": "m/12381/3600/8/0/0", "uuid": "da8c391f-b14b-49bc-bde5-020804f2c679", "version": 4}