{"crypto": {"kdf": {"function": "scrypt", "params": {"dklen": 32, "n": 262144, "r": 8, "p": 1, "salt": "80d379ea17704aa3b34b3437e6700d30bf53b98f284329f82caa9fad19c70a5e"}, "message": ""}, "checksum": {"function": "sha256", "params": {}, "message": "ecf1bb84c3eacf90ef587b559f764184b3622d5f02f559f47220e8301bac0e65"}, "cipher": {"function": "aes-128-ctr", "params": {"iv": "6d22ade7c91a43ab36b03360482e068d"}, "message": "bff1cd9f8db3a45bd9033d736fe5e35faea3f7f06e3ed236f99f498135045376"}}, "description": "", "pubkey": "8fc8728015f5c69e74e1f0468a8f4d64f3fb67eb025fd1551ae1ddddd0b15ac3ec05bd208386ee270816b28c11c61cd1", "path": "m/12381/3600/3/0/0", "uuid": "ada410d0-2f64-4c0e-8a74-f4a1bb0c27fb", "version": 4}