{"crypto": {"kdf": {"function": "scrypt", "params": {"dklen": 32, "n": 262144, "r": 8, "p": 1, "salt": "e2a98651fa8ef0100876db56d6368102c34a4e9bb923adf3d5d5766ac80142fb"}, "message": ""}, "checksum": {"function": "sha256", "params": {}, "message": "abd130879efc46df9f9bd50be0ab2b42b63db9524d8673995884549c898e895f"}, "cipher": {"function": "aes-128-ctr", "params": {"iv": "f6db09be2c00208086f91c971ef150f9"}, "message": "94ef19f1776fbf2327b4694b2e0331751f3b95dffddf18ce72be913bada9113f"}}, "description": "", "pubkey": "b21214c9e9b1fb3fa7ed06ca7cd35a697cbc7db7b3af6642face7ab5b5746d1649398c6285cd887acb5f44bf1cfd7fc7", "path": "m/12381/3600/89/0/0", "uuid": "865ec956-35b3-4383-aab6-cbd1083c3768", "version": 4}