{"crypto": {"kdf": {"function": "scrypt", "params": {"dklen": 32, "n": 262144, "r": 8, "p": 1, "salt": "9c0bafee5bf3ea485ea254ac38ea6b2d72a9f5273dac7d7fb24cd03e8fe1d05b"}, "message": ""}, "checksum": {"function": "sha256", "params": {}, "message": "9889cb292e04c8c5de65dca42ce6acc1742397591398be210f2298b0d8d5687c"}, "cipher": {"function": "aes-128-ctr", "params": {"iv": "6e42231e041ec9ef9bb3a7fc1c5c4e7d"}, "message": "761575a2ee6e11a15cb633646324b9a8f3fc7308283654b4fdb90b5783cd4234"}}, "description": "", "pubkey": "b21214c9e9b1fb3fa7ed06ca7cd35a697cbc7db7b3af6642face7ab5b5746d1649398c6285cd887acb5f44bf1cfd7fc7", "path": "m/12381/3600/89/0/0", "uuid": "fe13b91b-99e5-4122-adfb-fd5e252f7b1c", "version": 4}