{"crypto": {"kdf": {"function": "scrypt", "params": {"dklen": 32, "n": 262144, "r": 8, "p": 1, "salt": "413384c0532d17ac0d4c7b1084c9e656f249a50562f7380456bd9102b3d37a01"}, "message": ""}, "checksum": {"function": "sha256", "params": {}, "message": "79ac2b655bc73ffb439324fbf5cb4b760f4e844c9370d7eec7a415df6aa50daf"}, "cipher": {"function": "aes-128-ctr", "params": {"iv": "6b2033011e9501aa4ac291a2f3d9fed4"}, "message": "39b3f8534ffd107658c4da82e3c100dd6ec265b29a5e8daf0ad1ad83f444e761"}}, "description": "", "pubkey": "b420c567080a142d1a0f4d25bcfec6f448e2c760773f6c2cbbce091b4024c29b05c5000e2f6b0fbdaf1c3b6f9e3768a9", "path": "m/12381/3600/4/0/0", "uuid": "897b9b4c-c9be-47ab-8965-517a475635c3", "version": 4}