{"crypto": {"kdf": {"function": "scrypt", "params": {"dklen": 32, "n": 262144, "r": 8, "p": 1, "salt": "9c0bafee5bf3ea485ea254ac38ea6b2d72a9f5273dac7d7fb24cd03e8fe1d05b"}, "message": ""}, "checksum": {"function": "sha256", "params": {}, "message": "522d36bc604703f74f74372fafd0f00deba4dceeada84a06dac93316564a00a9"}, "cipher": {"function": "aes-128-ctr", "params": {"iv": "6e42231e041ec9ef9bb3a7fc1c5c4e7d"}, "message": "494cb50ea34f36a233b851873672344cc77aca1bd24ea6fdd7007e600ecd22cc"}}, "description": "", "pubkey": "a7522839eb1a80f00806d80456fa8b2f2e2a92f37227de759e743da972f272863a7a700f168dd7a3d6efffcd2f7375c4", "path": "m/12381/3600/23/0/0", "uuid": "b528f554-d790-4e30-bcb8-bb2dd797817d", "version": 4}