{"crypto": {"kdf": {"function": "scrypt", "params": {"dklen": 32, "n": 262144, "r": 8, "p": 1, "salt": "9c0bafee5bf3ea485ea254ac38ea6b2d72a9f5273dac7d7fb24cd03e8fe1d05b"}, "message": ""}, "checksum": {"function": "sha256", "params": {}, "message": "2bc5d11234df1aaa380b2509cc63f055583302f975f149519c8c4b9c19af050b"}, "cipher": {"function": "aes-128-ctr", "params": {"iv": "6e42231e041ec9ef9bb3a7fc1c5c4e7d"}, "message": "675ec7f7dd4d1b977774d45d89705528102675d3ad7e173217641d3a30561403"}}, "description": "", "pubkey": "97f28a26b323a25d543ffd2500360686cc2c26c5b6e1f1f1732b3d95ece1307c33e2ea35a429addc6b597e36c5af1056", "path": "m/12381/3600/41/0/0", "uuid": "ec9e852a-4b0e-4767-b4bf-cad8ebe9806b", "version": 4}