{"crypto": {"kdf": {"function": "scrypt", "params": {"dklen": 32, "n": 262144, "r": 8, "p": 1, "salt": "e2a98651fa8ef0100876db56d6368102c34a4e9bb923adf3d5d5766ac80142fb"}, "message": ""}, "checksum": {"function": "sha256", "params": {}, "message": "3b36634738b4d1815bb8a3cb7e3b36a3a6f2ba7cad7e26d986b2742c266c19d8"}, "cipher": {"function": "aes-128-ctr", "params": {"iv": "f6db09be2c00208086f91c971ef150f9"}, "message": "9918b00897f4701be27b4fa2623d7774c764e1c6c45a2d2321457c45db2dc60e"}}, "description": "", "pubkey": "b71b47c0a193b7c43f2dcac3c5f4514dc8faeaeeb026f846ee31902686ddf6ef33f21acecf27431da84ab4edc4e4f679", "path": "m/12381/3600/70/0/0", "uuid": "8c476c80-c1d5-4b67-a9ae-857eef5c51a3", "version": 4}