{"crypto": {"kdf": {"function": "scrypt", "params": {"dklen": 32, "n": 262144, "r": 8, "p": 1, "salt": "9c0bafee5bf3ea485ea254ac38ea6b2d72a9f5273dac7d7fb24cd03e8fe1d05b"}, "message": ""}, "checksum": {"function": "sha256", "params": {}, "message": "ad13f9158e141870b2e171938f29b56093a2b21b87f1c9aedac8bdd8167d8a8e"}, "cipher": {"function": "aes-128-ctr", "params": {"iv": "6e42231e041ec9ef9bb3a7fc1c5c4e7d"}, "message": "7be2dc5b0ef5de999979158d2f1affa92ba3071111b36159ae42e629f5499505"}}, "description": "", "pubkey": "b71b47c0a193b7c43f2dcac3c5f4514dc8faeaeeb026f846ee31902686ddf6ef33f21acecf27431da84ab4edc4e4f679", "path": "m/12381/3600/70/0/0", "uuid": "73314c12-7bd4-4b08-a23b-3752a151b9d4", "version": 4}