{"crypto": {"kdf": {"function": "scrypt", "params": {"dklen": 32, "n": 262144, "r": 8, "p": 1, "salt": "b67c6cf05ca7f9389516041107d7564803a44ff10aa686ba0b3b99e3ed183258"}, "message": ""}, "checksum": {"function": "sha256", "params": {}, "message": "85dc22e262a9e063833d71d3f924a224a55b7a6a1157acb83ab3c73ba38ceb85"}, "cipher": {"function": "aes-128-ctr", "params": {"iv": "5c688661df07ac2266693f4b91ac208d"}, "message": "090f240b039a2c9ee36e44f74f999748e133ca47851b74efce4ba768dda16344"}}, "description": "", "pubkey": "b992bec3d856550ea7346846d98ecedf28e9dfebfabc27a9d26df464f87e3910c2dc6afdf8174a2db5fd8f70bafd0c42", "path": "m/12381/3600/10/0/0", "uuid": "e33fa03a-a6c6-4ee9-b1ae-56ebacba0dbe", "version": 4}