{"crypto": {"kdf": {"function": "scrypt", "params": {"dklen": 32, "n": 262144, "r": 8, "p": 1, "salt": "9c0bafee5bf3ea485ea254ac38ea6b2d72a9f5273dac7d7fb24cd03e8fe1d05b"}, "message": ""}, "checksum": {"function": "sha256", "params": {}, "message": "cc6cfc2fef9d8d210809bbbbb5a76b31f8860193d2ce959050d6a97530c0a2c9"}, "cipher": {"function": "aes-128-ctr", "params": {"iv": "6e42231e041ec9ef9bb3a7fc1c5c4e7d"}, "message": "4dff2a4a3505484e9d58270f25c6ce6bd527f6930acdbe2e428b0350fc7f1362"}}, "description": "", "pubkey": "95440a3e41270f24a44629c8221ef7267e719861869343eadba1e8dc3c3f3d483bf5de8c73591b6edc2f96685744a39b", "path": "m/12381/3600/27/0/0", "uuid": "418afe7e-cb74-477f-8c29-4233bc4c2784", "version": 4}