{"crypto": {"kdf": {"function": "scrypt", "params": {"dklen": 32, "n": 262144, "r": 8, "p": 1, "salt": "9c0bafee5bf3ea485ea254ac38ea6b2d72a9f5273dac7d7fb24cd03e8fe1d05b"}, "message": ""}, "checksum": {"function": "sha256", "params": {}, "message": "3c1dd441be92758980d193faddae6d4b8903397fbbf82c6b318b944bac84ca0d"}, "cipher": {"function": "aes-128-ctr", "params": {"iv": "6e42231e041ec9ef9bb3a7fc1c5c4e7d"}, "message": "0249ff6cb0cc1edfb896fc75f04d996452afd5c491ff5570f9d333596a93fb03"}}, "description": "", "pubkey": "8bd0f5d98034f05880986dbf1d564d99abc24d3956e85d8d49c7448a99b684841196b413c2c9e6246cf90dcefa01577b", "path": "m/12381/3600/16/0/0", "uuid": "8261eeb6-fc31-40f3-a235-e62d1cea378b", "version": 4}