{"crypto": {"kdf": {"function": "scrypt", "params": {"dklen": 32, "n": 262144, "r": 8, "p": 1, "salt": "2111edbf0a1c6e6cc7216e2650c7ee3ab63a48af8a1332f52ba07d4c53382ab2"}, "message": ""}, "checksum": {"function": "sha256", "params": {}, "message": "9a153559c14c9de2a4a5dc02600e7a7ecf78b0551f59adc3dbb4a686455592b4"}, "cipher": {"function": "aes-128-ctr", "params": {"iv": "22fcf9678d9d3451b7b70064c7aff1a4"}, "message": "77d647df85a3ab632a3392ba828eeb09e296156733d666b55a89c1c46259cfa3"}}, "description": "", "pubkey": "b970c60f0deff7a44b6cc517cad00c7dd39a3c21fa34a07477e6d8e85b6b83027f4a97fd39ae1b6460eac19ad255f800", "path": "m/12381/3600/139/0/0", "uuid": "cfa860bd-d8e4-444c-b400-d9338a9166d1", "version": 4}