{"crypto": {"kdf": {"function": "scrypt", "params": {"dklen": 32, "n": 262144, "r": 8, "p": 1, "salt": "e2a98651fa8ef0100876db56d6368102c34a4e9bb923adf3d5d5766ac80142fb"}, "message": ""}, "checksum": {"function": "sha256", "params": {}, "message": "0abcf8740d57e3b5e2fc9fd2ce14428dd27c387f2dff31aebf1cfeec5376e1af"}, "cipher": {"function": "aes-128-ctr", "params": {"iv": "f6db09be2c00208086f91c971ef150f9"}, "message": "cbb87748d7fc274edff82124a04dbe8adf0b70e5c7280ddfd24432e259033b6c"}}, "description": "", "pubkey": "b152c41f56b82e23ab5d22a77856c50dc76adf9b5c320e2f5c8e29045dee32bdea4d674fa6c5abd2deec7a0c38c9d42d", "path": "m/12381/3600/97/0/0", "uuid": "c479986e-2373-4063-bcf4-2199beb2f875", "version": 4}