{"crypto": {"kdf": {"function": "scrypt", "params": {"dklen": 32, "n": 262144, "r": 8, "p": 1, "salt": "9c0bafee5bf3ea485ea254ac38ea6b2d72a9f5273dac7d7fb24cd03e8fe1d05b"}, "message": ""}, "checksum": {"function": "sha256", "params": {}, "message": "15a832ab3f763141fe0c48df8d5e2dfd67fbcd0ad7d77363717724926a14b86e"}, "cipher": {"function": "aes-128-ctr", "params": {"iv": "6e42231e041ec9ef9bb3a7fc1c5c4e7d"}, "message": "29421b1b4efd89cca4fa7b0bed6a365733cc963212c141a55d43a88e77676867"}}, "description": "", "pubkey": "b152c41f56b82e23ab5d22a77856c50dc76adf9b5c320e2f5c8e29045dee32bdea4d674fa6c5abd2deec7a0c38c9d42d", "path": "m/12381/3600/97/0/0", "uuid": "03720cbf-fe53-4f59-ae83-277d9e093841", "version": 4}