{"crypto": {"kdf": {"function": "scrypt", "params": {"dklen": 32, "n": 262144, "r": 8, "p": 1, "salt": "9c0bafee5bf3ea485ea254ac38ea6b2d72a9f5273dac7d7fb24cd03e8fe1d05b"}, "message": ""}, "checksum": {"function": "sha256", "params": {}, "message": "0e50b9a3549f82754ee2d0f0841f4334a1e78399bdcdb0916a61e5e35aa4cedc"}, "cipher": {"function": "aes-128-ctr", "params": {"iv": "6e42231e041ec9ef9bb3a7fc1c5c4e7d"}, "message": "0a2d1f8ecad98c64883a4067c7b6ca4718a90f2c1be3a2a6a7d54f668bbf66fa"}}, "description": "", "pubkey": "b95b7d487ae75ce698da223dc827211b1ad0c30f4421831afe5b357678720af5b840acd479fb1b2ba4431362f22f4785", "path": "m/12381/3600/22/0/0", "uuid": "9e3b5771-a0c5-4912-a4f2-ace9909c7a6f", "version": 4}