{"crypto": {"kdf": {"function": "scrypt", "params": {"dklen": 32, "n": 262144, "r": 8, "p": 1, "salt": "e2a98651fa8ef0100876db56d6368102c34a4e9bb923adf3d5d5766ac80142fb"}, "message": ""}, "checksum": {"function": "sha256", "params": {}, "message": "1d9080a5e527ee5a40920e1718b168bbe5176e48253eda0c8156beea26974eca"}, "cipher": {"function": "aes-128-ctr", "params": {"iv": "f6db09be2c00208086f91c971ef150f9"}, "message": "c26283f04f21c1758dd8ac29fefb1627e2eb45f58fa50abbcbbd5055a8b4fdd4"}}, "description": "", "pubkey": "97b0748f6ba1ded9d372b31799d44cdd71e9fbec2331fbd7f78e1c5002ed7860a3550308303f6409136bbec6ed4fcf1a", "path": "m/12381/3600/56/0/0", "uuid": "859bd4df-66bf-452a-ab44-fe4e078b79fe", "version": 4}