{"crypto": {"kdf": {"function": "scrypt", "params": {"dklen": 32, "n": 262144, "r": 8, "p": 1, "salt": "9c0bafee5bf3ea485ea254ac38ea6b2d72a9f5273dac7d7fb24cd03e8fe1d05b"}, "message": ""}, "checksum": {"function": "sha256", "params": {}, "message": "815f81a18d80550d91f0d8c70b604e59e130d7933314d9b2b55f6532a4dcf559"}, "cipher": {"function": "aes-128-ctr", "params": {"iv": "6e42231e041ec9ef9bb3a7fc1c5c4e7d"}, "message": "2098efa3d6206ff7f6daf606b3dc9efa0e2ca3225a4c46c144baca3986d0aedf"}}, "description": "", "pubkey": "97b0748f6ba1ded9d372b31799d44cdd71e9fbec2331fbd7f78e1c5002ed7860a3550308303f6409136bbec6ed4fcf1a", "path": "m/12381/3600/56/0/0", "uuid": "b230f937-59d9-459a-940f-6701d155bc9f", "version": 4}