{"crypto": {"kdf": {"function": "scrypt", "params": {"dklen": 32, "n": 262144, "r": 8, "p": 1, "salt": "9c0bafee5bf3ea485ea254ac38ea6b2d72a9f5273dac7d7fb24cd03e8fe1d05b"}, "message": ""}, "checksum": {"function": "sha256", "params": {}, "message": "d76f16bdd1efeaa8e34e5bcf8cade513fae99d1b69bf0f5e2c74f55a851174d0"}, "cipher": {"function": "aes-128-ctr", "params": {"iv": "6e42231e041ec9ef9bb3a7fc1c5c4e7d"}, "message": "13694e811ee6a05bf9e45fcf65a429ba08d4408ac3a9dd12b0309f72a1db40d1"}}, "description": "", "pubkey": "b46fb5c553af4c4a6777c14a7bc0e38ab817ad342675d88b7d8d6411bbf665c109693eac9b10c0c59b7f68d2e5542027", "path": "m/12381/3600/90/0/0", "uuid": "829ffbff-fbf1-43bb-830d-fce229594df0", "version": 4}