{"crypto": {"kdf": {"function": "scrypt", "params": {"dklen": 32, "n": 262144, "r": 8, "p": 1, "salt": "2111edbf0a1c6e6cc7216e2650c7ee3ab63a48af8a1332f52ba07d4c53382ab2"}, "message": ""}, "checksum": {"function": "sha256", "params": {}, "message": "a8ad47c3b3177b024ae5de29f3f4c8ce264d4dac05e859cbec8aa6f0ca42f736"}, "cipher": {"function": "aes-128-ctr", "params": {"iv": "22fcf9678d9d3451b7b70064c7aff1a4"}, "message": "59a48f002dc21a8c79eb4cad39244584789661a08796a4c11ee3cb583298b08d"}}, "description": "", "pubkey": "93e2fa539aaa50a2b12b0ea7aa871476cc9a13e87bc6d016c0b6ac311313cf4202cf614de2ea995c009015ff593a7151", "path": "m/12381/3600/13/0/0", "uuid": "2e1c0f00-88ae-4e73-9a58-d5fe365a698a", "version": 4}