{"crypto": {"kdf": {"function": "scrypt", "params": {"dklen": 32, "n": 262144, "r": 8, "p": 1, "salt": "2111edbf0a1c6e6cc7216e2650c7ee3ab63a48af8a1332f52ba07d4c53382ab2"}, "message": ""}, "checksum": {"function": "sha256", "params": {}, "message": "ba9c25ba5d19a168ed1875b560b12fe31fefc94f87b66c2dcf547cff4d012f3d"}, "cipher": {"function": "aes-128-ctr", "params": {"iv": "22fcf9678d9d3451b7b70064c7aff1a4"}, "message": "3206bf3b710d32c11349fc3c0a791553791da6a8bb64f0076a0797cf03399163"}}, "description": "", "pubkey": "8db13f57809cd25ba149790a7aae3eeaba4f54e8509c04aabdb1e9792ca4e4e32c85d37f14225a323c0d57cc15262671", "path": "m/12381/3600/99/0/0", "uuid": "0de7b1fa-f559-49a9-b90a-976baab77cdc", "version": 4}