{"crypto": {"kdf": {"function": "scrypt", "params": {"dklen": 32, "n": 262144, "r": 8, "p": 1, "salt": "2111edbf0a1c6e6cc7216e2650c7ee3ab63a48af8a1332f52ba07d4c53382ab2"}, "message": ""}, "checksum": {"function": "sha256", "params": {}, "message": "5318af97e1c592061cef5c6fd74dadf80f77c5aeab15d3048e00c89b471d368a"}, "cipher": {"function": "aes-128-ctr", "params": {"iv": "22fcf9678d9d3451b7b70064c7aff1a4"}, "message": "0edc58a7af6d28032b0d77f28e64f9dd5a0db011615606f0ba3b3a85c9a9a9f0"}}, "description": "", "pubkey": "8e6a1befcaefdfac599d9bdf62844530044a8be94de8fd3ded975e0c2c6f5397eac4ad04fb9a782f56763d4fbd6addd2", "path": "m/12381/3600/49/0/0", "uuid": "f0854e97-08e2-4127-9ece-d41376821b3e", "version": 4}