{"crypto": {"kdf": {"function": "scrypt", "params": {"dklen": 32, "n": 262144, "r": 8, "p": 1, "salt": "2111edbf0a1c6e6cc7216e2650c7ee3ab63a48af8a1332f52ba07d4c53382ab2"}, "message": ""}, "checksum": {"function": "sha256", "params": {}, "message": "0628f6fb13e62f737bfb0e625e39e12af7e25bfecf8c1e8b99cdd935c70502dd"}, "cipher": {"function": "aes-128-ctr", "params": {"iv": "22fcf9678d9d3451b7b70064c7aff1a4"}, "message": "419ab027fc88fa8fcbe0eb2b945126221e30f9db4bd3362f108ab7742ae66f0c"}}, "description": "", "pubkey": "98d318b4704c0e5940b724e56b674feb243d9987c793f7e47d65dbeee9f3c59ef1d4fa3049195002b19646e45c103351", "path": "m/12381/3600/131/0/0", "uuid": "713ed4f2-ecf7-456b-8fae-62b767e0b83e", "version": 4}