{"crypto": {"kdf": {"function": "scrypt", "params": {"dklen": 32, "n": 262144, "r": 8, "p": 1, "salt": "2111edbf0a1c6e6cc7216e2650c7ee3ab63a48af8a1332f52ba07d4c53382ab2"}, "message": ""}, "checksum": {"function": "sha256", "params": {}, "message": "67c39392ecd8779a51a84b02b35521740645cd90bcd78c7fa869ebbe497d672d"}, "cipher": {"function": "aes-128-ctr", "params": {"iv": "22fcf9678d9d3451b7b70064c7aff1a4"}, "message": "6ee5ee498a598ec9822c9e4b6b4d493d89c5ff928e21f5cabea0069b9a4b85db"}}, "description": "", "pubkey": "b7ddfcee9b43ecf29647bf8f41c18edc88a43d955a674438b484e5dd44d59386b27bc643b03ab2b3bf5f8bdcc0b2c423", "path": "m/12381/3600/12/0/0", "uuid": "1910e27b-01cb-469b-b0f0-3958452a4aea", "version": 4}