{"crypto": {"kdf": {"function": "scrypt", "params": {"dklen": 32, "n": 262144, "r": 8, "p": 1, "salt": "2111edbf0a1c6e6cc7216e2650c7ee3ab63a48af8a1332f52ba07d4c53382ab2"}, "message": ""}, "checksum": {"function": "sha256", "params": {}, "message": "b5230a25edb4632c23ba73f89e98894e283982db187297ab628ce6a991830a58"}, "cipher": {"function": "aes-128-ctr", "params": {"iv": "22fcf9678d9d3451b7b70064c7aff1a4"}, "message": "4ef902657a5d9e445698eb1d0e18c21d40547e6666fc20611701cdca9b368012"}}, "description": "", "pubkey": "b7bccd3b4c74f5d19651bd3e5d02d5c664bbf95f253100ea06810c9c6a5dbc2932dcb926f27cebd852e6f346aeba5c9b", "path": "m/12381/3600/184/0/0", "uuid": "0f6752cb-87e5-4eb3-bd00-cc1f1b96eaa7", "version": 4}