{"crypto": {"kdf": {"function": "scrypt", "params": {"dklen": 32, "n": 262144, "r": 8, "p": 1, "salt": "2111edbf0a1c6e6cc7216e2650c7ee3ab63a48af8a1332f52ba07d4c53382ab2"}, "message": ""}, "checksum": {"function": "sha256", "params": {}, "message": "9a79f35bb3369a0181df249df4f86e3321b7d5a106621751ac754dd58d5b5b66"}, "cipher": {"function": "aes-128-ctr", "params": {"iv": "22fcf9678d9d3451b7b70064c7aff1a4"}, "message": "5eafad22e4f98972be7cfc8edaee9a84e135e6a96536c0ed6c143922c39ae76e"}}, "description": "", "pubkey": "b0f8cf2d8ecbe8370ecdba39c242a400417192e384c69cb75cf35fe23db77b6b556f652267cf7bd27be331a74d7616c8", "path": "m/12381/3600/173/0/0", "uuid": "67b0b29d-5904-44de-a4d4-f60913d2d16a", "version": 4}