{"crypto": {"kdf": {"function": "scrypt", "params": {"dklen": 32, "n": 262144, "r": 8, "p": 1, "salt": "2111edbf0a1c6e6cc7216e2650c7ee3ab63a48af8a1332f52ba07d4c53382ab2"}, "message": ""}, "checksum": {"function": "sha256", "params": {}, "message": "5ee62e2a6d17c1f1c7663d3e8d260c20ae24d372488c6db5a7eb3fe073a03fa1"}, "cipher": {"function": "aes-128-ctr", "params": {"iv": "22fcf9678d9d3451b7b70064c7aff1a4"}, "message": "42bd175b244f218ceb724c800130dd0569cdfd500500075d509966bdce94aae7"}}, "description": "", "pubkey": "90fc7bbad3d0988ce5cf28da2c85de65a3ce1f6487c2ed32a1412c8747619a98e0846d4647c8ae58869faf878c879372", "path": "m/12381/3600/177/0/0", "uuid": "25b6bfa2-7bbb-4da7-bf4d-5c7b99ce0264", "version": 4}