{"crypto": {"kdf": {"function": "scrypt", "params": {"dklen": 32, "n": 262144, "r": 8, "p": 1, "salt": "2111edbf0a1c6e6cc7216e2650c7ee3ab63a48af8a1332f52ba07d4c53382ab2"}, "message": ""}, "checksum": {"function": "sha256", "params": {}, "message": "45a7c572b88085c08a4b07b3642e4dac6f69e75fad578cc5014baed58888bfa1"}, "cipher": {"function": "aes-128-ctr", "params": {"iv": "22fcf9678d9d3451b7b70064c7aff1a4"}, "message": "2e7a53427982912addc77078cb22b7c0ac58feab282b9a87b1cc937a16ad4901"}}, "description": "", "pubkey": "b85a04d27a303d5d7ea747e859fe8123f726347dc664838b973b4c4068b93bde6b6ac9dcd0e47be1cdb0af00aa44793d", "path": "m/12381/3600/191/0/0", "uuid": "c72adf0f-73a9-4b6f-81b0-f92f59161ffb", "version": 4}