{"crypto": {"kdf": {"function": "scrypt", "params": {"dklen": 32, "n": 262144, "r": 8, "p": 1, "salt": "2111edbf0a1c6e6cc7216e2650c7ee3ab63a48af8a1332f52ba07d4c53382ab2"}, "message": ""}, "checksum": {"function": "sha256", "params": {}, "message": "7af76368ee6039a322f0059416a1591daacf1b8fbf863e45485eeee5b51d74f3"}, "cipher": {"function": "aes-128-ctr", "params": {"iv": "22fcf9678d9d3451b7b70064c7aff1a4"}, "message": "4d060106014e5c66efdeb3671a462b8adf14374ebed20fb2c71a3c8286b72176"}}, "description": "", "pubkey": "830e98a907117f07313ce7adbde84399e6549ae02aa492d1a998ad1fa9f7cf3fc7aea921bca114cfff9e87b264f38d1c", "path": "m/12381/3600/169/0/0", "uuid": "a9a33ea7-b7a2-48ae-94f1-06c61f211ac1", "version": 4}