{"crypto": {"kdf": {"function": "scrypt", "params": {"dklen": 32, "n": 262144, "r": 8, "p": 1, "salt": "2111edbf0a1c6e6cc7216e2650c7ee3ab63a48af8a1332f52ba07d4c53382ab2"}, "message": ""}, "checksum": {"function": "sha256", "params": {}, "message": "b0fb78e1ee66136ecd9994036f9c171e62a4f583aa92992836a6530b700e599b"}, "cipher": {"function": "aes-128-ctr", "params": {"iv": "22fcf9678d9d3451b7b70064c7aff1a4"}, "message": "738ff38a5b983cb58409d5a8fae8787935cc576fbffa7b2a1c6bee754cbc14c9"}}, "description": "", "pubkey": "a23b56235f38e53edf5c2fe726f30f5d149f53b06e4850be38cc7de16a3ff4326798b50c89d0bc21a14c510005db40b0", "path": "m/12381/3600/57/0/0", "uuid": "53efed1c-578e-4b8e-9bbf-160fd0e4de93", "version": 4}