{"crypto": {"kdf": {"function": "scrypt", "params": {"dklen": 32, "n": 262144, "r": 8, "p": 1, "salt": "2111edbf0a1c6e6cc7216e2650c7ee3ab63a48af8a1332f52ba07d4c53382ab2"}, "message": ""}, "checksum": {"function": "sha256", "params": {}, "message": "0e72fff81a6dc676969f3878d7794844ab5656d7aa13889ca9696e5740d191b4"}, "cipher": {"function": "aes-128-ctr", "params": {"iv": "22fcf9678d9d3451b7b70064c7aff1a4"}, "message": "5b29d07462fc261958a58bc3ffcddce6f532b8e94d8b1c944867ee519a71ea14"}}, "description": "", "pubkey": "a9c009bcbb80aacceac60749de76551103e1a3c0c9f7b5afb2d3289e4b311a73bf8f4d34e37d351b77250b9f983e275a", "path": "m/12381/3600/63/0/0", "uuid": "fd164c6a-0bb9-4b62-8d0f-7e5d3059cab5", "version": 4}