{"crypto": {"kdf": {"function": "scrypt", "params": {"dklen": 32, "n": 262144, "r": 8, "p": 1, "salt": "2111edbf0a1c6e6cc7216e2650c7ee3ab63a48af8a1332f52ba07d4c53382ab2"}, "message": ""}, "checksum": {"function": "sha256", "params": {}, "message": "4ef60b8a605d34674a3aaae3f1a8d96f562d0d5c2b2dca63a0d9d425c7b1115e"}, "cipher": {"function": "aes-128-ctr", "params": {"iv": "22fcf9678d9d3451b7b70064c7aff1a4"}, "message": "444909d7b0fad4c6bdb94e69c223330b6a2964a26247f8dcfafbde5510a20c54"}}, "description": "", "pubkey": "a17f4e79df90eb34d9bcc1543280b5e81bd38389274a5e0c0feb4ff5a38b8398a6741df5f61a72e1b89f2d64545d63a7", "path": "m/12381/3600/101/0/0", "uuid": "a69df522-a37f-471d-9dac-4825fdbd1231", "version": 4}