{"crypto": {"kdf": {"function": "scrypt", "params": {"dklen": 32, "n": 262144, "r": 8, "p": 1, "salt": "2111edbf0a1c6e6cc7216e2650c7ee3ab63a48af8a1332f52ba07d4c53382ab2"}, "message": ""}, "checksum": {"function": "sha256", "params": {}, "message": "6361e2d7d25fef8f9984efceec2e96a2dc593b4ba9dd81b78e603ddeb6789118"}, "cipher": {"function": "aes-128-ctr", "params": {"iv": "22fcf9678d9d3451b7b70064c7aff1a4"}, "message": "7e9b637c29547094158dab67518000cda814fc0dae79cbc691919f4de23b62b6"}}, "description": "", "pubkey": "a6e07204da84f57d045fb95e409ae06ce5a970ef635dfb846a8abc1059bfb0e0477d26321040fc69daa944550733ebce", "path": "m/12381/3600/109/0/0", "uuid": "1e1d252e-db38-4050-b803-ef175fb0dccd", "version": 4}