{"crypto": {"kdf": {"function": "scrypt", "params": {"dklen": 32, "n": 262144, "r": 8, "p": 1, "salt": "2111edbf0a1c6e6cc7216e2650c7ee3ab63a48af8a1332f52ba07d4c53382ab2"}, "message": ""}, "checksum": {"function": "sha256", "params": {}, "message": "d2c5db1a948313abc630b67c06bf81a63d1b2be9235c54a2fa0c973b62178886"}, "cipher": {"function": "aes-128-ctr", "params": {"iv": "22fcf9678d9d3451b7b70064c7aff1a4"}, "message": "3a19a655b3a2969fb3dbeb358a21eddfc5d00d4a36dd9f45df6de04af68a9b6d"}}, "description": "", "pubkey": "b03ea52b65e70a959253865def22f2f1bba05a500bfd8b7e4664623cc71d35ed358ecacfefc2279fa9cf0438b90cbb15", "path": "m/12381/3600/165/0/0", "uuid": "20b39065-66e5-4157-9b11-6d82452dd697", "version": 4}