{"crypto": {"kdf": {"function": "scrypt", "params": {"dklen": 32, "n": 262144, "r": 8, "p": 1, "salt": "2111edbf0a1c6e6cc7216e2650c7ee3ab63a48af8a1332f52ba07d4c53382ab2"}, "message": ""}, "checksum": {"function": "sha256", "params": {}, "message": "7ce945dbef8f273e7d221cc0fe0d5d01fadc025ac636b180effd0d3cce416caa"}, "cipher": {"function": "aes-128-ctr", "params": {"iv": "22fcf9678d9d3451b7b70064c7aff1a4"}, "message": "55ec5cef238b39952ba8f388e458f00b0a78769a2bb05bbc6aec9f6c444f986a"}}, "description": "", "pubkey": "8fac9ce64a5b83ee9c212f3c372ae7db8e57e4fccb72b24f5840c599d542e60642c1bce07bc2177a104886c0a269f67c", "path": "m/12381/3600/148/0/0", "uuid": "da167f64-d226-4784-bdb8-f0980263bcc3", "version": 4}