{"crypto": {"kdf": {"function": "scrypt", "params": {"dklen": 32, "n": 262144, "r": 8, "p": 1, "salt": "2111edbf0a1c6e6cc7216e2650c7ee3ab63a48af8a1332f52ba07d4c53382ab2"}, "message": ""}, "checksum": {"function": "sha256", "params": {}, "message": "c724d5a55a8eeec0def15ac8e6f541ac52c4f02eea2e19db94dd33978d632a73"}, "cipher": {"function": "aes-128-ctr", "params": {"iv": "22fcf9678d9d3451b7b70064c7aff1a4"}, "message": "56c025b3389357c4b57b0ebf63521f18bd768f243e225f6b1e70cdef46431cd4"}}, "description": "", "pubkey": "ae40bcd42410fc4b9cfcb056d63e0615cf78b050e21b8ed10c66c91a662d065a27edd8bf60d8c9737e75529b05019b2e", "path": "m/12381/3600/126/0/0", "uuid": "12d9fede-830c-417d-9373-574f61f9796a", "version": 4}