{"crypto": {"kdf": {"function": "scrypt", "params": {"dklen": 32, "n": 262144, "r": 8, "p": 1, "salt": "2111edbf0a1c6e6cc7216e2650c7ee3ab63a48af8a1332f52ba07d4c53382ab2"}, "message": ""}, "checksum": {"function": "sha256", "params": {}, "message": "e7f9819dad6b379c01510ee2d2f4b911b9cc25a0949ac3f8f5063c750f829fbb"}, "cipher": {"function": "aes-128-ctr", "params": {"iv": "22fcf9678d9d3451b7b70064c7aff1a4"}, "message": "52d98d4ebc70d6cb67904b302306f34145bf3121b8edd1f87578a7beed43ad4a"}}, "description": "", "pubkey": "8fc34aac4529007a96a5354d3aa1bd814160f62afe90b53f54636e9dd6a781714f453afef065f4824a1d93d33b525e0f", "path": "m/12381/3600/37/0/0", "uuid": "bf4fa675-ad97-4e72-8e1d-4fd8bc6ae6a6", "version": 4}