{"crypto": {"kdf": {"function": "scrypt", "params": {"dklen": 32, "n": 262144, "r": 8, "p": 1, "salt": "2111edbf0a1c6e6cc7216e2650c7ee3ab63a48af8a1332f52ba07d4c53382ab2"}, "message": ""}, "checksum": {"function": "sha256", "params": {}, "message": "af4cbc02237060edabd5b4c128c9a493caa92789f9bdcd8fd4e8fd7b692a93c2"}, "cipher": {"function": "aes-128-ctr", "params": {"iv": "22fcf9678d9d3451b7b70064c7aff1a4"}, "message": "6014254bf967248e4fc236284c3108364bad7a6fb60bc2d934ee67e31c5181bd"}}, "description": "", "pubkey": "8d4acd52f0ecd3134ebfefbcc3a8321c6c34fc652abf62bb2b7843af9aec580a3db8446df9d76b5b7c7aadab6869ab34", "path": "m/12381/3600/197/0/0", "uuid": "7b494bd9-751c-4a53-bef3-db06de730eb6", "version": 4}