{"crypto": {"kdf": {"function": "scrypt", "params": {"dklen": 32, "n": 262144, "r": 8, "p": 1, "salt": "2111edbf0a1c6e6cc7216e2650c7ee3ab63a48af8a1332f52ba07d4c53382ab2"}, "message": ""}, "checksum": {"function": "sha256", "params": {}, "message": "3fc2e0444f8504fbdfb0bdec263b22d6f21610c7125b955d1b744dfed1f2328f"}, "cipher": {"function": "aes-128-ctr", "params": {"iv": "22fcf9678d9d3451b7b70064c7aff1a4"}, "message": "2a4f17a34876cff4f2250c3c51db2b0c3f85b4045f97cf97e0be4c9c100f7618"}}, "description": "", "pubkey": "8482b3b1663fb44acb4a17a379f0c47cfab604196009dd6b8f5e44d5bece22859030f0e4ac51c0dde4004808d00096d1", "path": "m/12381/3600/114/0/0", "uuid": "c32efc58-078d-40c8-ab73-bc45744ba707", "version": 4}