{"crypto": {"kdf": {"function": "scrypt", "params": {"dklen": 32, "n": 262144, "r": 8, "p": 1, "salt": "2111edbf0a1c6e6cc7216e2650c7ee3ab63a48af8a1332f52ba07d4c53382ab2"}, "message": ""}, "checksum": {"function": "sha256", "params": {}, "message": "34aca79c85a72d2af56cedeeb368d3a40c5baf40671de6548beed4b0625c5bec"}, "cipher": {"function": "aes-128-ctr", "params": {"iv": "22fcf9678d9d3451b7b70064c7aff1a4"}, "message": "3140bb62410120f6f8c89a9c04df4eadb167aaaadf4f214c00856beb9f7c2c97"}}, "description": "", "pubkey": "834f8a9a84328e2c2230f089c8d021f4da854b501f4231bca1671ca4d4d4179463eb956c6a94560f5baaf982169e71d5", "path": "m/12381/3600/60/0/0", "uuid": "48d8897b-2a38-483a-b33d-49d43f489494", "version": 4}