{"crypto": {"kdf": {"function": "scrypt", "params": {"dklen": 32, "n": 262144, "r": 8, "p": 1, "salt": "2111edbf0a1c6e6cc7216e2650c7ee3ab63a48af8a1332f52ba07d4c53382ab2"}, "message": ""}, "checksum": {"function": "sha256", "params": {}, "message": "4675961d283c6d15ac984e767b70e9edbde0a28bb6c9373816eb64639e9fdff7"}, "cipher": {"function": "aes-128-ctr", "params": {"iv": "22fcf9678d9d3451b7b70064c7aff1a4"}, "message": "78b8c4f73acd0883c9bfdc543af634ed3eacf6a65825574d2fffbdfe55f66feb"}}, "description": "", "pubkey": "99093efaf8873e91f3c6212a2ec5af21874320f962e5816e4732e6713ad3d7dc688711723d9948ab962bdda1e3fbeab2", "path": "m/12381/3600/136/0/0", "uuid": "9f84261d-9710-4b85-9fb2-f8221b73e492", "version": 4}