{"crypto": {"kdf": {"function": "scrypt", "params": {"dklen": 32, "n": 262144, "r": 8, "p": 1, "salt": "2111edbf0a1c6e6cc7216e2650c7ee3ab63a48af8a1332f52ba07d4c53382ab2"}, "message": ""}, "checksum": {"function": "sha256", "params": {}, "message": "33b0b20b1d8d3b140924ff23c801d7dc286774348b773ada28170e89fbbe9ad7"}, "cipher": {"function": "aes-128-ctr", "params": {"iv": "22fcf9678d9d3451b7b70064c7aff1a4"}, "message": "3fc1dba055b134b34b1e5aa49bdacdc05037b86cf54dcdce4070f35f12809600"}}, "description": "", "pubkey": "b1ee14610880364336b0d5225f7fb0aacad6001fdfef382cce95a54dc094e3d7b740bcb1e689921a7e8cceefaba8ea99", "path": "m/12381/3600/140/0/0", "uuid": "6cc90fe9-fe8a-40b5-a4ad-49ff2598e982", "version": 4}