{"crypto": {"kdf": {"function": "scrypt", "params": {"dklen": 32, "n": 262144, "r": 8, "p": 1, "salt": "2111edbf0a1c6e6cc7216e2650c7ee3ab63a48af8a1332f52ba07d4c53382ab2"}, "message": ""}, "checksum": {"function": "sha256", "params": {}, "message": "3a87a818df2ed99b0138e905c97c103164e496115298e96fb560c65e28fc5c30"}, "cipher": {"function": "aes-128-ctr", "params": {"iv": "22fcf9678d9d3451b7b70064c7aff1a4"}, "message": "79f2823ca5bb20e85e8ff4334f230cf83391c7c9ed60174abfee5f53618d6f0f"}}, "description": "", "pubkey": "81fe2e930d0bb3c34ed7c48eb72e605912f12083eb57b1726ddac8c6f797cc0fbc880e97ae89f8ff5dfa7a21f96961a8", "path": "m/12381/3600/106/0/0", "uuid": "7155af31-df63-48db-a09a-8b8188cab611", "version": 4}