{"crypto": {"kdf": {"function": "scrypt", "params": {"dklen": 32, "n": 262144, "r": 8, "p": 1, "salt": "2111edbf0a1c6e6cc7216e2650c7ee3ab63a48af8a1332f52ba07d4c53382ab2"}, "message": ""}, "checksum": {"function": "sha256", "params": {}, "message": "4f69f3e198e814ceb564ced8028ae4fef44dbac4f21c1d9302a89ac14f39f70a"}, "cipher": {"function": "aes-128-ctr", "params": {"iv": "22fcf9678d9d3451b7b70064c7aff1a4"}, "message": "41747ef06f7199c3d3c8301f14dcc9b094be97168816fac2b609cd6376d97296"}}, "description": "", "pubkey": "8c7b7c685557c6eda0c341e1ac7c3466c8f577d77e07c6b6f3e3831380bcb0498fe730693f1025e36bacb70e5b151d87", "path": "m/12381/3600/21/0/0", "uuid": "0b73ce5b-59da-4947-acd1-675aa68cb7a8", "version": 4}