{"crypto": {"kdf": {"function": "scrypt", "params": {"dklen": 32, "n": 262144, "r": 8, "p": 1, "salt": "2111edbf0a1c6e6cc7216e2650c7ee3ab63a48af8a1332f52ba07d4c53382ab2"}, "message": ""}, "checksum": {"function": "sha256", "params": {}, "message": "8b3a954f7750b185d212cdf20abf2ac86e4e172dd083dbcd9bc5e0828089b093"}, "cipher": {"function": "aes-128-ctr", "params": {"iv": "22fcf9678d9d3451b7b70064c7aff1a4"}, "message": "608403863eae5bee92c5d92272a5fa60999e1eb9357438501beb3aa94e031340"}}, "description": "", "pubkey": "add6117fa4813aef989b3acfcfc273dbfc730c35bd49d1b1df8e693d858a1b725f5f2e3448d65fd8079da59e26a5de70", "path": "m/12381/3600/181/0/0", "uuid": "20a171dd-de64-4f9d-851f-6a73a681b3e2", "version": 4}