{"crypto": {"kdf": {"function": "scrypt", "params": {"dklen": 32, "n": 262144, "r": 8, "p": 1, "salt": "2111edbf0a1c6e6cc7216e2650c7ee3ab63a48af8a1332f52ba07d4c53382ab2"}, "message": ""}, "checksum": {"function": "sha256", "params": {}, "message": "2770c6306dcdc0f903ccab5f38b9dc17eb36d4e27d472276114f3de7e8575fbe"}, "cipher": {"function": "aes-128-ctr", "params": {"iv": "22fcf9678d9d3451b7b70064c7aff1a4"}, "message": "526a350e4aab0c3fce5be2dd305b38c34d75285d0d348607a10ab88d8cc6ad8d"}}, "description": "", "pubkey": "905021b69c2df0b392ad7753d235aa20945b859316378ba96dd4ef661e37781d5c93c0c131eae3cbdcd1f745cc307f20", "path": "m/12381/3600/168/0/0", "uuid": "28394afa-b116-4d84-9e32-fb34f4f0253b", "version": 4}