{"crypto": {"kdf": {"function": "scrypt", "params": {"dklen": 32, "n": 262144, "r": 8, "p": 1, "salt": "2111edbf0a1c6e6cc7216e2650c7ee3ab63a48af8a1332f52ba07d4c53382ab2"}, "message": ""}, "checksum": {"function": "sha256", "params": {}, "message": "1ec30b65e9344bc9ceb738d29596abc250e858e70744b900db50d8cd38606bb1"}, "cipher": {"function": "aes-128-ctr", "params": {"iv": "22fcf9678d9d3451b7b70064c7aff1a4"}, "message": "5ca840ef1c50fe0b7b79640f34fe3a4b1dcd13fea89eb7581e42c277c8581ebd"}}, "description": "", "pubkey": "970e26f34b06cedb08be5b42b94d4d51ca687aee218a632a01e849db4dcd9ec9b56d0ad4e0f358a5af7fbf83a606d6ac", "path": "m/12381/3600/110/0/0", "uuid": "8c59331c-b294-4f1b-adc6-3eea4ad444e2", "version": 4}