{"crypto": {"kdf": {"function": "scrypt", "params": {"dklen": 32, "n": 262144, "r": 8, "p": 1, "salt": "2111edbf0a1c6e6cc7216e2650c7ee3ab63a48af8a1332f52ba07d4c53382ab2"}, "message": ""}, "checksum": {"function": "sha256", "params": {}, "message": "2252b75351904aa9abcf054236512dfed1e5a41db1509dc8e17bdb7ad1ee51db"}, "cipher": {"function": "aes-128-ctr", "params": {"iv": "22fcf9678d9d3451b7b70064c7aff1a4"}, "message": "3d6e50dd85a684c958d335aede26acf398f034223ef2952cb229c2e20f7b4061"}}, "description": "", "pubkey": "b4facd05844d5772aac0e254196d7c5248e87d5348dde26564d87cc2cc24a80da0ee6dfb8bd8f0558b95ea828fd90dc4", "path": "m/12381/3600/52/0/0", "uuid": "ff289760-2885-4b37-88dd-8eb0b10de825", "version": 4}