{"crypto": {"kdf": {"function": "scrypt", "params": {"dklen": 32, "n": 262144, "r": 8, "p": 1, "salt": "2111edbf0a1c6e6cc7216e2650c7ee3ab63a48af8a1332f52ba07d4c53382ab2"}, "message": ""}, "checksum": {"function": "sha256", "params": {}, "message": "497ba46549c9ef8e742400ad359e6e7207cca717b0cf026a59f268fc7e7c04c3"}, "cipher": {"function": "aes-128-ctr", "params": {"iv": "22fcf9678d9d3451b7b70064c7aff1a4"}, "message": "7110b4ab560c7e8f9bd0948c6a0f91081dc2009d7c14efa514dc22961cc4f2b5"}}, "description": "", "pubkey": "a0420ccd373a4a127a86ce85b0df472eb1bf9e7391a01bc1372c504eb9e2482af0bc0edf5f82a2a6200e8b16701b1e5c", "path": "m/12381/3600/83/0/0", "uuid": "4d66d110-b1f0-44c8-ab07-d62852cf7e7c", "version": 4}