{"crypto": {"kdf": {"function": "scrypt", "params": {"dklen": 32, "n": 262144, "r": 8, "p": 1, "salt": "2111edbf0a1c6e6cc7216e2650c7ee3ab63a48af8a1332f52ba07d4c53382ab2"}, "message": ""}, "checksum": {"function": "sha256", "params": {}, "message": "ffd111c704cf91bdcd78580d19529cd584ae54c9ddefccb0f47108ee5c22e38c"}, "cipher": {"function": "aes-128-ctr", "params": {"iv": "22fcf9678d9d3451b7b70064c7aff1a4"}, "message": "22af78bf22bd3bc7c6320302e3c4b0b77ee5db7a06c553d729c86bbe62138d78"}}, "description": "", "pubkey": "aa77d45410fe2ea52d869d7e03943ee5277ed809d0cd7a6f336775ea7ff297e3fd86a640f1b411dfb113406cf56bd34f", "path": "m/12381/3600/120/0/0", "uuid": "c0ef0462-5d52-47cf-a0d0-4106f12fe0d9", "version": 4}