{"crypto": {"kdf": {"function": "scrypt", "params": {"dklen": 32, "n": 262144, "r": 8, "p": 1, "salt": "2111edbf0a1c6e6cc7216e2650c7ee3ab63a48af8a1332f52ba07d4c53382ab2"}, "message": ""}, "checksum": {"function": "sha256", "params": {}, "message": "fde29c39ee420ead528c3c0cf009affd13f607ec8f68e8e402f14d2d5826b42f"}, "cipher": {"function": "aes-128-ctr", "params": {"iv": "22fcf9678d9d3451b7b70064c7aff1a4"}, "message": "64b221d5bd86b1518b3cadec64364ac3eae3c4d57848dd2d84e3b38a6a202f0f"}}, "description": "", "pubkey": "b323974263c60baf8b6f7f369a8e0263894a0f2379d6adfb83274580fd581fe447db175c8e3c3dcbf0c46bed25bf4dfa", "path": "m/12381/3600/166/0/0", "uuid": "65370021-5dae-48d4-b2ed-ab28ee6262bc", "version": 4}