{"crypto": {"kdf": {"function": "scrypt", "params": {"dklen": 32, "n": 262144, "r": 8, "p": 1, "salt": "2111edbf0a1c6e6cc7216e2650c7ee3ab63a48af8a1332f52ba07d4c53382ab2"}, "message": ""}, "checksum": {"function": "sha256", "params": {}, "message": "0f49dda9f61c0ef2d3f35e17700d7e75b71afa46ce7efff4b34bfea87fbfe697"}, "cipher": {"function": "aes-128-ctr", "params": {"iv": "22fcf9678d9d3451b7b70064c7aff1a4"}, "message": "0712d48509f0a7d954b8e916a9d460ae449e6fa4b0850d6a911e590fb4ed443a"}}, "description": "", "pubkey": "a1abb3c09dd4d2ffa7847de30c814b8789a48f321f2bd98969f612bef324eaab7dde191b404c1d861db0d4d36c3d4a95", "path": "m/12381/3600/92/0/0", "uuid": "0b52d639-5e24-49d5-93b3-a117221dad41", "version": 4}