{"crypto": {"kdf": {"function": "scrypt", "params": {"dklen": 32, "n": 262144, "r": 8, "p": 1, "salt": "2111edbf0a1c6e6cc7216e2650c7ee3ab63a48af8a1332f52ba07d4c53382ab2"}, "message": ""}, "checksum": {"function": "sha256", "params": {}, "message": "3de87bdbfb02389a558d6d659eb27e9eb121785eb1cefe58248f45c0705cc9d4"}, "cipher": {"function": "aes-128-ctr", "params": {"iv": "22fcf9678d9d3451b7b70064c7aff1a4"}, "message": "3359c6baf3692da57659e5d77c408d412ebefa53d989454423ea06b2b630890d"}}, "description": "", "pubkey": "a7d90dbc650f95e737ed9380021bd9d204ef30a4688bdc9318ac188d6eb4f5d8e66154752682e7072e333ae611d33b87", "path": "m/12381/3600/17/0/0", "uuid": "1f7aadbd-e0ee-4710-b63d-6add91f0f71b", "version": 4}