{"crypto": {"kdf": {"function": "scrypt", "params": {"dklen": 32, "n": 262144, "r": 8, "p": 1, "salt": "2111edbf0a1c6e6cc7216e2650c7ee3ab63a48af8a1332f52ba07d4c53382ab2"}, "message": ""}, "checksum": {"function": "sha256", "params": {}, "message": "c07929a9f7120b4145d3d2f8170b64c25c692148d833b6bcd5e83e44c6e7341d"}, "cipher": {"function": "aes-128-ctr", "params": {"iv": "22fcf9678d9d3451b7b70064c7aff1a4"}, "message": "2f10f540c021c530f3b7d788bbf900ae4435ab768804e7a3a0745e3b3a642381"}}, "description": "", "pubkey": "a3eeeca72e7ea65e26a5bc69ac1495d49c496e0b6435122459cd2e83c63e28ec34bfcc5b4e4dc8529d97a866de64c4f6", "path": "m/12381/3600/93/0/0", "uuid": "fa3fb3c2-47af-49cb-bab0-71c6587bf58c", "version": 4}