{"crypto": {"kdf": {"function": "scrypt", "params": {"dklen": 32, "n": 262144, "r": 8, "p": 1, "salt": "2111edbf0a1c6e6cc7216e2650c7ee3ab63a48af8a1332f52ba07d4c53382ab2"}, "message": ""}, "checksum": {"function": "sha256", "params": {}, "message": "211fd89fc020085839ebe02a07b5acbfcfec584ee1c8412ef358d93891926043"}, "cipher": {"function": "aes-128-ctr", "params": {"iv": "22fcf9678d9d3451b7b70064c7aff1a4"}, "message": "5c54f27bc86c38c650e9be686a3946be4b3b0a5fa590d077b349d0a21bcc74e4"}}, "description": "", "pubkey": "8e7ebb0d21a59d2197c0d42fecb115fade630873995db96830174efbc5f2ab26fa6d1e5d2725738e2870c311e852e89d", "path": "m/12381/3600/0/0/0", "uuid": "47f01706-46ec-46fb-9b6f-1a0a37e1bcac", "version": 4}