{"crypto": {"kdf": {"function": "scrypt", "params": {"dklen": 32, "n": 262144, "r": 8, "p": 1, "salt": "2111edbf0a1c6e6cc7216e2650c7ee3ab63a48af8a1332f52ba07d4c53382ab2"}, "message": ""}, "checksum": {"function": "sha256", "params": {}, "message": "210ba9d6e567cec74284d3ab3a9a13827a9630faa5a96085af2429d9fcffa675"}, "cipher": {"function": "aes-128-ctr", "params": {"iv": "22fcf9678d9d3451b7b70064c7aff1a4"}, "message": "647e1ee4c22626e07cd41365a5b2c9854c8a72290cb5444e5a6b27d7d495b4f0"}}, "description": "", "pubkey": "8bc6becbdae1f495c4127a4962cbe2e87175c65618135d9dc5178ea9b753f900174d6c722523aa816eeeb17dc393b638", "path": "m/12381/3600/145/0/0", "uuid": "daef218c-cfda-4d0d-ac48-c3aac9dd88db", "version": 4}