{"crypto": {"kdf": {"function": "scrypt", "params": {"dklen": 32, "n": 262144, "r": 8, "p": 1, "salt": "2111edbf0a1c6e6cc7216e2650c7ee3ab63a48af8a1332f52ba07d4c53382ab2"}, "message": ""}, "checksum": {"function": "sha256", "params": {}, "message": "9d94754c46a606c6c4ab4e585cca659bcb4006a9a07c3e702b21a592b34f3feb"}, "cipher": {"function": "aes-128-ctr", "params": {"iv": "22fcf9678d9d3451b7b70064c7aff1a4"}, "message": "25af8a56112ed4a058a8e5111a7bed6774b20feaa29d3ff1f67e0839f8f01e2a"}}, "description": "", "pubkey": "8bb5c8535bb0e6f2d3d08199fd600a734b3ada1b76fb217495102fe47031e210ef9b00c3a3b6a3ad76e67b0b82213ff6", "path": "m/12381/3600/152/0/0", "uuid": "676e3bf1-c8c2-41fd-aade-5c8c91f2008f", "version": 4}