{"crypto": {"kdf": {"function": "scrypt", "params": {"dklen": 32, "n": 262144, "r": 8, "p": 1, "salt": "2111edbf0a1c6e6cc7216e2650c7ee3ab63a48af8a1332f52ba07d4c53382ab2"}, "message": ""}, "checksum": {"function": "sha256", "params": {}, "message": "0ef7125e556b266b58b5dcd551b81b3c813d83e21abab18c479abed78818d5c0"}, "cipher": {"function": "aes-128-ctr", "params": {"iv": "22fcf9678d9d3451b7b70064c7aff1a4"}, "message": "3fc5fd88e5df997dcc1b2813f5f5bea2adf9b248edf2847ff0facfef494a71d6"}}, "description": "", "pubkey": "b91b39357f45f3cb9e6ab8055c9569b09adf769a84b16a8fb6f3483a78b3311451d435742fd1ae9f8d27e534c049c0f0", "path": "m/12381/3600/28/0/0", "uuid": "be542941-fdb0-4075-89df-55518bdcf92e", "version": 4}