{"crypto": {"kdf": {"function": "scrypt", "params": {"dklen": 32, "n": 262144, "r": 8, "p": 1, "salt": "2111edbf0a1c6e6cc7216e2650c7ee3ab63a48af8a1332f52ba07d4c53382ab2"}, "message": ""}, "checksum": {"function": "sha256", "params": {}, "message": "d483ae55c3564242832029dfc512a242be89f6b77f4e28ee445fd810aad9d34b"}, "cipher": {"function": "aes-128-ctr", "params": {"iv": "22fcf9678d9d3451b7b70064c7aff1a4"}, "message": "61f8a083f861edb5675f81de647b166c4f19f3d3b81713ff12fb3770b6ff0a3e"}}, "description": "", "pubkey": "b40727e1b423cfd6f752575f300d16949d405a7a0003e174efcae19c4a0ec8eb79f8f641ebe5afc6da3ca089b6dc1d02", "path": "m/12381/3600/64/0/0", "uuid": "51dfe734-b47c-49e4-9110-10357bd2a1dc", "version": 4}