{"crypto": {"kdf": {"function": "scrypt", "params": {"dklen": 32, "n": 262144, "r": 8, "p": 1, "salt": "2111edbf0a1c6e6cc7216e2650c7ee3ab63a48af8a1332f52ba07d4c53382ab2"}, "message": ""}, "checksum": {"function": "sha256", "params": {}, "message": "918fbada7ef4de3d9a9835b66cd523a1583fa472c3c1f8141e83812774aafe3b"}, "cipher": {"function": "aes-128-ctr", "params": {"iv": "22fcf9678d9d3451b7b70064c7aff1a4"}, "message": "092a5bf667a1d56ab682799a9f10ae3dfd00acdaa19371f60db229f54edc3bbc"}}, "description": "", "pubkey": "a5f80fa6da79a5fe2fae33ec369f6d136fd6916b1484dcf43951c323d42f23c540e82a99f99da91e943d3018e6de43b6", "path": "m/12381/3600/162/0/0", "uuid": "948884ef-27bb-4b21-ae74-9d2b3ea04d5d", "version": 4}