{"crypto": {"kdf": {"function": "scrypt", "params": {"dklen": 32, "n": 262144, "r": 8, "p": 1, "salt": "2111edbf0a1c6e6cc7216e2650c7ee3ab63a48af8a1332f52ba07d4c53382ab2"}, "message": ""}, "checksum": {"function": "sha256", "params": {}, "message": "21296c2355977a4688ba9cfbf9c10eb1ba0db26d9af470cb31c3bb444101fe3b"}, "cipher": {"function": "aes-128-ctr", "params": {"iv": "22fcf9678d9d3451b7b70064c7aff1a4"}, "message": "7ab63620142b3a9aaaf9471f7c5f10b9b5c62809f1da5ce17301fdfc72fd633e"}}, "description": "", "pubkey": "8919630c6cdf1e30c846272ecec87a6b88f576ce722f81d0d5321bfec8c2bbaf0a4a42bad032b7f6a21081414fc9d28c", "path": "m/12381/3600/81/0/0", "uuid": "b5f26dd6-cd4a-489c-a27f-4f76927f1106", "version": 4}