{"crypto": {"kdf": {"function": "scrypt", "params": {"dklen": 32, "n": 262144, "r": 8, "p": 1, "salt": "2111edbf0a1c6e6cc7216e2650c7ee3ab63a48af8a1332f52ba07d4c53382ab2"}, "message": ""}, "checksum": {"function": "sha256", "params": {}, "message": "8ffe3699572c4876f28b608fdbcd7c7e1e3d14a7751ff9ec0d63b70feb4adc5c"}, "cipher": {"function": "aes-128-ctr", "params": {"iv": "22fcf9678d9d3451b7b70064c7aff1a4"}, "message": "3cf6a78e35db4c33818af8b2162f628e446a16eeab92e5175d404b8947b30b7e"}}, "description": "", "pubkey": "b873068adedc133cfeb77a7850a4a56ab452c2b584d1d446d6f20da09e49bacdf09f68da3901867e66ca4a896ab8eb11", "path": "m/12381/3600/161/0/0", "uuid": "864f09d4-68e2-49fc-a8b0-28766af21e16", "version": 4}