{"crypto": {"kdf": {"function": "scrypt", "params": {"dklen": 32, "n": 262144, "r": 8, "p": 1, "salt": "2111edbf0a1c6e6cc7216e2650c7ee3ab63a48af8a1332f52ba07d4c53382ab2"}, "message": ""}, "checksum": {"function": "sha256", "params": {}, "message": "f8d27902f63774a5e2d67955a4ba61187ccd323c15648602b33bcd45c32471df"}, "cipher": {"function": "aes-128-ctr", "params": {"iv": "22fcf9678d9d3451b7b70064c7aff1a4"}, "message": "79ae14981fb0e07121a518a85e58bca69b1c6a849be198b9c565f2b6ebff2b66"}}, "description": "", "pubkey": "a4d556fb9ad8dda955749e2e01d8ad0918c156f289a83a9db6c6f2e8ee200637a8dfca4ad13d4972f0303b5710c6fa00", "path": "m/12381/3600/18/0/0", "uuid": "af8f36f4-176d-4a99-a9b9-802a4aa9a7a3", "version": 4}