{"crypto": {"kdf": {"function": "scrypt", "params": {"dklen": 32, "n": 262144, "r": 8, "p": 1, "salt": "2111edbf0a1c6e6cc7216e2650c7ee3ab63a48af8a1332f52ba07d4c53382ab2"}, "message": ""}, "checksum": {"function": "sha256", "params": {}, "message": "b29d6c3a56f98fea72aefb24a8b86b5687fa5e0d09df792eeddadd7caa3bb340"}, "cipher": {"function": "aes-128-ctr", "params": {"iv": "22fcf9678d9d3451b7b70064c7aff1a4"}, "message": "795060c93ee497af985f094e73f5ccf75493f8ca167d3d428f885250b647478a"}}, "description": "", "pubkey": "b733ae2b2edcac21322409de4154047fbe1931bfc007a6659a67d94fcdfd6fac8c791c1e5d39b67c6a0257ac7675bf70", "path": "m/12381/3600/119/0/0", "uuid": "7676c5f6-b7bb-4ecf-a1d2-76afb2574b11", "version": 4}