{"crypto": {"kdf": {"function": "scrypt", "params": {"dklen": 32, "n": 262144, "r": 8, "p": 1, "salt": "2111edbf0a1c6e6cc7216e2650c7ee3ab63a48af8a1332f52ba07d4c53382ab2"}, "message": ""}, "checksum": {"function": "sha256", "params": {}, "message": "44c8cc5bb26252c6cde03b10a22cad689e0e5bbcd2b5c2dd3cb246b2807aab0d"}, "cipher": {"function": "aes-128-ctr", "params": {"iv": "22fcf9678d9d3451b7b70064c7aff1a4"}, "message": "0d4ed69dd71e2e705ca16ab8e800e8908d2bce8b0df923aa3432b60cdf62960d"}}, "description": "", "pubkey": "93a0ea49890160884a01e9e5bb3e37f3543fbcd0b63d5612ea397faa0b27fce27940aed2052505b7ddd04586ffba57f4", "path": "m/12381/3600/156/0/0", "uuid": "f017703a-1bfa-4e39-8eae-42eacf0a9287", "version": 4}