{"crypto": {"kdf": {"function": "scrypt", "params": {"dklen": 32, "n": 262144, "r": 8, "p": 1, "salt": "2111edbf0a1c6e6cc7216e2650c7ee3ab63a48af8a1332f52ba07d4c53382ab2"}, "message": ""}, "checksum": {"function": "sha256", "params": {}, "message": "c531cf0dcf4548d996745e67df254a2b0df1cc88b740183c0b0eda842651937d"}, "cipher": {"function": "aes-128-ctr", "params": {"iv": "22fcf9678d9d3451b7b70064c7aff1a4"}, "message": "44799f6a2584a417c03bea23f618079c19366de6acfdfbf433159cfe21f49cec"}}, "description": "", "pubkey": "b50c94533fe2e74e62bc4bdb076d7330e818d3e76049f7449fb33da9fa9b465054bfcb8ffa3728725efb2fd4eece845f", "path": "m/12381/3600/125/0/0", "uuid": "53319e0a-ad70-422d-bbd6-9a9d5e74c5b2", "version": 4}