{"crypto": {"kdf": {"function": "scrypt", "params": {"dklen": 32, "n": 262144, "r": 8, "p": 1, "salt": "2111edbf0a1c6e6cc7216e2650c7ee3ab63a48af8a1332f52ba07d4c53382ab2"}, "message": ""}, "checksum": {"function": "sha256", "params": {}, "message": "90aea67b664d862abd14e1edaf9258441e0abd8fbe3cb1a895a515211befec75"}, "cipher": {"function": "aes-128-ctr", "params": {"iv": "22fcf9678d9d3451b7b70064c7aff1a4"}, "message": "00bc161c735cb7a5c4c936b1f4cbb93bd9a875a78aecc5cc88d46c364b62b913"}}, "description": "", "pubkey": "a4801cfaec921476a46d1e7aa5634de26f91cc88b23421f973780b7015828c899a59c00d695fe65da9777ccfc33bc9ce", "path": "m/12381/3600/38/0/0", "uuid": "72cab1a7-65fc-4bab-8fae-3225b74b8614", "version": 4}