{"crypto": {"kdf": {"function": "scrypt", "params": {"dklen": 32, "n": 262144, "r": 8, "p": 1, "salt": "2111edbf0a1c6e6cc7216e2650c7ee3ab63a48af8a1332f52ba07d4c53382ab2"}, "message": ""}, "checksum": {"function": "sha256", "params": {}, "message": "bc9c820c0980b8404906e7a1cb349729d336ea3e84c1d82617b9475dddfc1d23"}, "cipher": {"function": "aes-128-ctr", "params": {"iv": "22fcf9678d9d3451b7b70064c7aff1a4"}, "message": "264706fafd97711d1fa2c86b7083d39ed417f15ac7121bb4ae907b76ed8b63c2"}}, "description": "", "pubkey": "87090c95cc6a4394c799eb3565707fa79b5d06b4f19ad157f1b72c508998d49bda65a3d53eee06d3e8edb520b9db0144", "path": "m/12381/3600/87/0/0", "uuid": "ae1dfe9d-72f0-4ad1-a0e2-a3ee6cb69917", "version": 4}