{"crypto": {"kdf": {"function": "scrypt", "params": {"dklen": 32, "n": 262144, "r": 8, "p": 1, "salt": "2111edbf0a1c6e6cc7216e2650c7ee3ab63a48af8a1332f52ba07d4c53382ab2"}, "message": ""}, "checksum": {"function": "sha256", "params": {}, "message": "d69b53238967d861c3967e1887ea84c306c9ceb9525c0665798edc11a11b7f51"}, "cipher": {"function": "aes-128-ctr", "params": {"iv": "22fcf9678d9d3451b7b70064c7aff1a4"}, "message": "616664df61e30eebe7c08c2162ea0923b75de1808e5b7af8f9400bf9cca64efd"}}, "description": "", "pubkey": "a780f0eaa25dccf1c7713d85db69a3beb63c4e96b8ad7d01fa9ae6f326c812348d620228dcb68e1f2817fb76fe2ef172", "path": "m/12381/3600/82/0/0", "uuid": "f9a5f3f5-63b7-4d65-baf3-9b7a20d83d21", "version": 4}