{"crypto": {"kdf": {"function": "scrypt", "params": {"dklen": 32, "n": 262144, "r": 8, "p": 1, "salt": "2111edbf0a1c6e6cc7216e2650c7ee3ab63a48af8a1332f52ba07d4c53382ab2"}, "message": ""}, "checksum": {"function": "sha256", "params": {}, "message": "7c40187ef36a24fd9c31b052fe23391b9edf28f2693de98e873ee17114232648"}, "cipher": {"function": "aes-128-ctr", "params": {"iv": "22fcf9678d9d3451b7b70064c7aff1a4"}, "message": "75c1a6967a1a7e66e9ea8e384a05d4ba00758826e4e91def946f9b623a01dac2"}}, "description": "", "pubkey": "95f469b27f3f54d6bc81788c2bea6e691d73befe16ea106e9e6381b9d019937ddeb82b57fd0bb34dca70cb6b1a5acf87", "path": "m/12381/3600/123/0/0", "uuid": "0777b3ee-1fee-44d4-8ff1-f1b2650ea867", "version": 4}