{"crypto": {"kdf": {"function": "scrypt", "params": {"dklen": 32, "n": 262144, "r": 8, "p": 1, "salt": "2111edbf0a1c6e6cc7216e2650c7ee3ab63a48af8a1332f52ba07d4c53382ab2"}, "message": ""}, "checksum": {"function": "sha256", "params": {}, "message": "50cbc9bedfc84073859eba297b1628ed06d51af281feaba31b6f579190b25832"}, "cipher": {"function": "aes-128-ctr", "params": {"iv": "22fcf9678d9d3451b7b70064c7aff1a4"}, "message": "3be5957229dc6d906b4ec10b03f4ebdc7d8f9f562f1d48635b3dd7d581b5ec93"}}, "description": "", "pubkey": "ae1d53561c8dbf88b6b888f9759aba904c09201e3bc227a227c09adb40dcea5c6045a9a5f90c68a3fbeb20ebdb0f3002", "path": "m/12381/3600/107/0/0", "uuid": "eb27cc2e-4ec1-45d8-97bb-0bcc995c4326", "version": 4}