{"crypto": {"kdf": {"function": "scrypt", "params": {"dklen": 32, "n": 262144, "r": 8, "p": 1, "salt": "d3de6befb437a376657dfbb3574cb3460a86bb1bde11211d863c244888fe7374"}, "message": ""}, "checksum": {"function": "sha256", "params": {}, "message": "b3d92fc5863ea5bd01210d5814aa36bd2c0ecebffbcd039cafe55c2f08bd80ff"}, "cipher": {"function": "aes-128-ctr", "params": {"iv": "29981de9877fcd84f24b779ac581e1b4"}, "message": "08aac5c7008dd152362f3b63b25a92cf291e546021987adb80bc2362d16445f5"}}, "description": "", "pubkey": "97cbbe92bf31b3e650349af3ce76f338cd4ea741d46621952a67bdba1b2f6db3e29e04b4d4ba6bd551674b99c6a700a5", "path": "m/12381/3600/6/0/0", "uuid": "3f81053a-da63-46b0-86f7-caa588d9cc61", "version": 4}