{"crypto": {"kdf": {"function": "scrypt", "params": {"dklen": 32, "n": 262144, "r": 8, "p": 1, "salt": "2111edbf0a1c6e6cc7216e2650c7ee3ab63a48af8a1332f52ba07d4c53382ab2"}, "message": ""}, "checksum": {"function": "sha256", "params": {}, "message": "9e6b613236d56061c5aa050f74569fc2ef716c0a48ebf6499bddc35171087a82"}, "cipher": {"function": "aes-128-ctr", "params": {"iv": "22fcf9678d9d3451b7b70064c7aff1a4"}, "message": "72aa5f697df602feb492463f21c07511ef95290645d8ec9ef49a6fbafd43ea9f"}}, "description": "", "pubkey": "924ec11dfeb6dc411e824e24e27cfd75ab89e84caf72786bc0a254fcd69430dfcdea8c1e70c07ce8ed369012ba4a3d7b", "path": "m/12381/3600/62/0/0", "uuid": "1157cada-8099-4bc9-a88a-194b9fcb06db", "version": 4}