{"crypto": {"kdf": {"function": "scrypt", "params": {"dklen": 32, "n": 262144, "r": 8, "p": 1, "salt": "2111edbf0a1c6e6cc7216e2650c7ee3ab63a48af8a1332f52ba07d4c53382ab2"}, "message": ""}, "checksum": {"function": "sha256", "params": {}, "message": "826854de4db64bab3a26564a2ed79bfdfb24b200893fca7cab06de1caf1b19c2"}, "cipher": {"function": "aes-128-ctr", "params": {"iv": "22fcf9678d9d3451b7b70064c7aff1a4"}, "message": "4e8de06dc59ff854e734d7d24ae4cb5f9ecc28a463f497769dbde4e3cd9ae211"}}, "description": "", "pubkey": "8d62046b3475d04b3392abbcf4e4f56af659c36e108dccc43f168f078537c12865b0c0d007eb46dad4532bcc604964ea", "path": "m/12381/3600/89/0/0", "uuid": "d5853610-44a6-43d9-a67a-176530875bc8", "version": 4}