{"crypto": {"kdf": {"function": "scrypt", "params": {"dklen": 32, "n": 262144, "r": 8, "p": 1, "salt": "2111edbf0a1c6e6cc7216e2650c7ee3ab63a48af8a1332f52ba07d4c53382ab2"}, "message": ""}, "checksum": {"function": "sha256", "params": {}, "message": "bc120b7f653b03409c8823eb4b48b765d6d025eb5226757c3380ea904fb4eac7"}, "cipher": {"function": "aes-128-ctr", "params": {"iv": "22fcf9678d9d3451b7b70064c7aff1a4"}, "message": "2c9a3deafe7f4faf97b30989dbbf927d5b9d812563f8c6ae124473cbeaeae5c5"}}, "description": "", "pubkey": "8388419f54ad0db21dfa9f2fa25ec8f433ff33031f3ea9fbbe00f9251d48bcd27001ffa407e6cb43baae7958db308844", "path": "m/12381/3600/102/0/0", "uuid": "ccb35cb9-23a6-422c-8aac-acb639a6b21e", "version": 4}