{"crypto": {"kdf": {"function": "scrypt", "params": {"dklen": 32, "n": 262144, "r": 8, "p": 1, "salt": "413384c0532d17ac0d4c7b1084c9e656f249a50562f7380456bd9102b3d37a01"}, "message": ""}, "checksum": {"function": "sha256", "params": {}, "message": "ac98066efcb70abb545ca7585dd5717f6e0892ba6efd7e80a4aacdba6115a7ed"}, "cipher": {"function": "aes-128-ctr", "params": {"iv": "6b2033011e9501aa4ac291a2f3d9fed4"}, "message": "06780b1f328610c266b9af86d26b7e06e6daac068df46ddfe47bf107d762adfe"}}, "description": "", "pubkey": "b7ddfcee9b43ecf29647bf8f41c18edc88a43d955a674438b484e5dd44d59386b27bc643b03ab2b3bf5f8bdcc0b2c423", "path": "m/12381/3600/12/0/0", "uuid": "293075ad-02f7-42c0-9adf-c7fb91fecb6b", "version": 4}