{"crypto": {"kdf": {"function": "scrypt", "params": {"dklen": 32, "n": 262144, "r": 8, "p": 1, "salt": "2111edbf0a1c6e6cc7216e2650c7ee3ab63a48af8a1332f52ba07d4c53382ab2"}, "message": ""}, "checksum": {"function": "sha256", "params": {}, "message": "1a59d7823adee7b1f938d073064cb426e67463bdf78586b59bbc74a77f2d18bd"}, "cipher": {"function": "aes-128-ctr", "params": {"iv": "22fcf9678d9d3451b7b70064c7aff1a4"}, "message": "7b3c274e6f2b984625815158daabf63f0b1488d26e1b6efe9fa6ee5b5c4ca185"}}, "description": "", "pubkey": "ae257b2fd003000f2b558e04de9336855ed5ad287072d424a5f40ca5fb26dbb95d073df0cc7ff7e76b526eb0bd2ea9e9", "path": "m/12381/3600/186/0/0", "uuid": "8e5ba2e4-e1b5-435e-a4f6-e02bda14ec6c", "version": 4}