{"crypto": {"kdf": {"function": "scrypt", "params": {"dklen": 32, "n": 262144, "r": 8, "p": 1, "salt": "2111edbf0a1c6e6cc7216e2650c7ee3ab63a48af8a1332f52ba07d4c53382ab2"}, "message": ""}, "checksum": {"function": "sha256", "params": {}, "message": "ac488a6c3591b12232ecbb1d440437abb9e2ab381b97c7c6c1cc2143198c74bd"}, "cipher": {"function": "aes-128-ctr", "params": {"iv": "22fcf9678d9d3451b7b70064c7aff1a4"}, "message": "07d62a03e06d03f81778cc3c353e56fb2edbfa41d66d2ab7cc6e9567df846fbb"}}, "description": "", "pubkey": "91ed142139f7bcb22184917359564ebadc2ca83db0e29ff768541c369189c0a08a8e94f819d3fcba4da9ae6e4c012983", "path": "m/12381/3600/56/0/0", "uuid": "0aea66fd-76fc-49d5-b281-6ea7a5e3fd7e", "version": 4}