{"crypto": {"kdf": {"function": "scrypt", "params": {"dklen": 32, "n": 262144, "r": 8, "p": 1, "salt": "9c0bafee5bf3ea485ea254ac38ea6b2d72a9f5273dac7d7fb24cd03e8fe1d05b"}, "message": ""}, "checksum": {"function": "sha256", "params": {}, "message": "b44dac170a2af10452d3e96880ef8b8911283bb64c987500ebc31c55104f16ad"}, "cipher": {"function": "aes-128-ctr", "params": {"iv": "6e42231e041ec9ef9bb3a7fc1c5c4e7d"}, "message": "535f2f3bb52329bc97c350b8a4572d2a65917b3058284ecdec907f8ef35cae4d"}}, "description": "", "pubkey": "95e750d5f1a143c9b6122a0294d8003bc68b036327d3ec21987191ebdb7f1f458416738e8699a5eeb5d59612c0f21fbb", "path": "m/12381/3600/28/0/0", "uuid": "374f2b83-2b83-41f3-8e81-b4cef0a020f8", "version": 4}