{"crypto": {"kdf": {"function": "scrypt", "params": {"dklen": 32, "n": 262144, "r": 8, "p": 1, "salt": "d39fd9a6c95be5e511c03968bcadcbc6b8033955e19b5fdacca13d3ef09f0317"}, "message": ""}, "checksum": {"function": "sha256", "params": {}, "message": "30c6d8a03a768338f5e65e9af77cdf2cd68c8905220fc6ab9aa649750ca83f21"}, "cipher": {"function": "aes-128-ctr", "params": {"iv": "c296383d27b10c2a1d73921267905105"}, "message": "fadaad319ebea6f5b25355b86657065b7eb926ef9114a2c6cb9a09107bac23a1"}}, "description": "", "pubkey": "b1c870177ab24fe3ba89daff46a232bf46c91392ddfa5323c1de042fc5dd11ed7ee16d6744ec2025a9df6042d1f31da8", "path": "m/12381/3600/3/0/0", "uuid": "45e1a074-4161-4027-a8d0-eccf3f67f726", "version": 4}