{"crypto": {"kdf": {"function": "scrypt", "params": {"dklen": 32, "n": 262144, "r": 8, "p": 1, "salt": "b67c6cf05ca7f9389516041107d7564803a44ff10aa686ba0b3b99e3ed183258"}, "message": ""}, "checksum": {"function": "sha256", "params": {}, "message": "9d07bdef98a8c0a2ecd4429ed8f9a910f7e15bb0a336cb03dd44a3fb5758b9dc"}, "cipher": {"function": "aes-128-ctr", "params": {"iv": "5c688661df07ac2266693f4b91ac208d"}, "message": "42cfd0b802af3e2ae6529f58d2ee9e0bb2cbf8123e6a52147f1bcc36e2e2c9f9"}}, "description": "", "pubkey": "8474b236633e2e80055b5c24cce998f0ca0c1f252ed3b17bb2348eabe53e3486402e8f6d4be0a8cfd51dfbc8c06b6920", "path": "m/12381/3600/5/0/0", "uuid": "92a954b1-e116-495d-a10a-fc7c3160b44d", "version": 4}