{"crypto": {"kdf": {"function": "scrypt", "params": {"dklen": 32, "n": 262144, "r": 8, "p": 1, "salt": "04560872b6ebd1f1aecabcecdb5ac6676214491a88cb452050cb03281d5c3ea8"}, "message": ""}, "checksum": {"function": "sha256", "params": {}, "message": "f68ac7acc0677a811cef419c6df284977d6056db2be2b500b76ffd458b55c807"}, "cipher": {"function": "aes-128-ctr", "params": {"iv": "c7e037336cf8dd0d4ac025f04b5d3f53"}, "message": "3ad0ed60f7cf8469b2ad047c84f0583b3896ea4a8d42642c197f6dcb3b236f61"}}, "description": "", "pubkey": "ac1744bdaeb169a15e61fefc5ef9d0163cdd29bbdc8ab6255bf996ff3abacda5c8397ffc322efafa5fdbbc8a5b234810", "path": "m/12381/3600/41/0/0", "uuid": "78ae6df3-963e-4289-af3e-0947d7e7ef7c", "version": 4}