{"crypto": {"kdf": {"function": "scrypt", "params": {"dklen": 32, "n": 262144, "r": 8, "p": 1, "salt": "9c0bafee5bf3ea485ea254ac38ea6b2d72a9f5273dac7d7fb24cd03e8fe1d05b"}, "message": ""}, "checksum": {"function": "sha256", "params": {}, "message": "310954d10be68f68fd7c37660e8bcae9832690ded8bb507825d0cc283c83e3cc"}, "cipher": {"function": "aes-128-ctr", "params": {"iv": "6e42231e041ec9ef9bb3a7fc1c5c4e7d"}, "message": "0225759aed41fe912317a2bca730e3390c84872233708dfd2cff5b98b01a63d6"}}, "description": "", "pubkey": "8f2e1b1b55b6757c6a24fe3ef1c5248c54d908f2ba229ea8a595d33ada082c85d4d988f378b0edafbfa51185d577168e", "path": "m/12381/3600/92/0/0", "uuid": "cd3ca705-0370-4e1f-b193-8507e8f41649", "version": 4}