{"crypto": {"kdf": {"function": "scrypt", "params": {"dklen": 32, "n": 262144, "r": 8, "p": 1, "salt": "85e6d813be8aff30fe4d6ff9a8c66701462bea0ace48ae9119c5ce37bf3cbee6"}, "message": ""}, "checksum": {"function": "sha256", "params": {}, "message": "14cdfde77c56612d37e59cc84a8cdbee126965547bcbe4b76bb626738d7cb3be"}, "cipher": {"function": "aes-128-ctr", "params": {"iv": "cf239913a84dab91df8c5ac88e26e888"}, "message": "5a96eaf33b99dc785e5e1de9039615a7358e34b67b7bcff1eff5c914e6103f86"}}, "description": "", "pubkey": "a1f8231c65b57a950ba7932b61663ccc47e2d9c2e0e1d1da09334733c7d4786617569cddb469c35e9e2e18ee8d90f72e", "path": "m/12381/3600/47/0/0", "uuid": "d6e4d8a4-15ab-4354-9bac-f60b841661c3", "version": 4}