{"crypto": {"kdf": {"function": "scrypt", "params": {"dklen": 32, "n": 262144, "r": 8, "p": 1, "salt": "d39fd9a6c95be5e511c03968bcadcbc6b8033955e19b5fdacca13d3ef09f0317"}, "message": ""}, "checksum": {"function": "sha256", "params": {}, "message": "840ba836a6683a58bd97c316e1cec9a3e59277beb19a965c08e1c0c4228e7cae"}, "cipher": {"function": "aes-128-ctr", "params": {"iv": "c296383d27b10c2a1d73921267905105"}, "message": "e0df435fe79e787bc02aee52e4fb01c89bce8c487b3500f7686df7a9f889fdd9"}}, "description": "", "pubkey": "964227d4faef5e9a83f667b4e41cd010e005f7b9abf0d2f00e6806abe3644c80b2e040d1c0937abcb8aa90eff9fc6fd4", "path": "m/12381/3600/44/0/0", "uuid": "3dc947c0-4030-49a2-bd3d-cc17d0133df2", "version": 4}