{"crypto": {"kdf": {"function": "scrypt", "params": {"dklen": 32, "n": 262144, "r": 8, "p": 1, "salt": "85e6d813be8aff30fe4d6ff9a8c66701462bea0ace48ae9119c5ce37bf3cbee6"}, "message": ""}, "checksum": {"function": "sha256", "params": {}, "message": "7eb67d9c06fc691ca465ff94b3a10eaa1ae9a4c6bc32ab61d749f7ec9eaf53ed"}, "cipher": {"function": "aes-128-ctr", "params": {"iv": "cf239913a84dab91df8c5ac88e26e888"}, "message": "5307e06aaa51f136c408d3bbb5d024ab477e9db1eca523b608055325944a65d6"}}, "description": "", "pubkey": "86aefa7bc4eb3a8027bc4c10ec78ab36b48b7d7f541d9f5da295c979110dd8318a34bfcdd03dc1bce4ab8f78a0546b0c", "path": "m/12381/3600/46/0/0", "uuid": "93db26aa-b84a-4424-869f-4acbf930cdb7", "version": 4}