{"crypto": {"kdf": {"function": "scrypt", "params": {"dklen": 32, "n": 262144, "r": 8, "p": 1, "salt": "04560872b6ebd1f1aecabcecdb5ac6676214491a88cb452050cb03281d5c3ea8"}, "message": ""}, "checksum": {"function": "sha256", "params": {}, "message": "7267ca112480fab6f559256e4c3f2238fda34cbcea698340dfda1c5366766d5f"}, "cipher": {"function": "aes-128-ctr", "params": {"iv": "c7e037336cf8dd0d4ac025f04b5d3f53"}, "message": "035ca34aa7706bbf1418d4cc3f622a3c819aa839e6ba3e54d75f7d562ecd0237"}}, "description": "", "pubkey": "86d3582aeb458ed62460b2bd4f5dd9ec7088610fc15c88f6750787c6b0d3832c4d5668ca6c7b2c454414b66b04046e7c", "path": "m/12381/3600/6/0/0", "uuid": "aaa883ba-9a45-4d91-a29f-5f0bc5e95e7e", "version": 4}