{"crypto": {"kdf": {"function": "scrypt", "params": {"dklen": 32, "n": 262144, "r": 8, "p": 1, "salt": "f61bf38d501076255aa5766f8fd84330a3ceec550b8f9ca4611be7f453f524da"}, "message": ""}, "checksum": {"function": "sha256", "params": {}, "message": "91a4572422eb0045e84b2029bcbd7fb9e76b07c04481ade248358caf13a726bd"}, "cipher": {"function": "aes-128-ctr", "params": {"iv": "0ac01059e04307fd89bb4e286db896c7"}, "message": "988d3f1a23fca2fabef18bfec3b4bfa015f36a407a2be277a1c3af7e4b45193b"}}, "description": "", "pubkey": "918139cee5ac0ef76c60188c5c205f7bbb85e3ec2a0d444ae1d2e00fb3b8a9d92d50f19ffad47d011659fad0c1d44b46", "path": "m/12381/3600/0/0/0", "uuid": "327ba966-c9d9-4ef1-b498-5b604cd00e60", "version": 4}