{"crypto": {"kdf": {"function": "scrypt", "params": {"dklen": 32, "n": 262144, "r": 8, "p": 1, "salt": "d543b437ed414df9dac43e5eaf736998de58f180a74554f3fe8252a001cbba3e"}, "message": ""}, "checksum": {"function": "sha256", "params": {}, "message": "7df26aef4ce4487150b24e8c88666709bf3636cabe95b845c4273b105897a449"}, "cipher": {"function": "aes-128-ctr", "params": {"iv": "ff850b5f738c081dfd09d7d781372c02"}, "message": "6e3557a76454426e28af3b97866c0e81f0f0382af08070f95cc7dbfa7cc239a3"}}, "description": "", "pubkey": "abfa2b712187b31d7e74a4451e88a69ee6bd7915ed48f4475f16cfa15262eba89c1b3fb1cd704ee499ea5355110db2ce", "path": "m/12381/3600/2/0/0", "uuid": "ecb3793b-db25-41eb-bf41-e4a9caf7d5cf", "version": 4}