{"crypto": {"kdf": {"function": "scrypt", "params": {"dklen": 32, "n": 262144, "r": 8, "p": 1, "salt": "9c0bafee5bf3ea485ea254ac38ea6b2d72a9f5273dac7d7fb24cd03e8fe1d05b"}, "message": ""}, "checksum": {"function": "sha256", "params": {}, "message": "716427b7475c73712b0d2d41ed6a680fed9c4670a480f7f7865bdaf7698f7736"}, "cipher": {"function": "aes-128-ctr", "params": {"iv": "6e42231e041ec9ef9bb3a7fc1c5c4e7d"}, "message": "4728436912decac8c779b63e96d304073c2e76ad6ea8587f7572e39c2c3ff566"}}, "description": "", "pubkey": "b4afc3c7691c9785aec5e865b7cc7de903d4d2e73f6fb38e365cc81188e1dbc9a7d1b89e0b95ed02035a820de6de3ba5", "path": "m/12381/3600/4/0/0", "uuid": "d4e20313-4104-42a4-b9f2-f09f08c95004", "version": 4}