{"crypto": {"kdf": {"function": "scrypt", "params": {"dklen": 32, "n": 262144, "r": 8, "p": 1, "salt": "e2a98651fa8ef0100876db56d6368102c34a4e9bb923adf3d5d5766ac80142fb"}, "message": ""}, "checksum": {"function": "sha256", "params": {}, "message": "7bdd920297c98c3659e6a44791f5f897166f9ca94b4ada4104a8e917ab97bf60"}, "cipher": {"function": "aes-128-ctr", "params": {"iv": "f6db09be2c00208086f91c971ef150f9"}, "message": "a5d22f3a8bdf644abc7bec11dbf48cdad0e9907abb411405fa7579f0025ba66d"}}, "description": "", "pubkey": "b4afc3c7691c9785aec5e865b7cc7de903d4d2e73f6fb38e365cc81188e1dbc9a7d1b89e0b95ed02035a820de6de3ba5", "path": "m/12381/3600/4/0/0", "uuid": "5971a8e4-cd1c-492d-b458-ef17793dff1c", "version": 4}