{"crypto": {"kdf": {"function": "scrypt", "params": {"dklen": 32, "n": 262144, "r": 8, "p": 1, "salt": "85e6d813be8aff30fe4d6ff9a8c66701462bea0ace48ae9119c5ce37bf3cbee6"}, "message": ""}, "checksum": {"function": "sha256", "params": {}, "message": "1807a629de180ded0680a44ff0cc8097e93f5a4a99329de86a730655fc70d778"}, "cipher": {"function": "aes-128-ctr", "params": {"iv": "cf239913a84dab91df8c5ac88e26e888"}, "message": "05872d0faded401c97da945a5a6a15977f37ea1af84d49be222cabf11388e8dd"}}, "description": "", "pubkey": "94f9f5c1adfc092199dd7933066059218b48b9e88cd6c0d5cb003c08df006b848c9032a4341e5b039967f0aac704e34f", "path": "m/12381/3600/11/0/0", "uuid": "4bf2e4af-67d2-4edc-8cf1-2000b0bfea2a", "version": 4}