{"crypto": {"kdf": {"function": "scrypt", "params": {"dklen": 32, "n": 262144, "r": 8, "p": 1, "salt": "85e6d813be8aff30fe4d6ff9a8c66701462bea0ace48ae9119c5ce37bf3cbee6"}, "message": ""}, "checksum": {"function": "sha256", "params": {}, "message": "86afe48743ef3f783e2121b3262b1e887eb448d995e834b0ee94583721677998"}, "cipher": {"function": "aes-128-ctr", "params": {"iv": "cf239913a84dab91df8c5ac88e26e888"}, "message": "2334b640292427cb9daffcdd25f19efcd05c4499baa7db063dd715703677071a"}}, "description": "", "pubkey": "a4801cfaec921476a46d1e7aa5634de26f91cc88b23421f973780b7015828c899a59c00d695fe65da9777ccfc33bc9ce", "path": "m/12381/3600/38/0/0", "uuid": "3e2ce9bf-75f7-4498-ad0d-cf20951f16db", "version": 4}