{"crypto": {"kdf": {"function": "scrypt", "params": {"dklen": 32, "n": 262144, "r": 8, "p": 1, "salt": "9c0bafee5bf3ea485ea254ac38ea6b2d72a9f5273dac7d7fb24cd03e8fe1d05b"}, "message": ""}, "checksum": {"function": "sha256", "params": {}, "message": "f5cf6ae54af067f61ccdd56719791c38d16c97b91c9521f540cc51a9bd610cd3"}, "cipher": {"function": "aes-128-ctr", "params": {"iv": "6e42231e041ec9ef9bb3a7fc1c5c4e7d"}, "message": "561c9d0440fc6c9d679de0cebac18481756244559fbe6a97cd5a17e16c2ad65a"}}, "description": "", "pubkey": "9520d256c8238fa744a53e58a6fa99620a9bfef5f975566884365a63a6a752deb82208f01b925fc70ac43dbab348147a", "path": "m/12381/3600/78/0/0", "uuid": "99961141-d41b-48d7-85ad-d682fef0f068", "version": 4}