{"crypto": {"kdf": {"function": "scrypt", "params": {"dklen": 32, "n": 262144, "r": 8, "p": 1, "salt": "9c0bafee5bf3ea485ea254ac38ea6b2d72a9f5273dac7d7fb24cd03e8fe1d05b"}, "message": ""}, "checksum": {"function": "sha256", "params": {}, "message": "8d1a96418a7c0ebde8a1671f0e59b512ef53fc121592663f81c8bdd369573831"}, "cipher": {"function": "aes-128-ctr", "params": {"iv": "6e42231e041ec9ef9bb3a7fc1c5c4e7d"}, "message": "5fe62a09e9ed50de9e28bb5d720eb6072886ba8be26c831fa6a73502042908ea"}}, "description": "", "pubkey": "aed906f5a196a9584cf62142eb08dba4e74b75f65e48b4e15766019f6612cda049ab8dbe35909f93503f740cb424326d", "path": "m/12381/3600/83/0/0", "uuid": "1e23d254-1aaa-4a04-b6ea-e2670aa48d4f", "version": 4}