{"crypto": {"kdf": {"function": "scrypt", "params": {"dklen": 32, "n": 262144, "r": 8, "p": 1, "salt": "901f700c95c4765a49f21ed3e7bc80b0a03146d71cabaae138744b830837441a"}, "message": ""}, "checksum": {"function": "sha256", "params": {}, "message": "ead9bc908e5ae9e0bed13fa84d1095d46fcdb3a5accad1ae84227abba3f204c4"}, "cipher": {"function": "aes-128-ctr", "params": {"iv": "b906dc73503e0f154fefb33c722d98ca"}, "message": "680b776a93000c8f2996cfa5fc2824e018557a59c7e0f90eba9f7d76f8a6a3bd"}}, "description": "", "pubkey": "8d84bae5d7b7143ea0d66444a77321c8179bd3ab3f19646a11d35aeb4be76b6d1b9ce8456e7403f99219d5c6546539b3", "path": "m/12381/3600/1/0/0", "uuid": "74241500-e8ae-405e-90e6-444a0e4ed71a", "version": 4}