{"crypto": {"kdf": {"function": "scrypt", "params": {"dklen": 32, "n": 262144, "r": 8, "p": 1, "salt": "23625673e59366220819dd084667a28883c869482060cb613a0669fc2c21a8b4"}, "message": ""}, "checksum": {"function": "sha256", "params": {}, "message": "4bc31229dd08f07862ae0aadfc0a07af123f0560681fda64b8bbc1f43b24c85c"}, "cipher": {"function": "aes-128-ctr", "params": {"iv": "4a5034e37584fbbed060eabbc7d9e61f"}, "message": "500e6af369c6858bd49e72cbe6b52cac860b80afed9e4000cedb3a3888ca6a25"}}, "description": "", "pubkey": "abfa2b712187b31d7e74a4451e88a69ee6bd7915ed48f4475f16cfa15262eba89c1b3fb1cd704ee499ea5355110db2ce", "path": "m/12381/3600/2/0/0", "uuid": "8afc6dbf-bc65-4ac0-b76f-5a84bd931d83", "version": 4}