{"crypto": {"kdf": {"function": "scrypt", "params": {"dklen": 32, "n": 262144, "r": 8, "p": 1, "salt": "4be739fbba45224b47d4a62e5d3fbc642dd6f972ee04a41b206ffc45f196eea2"}, "message": ""}, "checksum": {"function": "sha256", "params": {}, "message": "2ab5ec5fd6232071f5732d569b0f954a83fb274fa25d0ab488187c786597feac"}, "cipher": {"function": "aes-128-ctr", "params": {"iv": "8f3d0419c9937da358c460687faaa708"}, "message": "16cef8fcd977a62ff1d6e512b4a3b2e8850ab42582242c5ccb142cebb6d6c317"}}, "description": "", "pubkey": "abfa2b712187b31d7e74a4451e88a69ee6bd7915ed48f4475f16cfa15262eba89c1b3fb1cd704ee499ea5355110db2ce", "path": "m/12381/3600/2/0/0", "uuid": "b9cc998e-a4db-464d-861b-8ed03de20bec", "version": 4}