{"crypto": {"kdf": {"function": "scrypt", "params": {"dklen": 32, "n": 262144, "r": 8, "p": 1, "salt": "81c3a43793d2a1d8b9d2bc79a02f5fc82ed808563692aea57984984b71347ee4"}, "message": ""}, "checksum": {"function": "sha256", "params": {}, "message": "d7ed6c4bfa9fb93983bc9d0e9495929d1b7568a45e4cb05b48ddc00e3f1f4c60"}, "cipher": {"function": "aes-128-ctr", "params": {"iv": "3a0dddd9aa6050a7c6255d5add0de99e"}, "message": "b33f28d6a77fdac53b4714e7ce3463977fdc1995c5d6f0fe6ae31ef40a851c1a"}}, "description": "", "pubkey": "8d84bae5d7b7143ea0d66444a77321c8179bd3ab3f19646a11d35aeb4be76b6d1b9ce8456e7403f99219d5c6546539b3", "path": "m/12381/3600/1/0/0", "uuid": "e8391f72-cd53-4ddf-8e04-6861ed26d3be", "version": 4}