{"crypto": {"kdf": {"function": "scrypt", "params": {"dklen": 32, "n": 262144, "r": 8, "p": 1, "salt": "04560872b6ebd1f1aecabcecdb5ac6676214491a88cb452050cb03281d5c3ea8"}, "message": ""}, "checksum": {"function": "sha256", "params": {}, "message": "e219a4266850b3b08173d8d2da87b81061df3275bba32cdfdc13374e4335be5f"}, "cipher": {"function": "aes-128-ctr", "params": {"iv": "c7e037336cf8dd0d4ac025f04b5d3f53"}, "message": "3898880700b857ff4fa74aa8145f0a699a59c3b89dc3126abf42f16c201d336a"}}, "description": "", "pubkey": "b125ce7fb1b7ac9ccf442aa40743e6ea32dbf7657854f73dc96470d964a3f79120b0d6801561f67e0313b9c4ce5ce3bb", "path": "m/12381/3600/32/0/0", "uuid": "ff1de22f-34bc-4b25-b136-1a08dfcf0c36", "version": 4}