{"crypto": {"kdf": {"function": "scrypt", "params": {"dklen": 32, "n": 262144, "r": 8, "p": 1, "salt": "2111edbf0a1c6e6cc7216e2650c7ee3ab63a48af8a1332f52ba07d4c53382ab2"}, "message": ""}, "checksum": {"function": "sha256", "params": {}, "message": "d4d6e227a2270fdefe406071695d2bcc68fc53f0063c5537bb59078bdb1cb8ef"}, "cipher": {"function": "aes-128-ctr", "params": {"iv": "22fcf9678d9d3451b7b70064c7aff1a4"}, "message": "6bc3ad2eb466f42b9826bf6bb050d0b67bcabd99401ef836fc7a60ec27dd4320"}}, "description": "", "pubkey": "93f480181ae6154843d9e30e96c7091ff6a23f2116a83cf9cd793ef02e5199433acf826e2b1dbfbf403c9375755db7ad", "path": "m/12381/3600/190/0/0", "uuid": "7e7da4c9-1024-4b50-bee8-a53d790e71bc", "version": 4}