{"crypto": {"kdf": {"function": "scrypt", "params": {"dklen": 32, "n": 262144, "r": 8, "p": 1, "salt": "d39fd9a6c95be5e511c03968bcadcbc6b8033955e19b5fdacca13d3ef09f0317"}, "message": ""}, "checksum": {"function": "sha256", "params": {}, "message": "0733c4ceaa68fca75b77a6691c1138baab28b2e8f89c13a58b82d7aede451a6b"}, "cipher": {"function": "aes-128-ctr", "params": {"iv": "c296383d27b10c2a1d73921267905105"}, "message": "c40f96519a5a5d7f9190fcce00db24508b38c24eedd997579a84285b846db00a"}}, "description": "", "pubkey": "8735cc1bafa233f77c0aca39e6cd0bb598176890895e6f96c9880f4af64357fbfc697235cd8b3ab18646e7a5a4372dff", "path": "m/12381/3600/32/0/0", "uuid": "b3d00efb-6398-4cee-b018-26e63f87fd2a", "version": 4}