{"crypto": {"kdf": {"function": "scrypt", "params": {"dklen": 32, "n": 262144, "r": 8, "p": 1, "salt": "04560872b6ebd1f1aecabcecdb5ac6676214491a88cb452050cb03281d5c3ea8"}, "message": ""}, "checksum": {"function": "sha256", "params": {}, "message": "0179e8e6114a7046fab0b418b66fa0624e2d3b45188ac4def4444f378d8697f7"}, "cipher": {"function": "aes-128-ctr", "params": {"iv": "c7e037336cf8dd0d4ac025f04b5d3f53"}, "message": "236bba22b8d860cb05d64d98b81af5bd6fc3ecaafb42abe08fee56a23a4ae9b0"}}, "description": "", "pubkey": "9694fc7be282443218d50df82f968fddb1b1d8ce721d4ced7dd5941378d53ec155e97848944d9cd6f36c1e21db944fc7", "path": "m/12381/3600/29/0/0", "uuid": "64b60466-199e-4c01-a9c5-4dce855c2d9f", "version": 4}