{"crypto": {"kdf": {"function": "scrypt", "params": {"dklen": 32, "n": 262144, "r": 8, "p": 1, "salt": "9c0bafee5bf3ea485ea254ac38ea6b2d72a9f5273dac7d7fb24cd03e8fe1d05b"}, "message": ""}, "checksum": {"function": "sha256", "params": {}, "message": "0ad421386da8b75f257aae99b37a95d8059bcf9ddcd7e488af7f6e53ece552e3"}, "cipher": {"function": "aes-128-ctr", "params": {"iv": "6e42231e041ec9ef9bb3a7fc1c5c4e7d"}, "message": "2d367b4403654c7a1efeb526dab6311c104655b36123961c36841ad2735a0f9c"}}, "description": "", "pubkey": "98c7c438a5b6906aaed08a03b2b22f1d314b9cee6d438c925af80b16ed29642466f511e1e044495da3be24ca94b4bb05", "path": "m/12381/3600/63/0/0", "uuid": "53f4f68a-8bb6-4419-b528-45669108a51e", "version": 4}