{"crypto":{"kdf":{"function":"scrypt","params":{"dklen":32,"n":2,"r":8,"p":1,"salt":"01030305"},"message":""},"checksum":{"function":"sha256","params":{},"message":"9ed171aef9c5a1f08ed06dc4ff2ed6368046ac0fcb3cc9d3a9df107a686ea12f"},"cipher":{"function":"aes-128-ctr","params":{"iv":"7684b3110d781756ecaff0bbe266a7b9"},"message":"427656ecb1102a5347ed207ecc90a2e0a5294238d720be4cbeafa26d7d8daa74"}},"uuid":"36860d83-e0dd-4a66-9d08-d1cef3ed6ca8","path":"","pubkey":"88c141df77cd9d8d7a71a75c826c41a9c9f03c6ee1b180f3e7852f6a280099ded351b58d66e653af8e42816a4d8f532e","version":4,"description":null,"name":null}