{"crypto": {"kdf": {"function": "scrypt", "params": {"dklen": 32, "n": 262144, "r": 8, "p": 1, "salt": "2111edbf0a1c6e6cc7216e2650c7ee3ab63a48af8a1332f52ba07d4c53382ab2"}, "message": ""}, "checksum": {"function": "sha256", "params": {}, "message": "1511bcb10e293284e219ab9685b18ee1ddd549b3fe125287ae2838f570b04b9a"}, "cipher": {"function": "aes-128-ctr", "params": {"iv": "22fcf9678d9d3451b7b70064c7aff1a4"}, "message": "0d3c04c0d66ea3514668b2a51e4f9c09ad95920164d22c5d6be15abe89c7cafb"}}, "description": "", "pubkey": "b3d3becd370ff5f346c7f9b3122a77d5b020ac46c271678df31dbb491a0e1ec4074a052a88e9e0b0ae3cb64ef18e1945", "path": "m/12381/3600/40/0/0", "uuid": "edd57ce6-ae3c-4b45-aa62-d7abed0e2757", "version": 4}