{"crypto": {"kdf": {"function": "scrypt", "params": {"dklen": 32, "n": 262144, "r": 8, "p": 1, "salt": "85e6d813be8aff30fe4d6ff9a8c66701462bea0ace48ae9119c5ce37bf3cbee6"}, "message": ""}, "checksum": {"function": "sha256", "params": {}, "message": "e4bfa5e2294d21274ad6ca2d3afc23fba3e56993acc37cbec82ddfdfe240b8ce"}, "cipher": {"function": "aes-128-ctr", "params": {"iv": "cf239913a84dab91df8c5ac88e26e888"}, "message": "2eb4a49c8c16333f1f0e78c9cf75bbcea461a33f54993297dee223f8f4d274f2"}}, "description": "", "pubkey": "b3d3becd370ff5f346c7f9b3122a77d5b020ac46c271678df31dbb491a0e1ec4074a052a88e9e0b0ae3cb64ef18e1945", "path": "m/12381/3600/40/0/0", "uuid": "5283fbe3-88c2-4731-a86a-74ec5548a91c", "version": 4}