{"crypto":{"kdf":{"function":"scrypt","params":{"dklen":32,"n":2,"r":8,"p":1,"salt":"01030305"},"message":""},"checksum":{"function":"sha256","params":{},"message":"6fd0188ccd097a848700d8d416d92be31895b2203afbbfb64c180f0393ff859a"},"cipher":{"function":"aes-128-ctr","params":{"iv":"f98f266384c625dce1b4830f3d1fa4ca"},"message":"d7d7e2d1674a2775e93cc4b45ef421cedc0e5308c809e2932a5a6483e246b382"}},"uuid":"4b7eab7b-62b7-4058-9078-23e2f34f9577","path":"","pubkey":"b89bebc699769726a318c8e9971bd3171297c61aea4a6578a7a4f94b547dcba5bac16a89108b6b6a1fe3695d1a874a0b","version":4,"description":null,"name":null}