{"crypto": {"kdf": {"function": "scrypt", "params": {"dklen": 32, "n": 262144, "r": 8, "p": 1, "salt": "04560872b6ebd1f1aecabcecdb5ac6676214491a88cb452050cb03281d5c3ea8"}, "message": ""}, "checksum": {"function": "sha256", "params": {}, "message": "3cc92564cd438315623e1d148abf12c2aefc8d22afb21c6abfce12ba1475273b"}, "cipher": {"function": "aes-128-ctr", "params": {"iv": "c7e037336cf8dd0d4ac025f04b5d3f53"}, "message": "081222ef5db3f3ad38dcb6aa364ee37f8419c2d100baea475e3fa5fa7f537a61"}}, "description": "", "pubkey": "a0cb086f7f592be98d6d2e7e6d185204d355073acf3750f22f9f7fc9a9550bb333b91e06ce57147ed913cff1ba82bd25", "path": "m/12381/3600/19/0/0", "uuid": "4977e473-4e42-4e6d-93c2-a689469c81b0", "version": 4}