{"crypto": {"kdf": {"function": "scrypt", "params": {"dklen": 32, "n": 262144, "r": 8, "p": 1, "salt": "b67c6cf05ca7f9389516041107d7564803a44ff10aa686ba0b3b99e3ed183258"}, "message": ""}, "checksum": {"function": "sha256", "params": {}, "message": "61348feca54fa5947c44d46924bfe23e3f3459c002e1ddde4cba4f0a9a7196ff"}, "cipher": {"function": "aes-128-ctr", "params": {"iv": "5c688661df07ac2266693f4b91ac208d"}, "message": "48d5b191ac02eb0014f2e9f56ffdefecd3e69685ac5b35e0c93c9290d35b608b"}}, "description": "", "pubkey": "98362cf7378133787f7eb35fdb77c1e5b256bdf162ae1f9ef91568beb8bc73ca88d012c9419fdbf94427f1002bae18b4", "path": "m/12381/3600/37/0/0", "uuid": "080b969f-ea67-43be-9d3a-f94d3fd5a9e1", "version": 4}