{"crypto": {"kdf": {"function": "scrypt", "params": {"dklen": 32, "n": 262144, "r": 8, "p": 1, "salt": "b67c6cf05ca7f9389516041107d7564803a44ff10aa686ba0b3b99e3ed183258"}, "message": ""}, "checksum": {"function": "sha256", "params": {}, "message": "692cb0e50c08cfc7bab1e74e42571c7b1cbcffe05d2c2e77fa62af3f0abd56e3"}, "cipher": {"function": "aes-128-ctr", "params": {"iv": "5c688661df07ac2266693f4b91ac208d"}, "message": "098a14c36dc7a56fe01200452dabe638c1d89d488ead7a158d7db74c782d72d0"}}, "description": "", "pubkey": "a1de5c728cc21d0ebadd8271b1522fa31362ea140625ea789191eae30aea7b0e252128b37b9480fd89f851b91f33472c", "path": "m/12381/3600/40/0/0", "uuid": "bb9e162b-9f3c-4899-a348-9dac9a2d8bec", "version": 4}