{"crypto": {"kdf": {"function": "scrypt", "params": {"dklen": 32, "n": 262144, "r": 8, "p": 1, "salt": "2111edbf0a1c6e6cc7216e2650c7ee3ab63a48af8a1332f52ba07d4c53382ab2"}, "message": ""}, "checksum": {"function": "sha256", "params": {}, "message": "da1e2edcce544cef1778a3087c83fc4ddca7812674332dd668efd215a99d5fb1"}, "cipher": {"function": "aes-128-ctr", "params": {"iv": "22fcf9678d9d3451b7b70064c7aff1a4"}, "message": "222855dfcbe9b9238406a2a344f8a9de2130dda4967a92d6361ed00cb3eaed7a"}}, "description": "", "pubkey": "998631c72053b6e2a12833172fd7ac8213d63ddb418c5ec318bda91d03fe94a5e680661c36f5f29063763d135f8ba2b3", "path": "m/12381/3600/182/0/0", "uuid": "f8ae36ec-beef-4d96-b2a5-e89900117877", "version": 4}