{"crypto": {"kdf": {"function": "scrypt", "params": {"dklen": 32, "n": 262144, "r": 8, "p": 1, "salt": "d39fd9a6c95be5e511c03968bcadcbc6b8033955e19b5fdacca13d3ef09f0317"}, "message": ""}, "checksum": {"function": "sha256", "params": {}, "message": "491f9fc03dd8fe09c735f37ce4cecb0bd21662e0acb45d92c368df2868778fca"}, "cipher": {"function": "aes-128-ctr", "params": {"iv": "c296383d27b10c2a1d73921267905105"}, "message": "9939f5eac1f2bd9291375465cfc7d9c0f409864fcf1f31d9762d39d1f3a62ba3"}}, "description": "", "pubkey": "883af9f9889b2638800540ab05476fe5ebdaa2f7fac215897d488bfeff4a3b384a1fda9e1313069d0f410b2288a2ab46", "path": "m/12381/3600/27/0/0", "uuid": "464b4c54-ec29-4efa-b44d-71e16bede94e", "version": 4}