{"crypto": {"kdf": {"function": "scrypt", "params": {"dklen": 32, "n": 262144, "r": 8, "p": 1, "salt": "afeeecdad8d8b8f2ad480085c9b794f5cc18b451e94fea22936a8e8e5959354a"}, "message": ""}, "checksum": {"function": "sha256", "params": {}, "message": "16ab56ea1952ae1741c8362da229ad12a39873265e35739b29da1b2c634e2854"}, "cipher": {"function": "aes-128-ctr", "params": {"iv": "7cc8f18939d3d961ed2c7ecac054d735"}, "message": "04d2143ce5257d41cb96611220be741f50fabc7099b5cc083f29c87596849f2b"}}, "description": "", "pubkey": "b57a7c1880d5e8e757559cdda8a1480cba2c00294fbd8b9fdac8b636e65d145bcde9fa341669126b9db6ebaf27314652", "path": "m/12381/3600/9/0/0", "uuid": "cfeaaf73-43e8-43e2-a379-db29e7004b7e", "version": 4}