{"crypto": {"kdf": {"function": "scrypt", "params": {"dklen": 32, "n": 262144, "r": 8, "p": 1, "salt": "afeeecdad8d8b8f2ad480085c9b794f5cc18b451e94fea22936a8e8e5959354a"}, "message": ""}, "checksum": {"function": "sha256", "params": {}, "message": "415b0b6807947142633268c3d097489633e560d9a13526f570c5a1a8ccf84fc6"}, "cipher": {"function": "aes-128-ctr", "params": {"iv": "7cc8f18939d3d961ed2c7ecac054d735"}, "message": "4c1ace13724a40e30892cf85c48410ead876299ba4488e82f6c1d97c1cf93ac9"}}, "description": "", "pubkey": "b4afc3c7691c9785aec5e865b7cc7de903d4d2e73f6fb38e365cc81188e1dbc9a7d1b89e0b95ed02035a820de6de3ba5", "path": "m/12381/3600/4/0/0", "uuid": "0c060a5c-2c3e-48de-b442-515a5db6bea8", "version": 4}