{"crypto": {"kdf": {"function": "scrypt", "params": {"dklen": 32, "n": 262144, "r": 8, "p": 1, "salt": "afeeecdad8d8b8f2ad480085c9b794f5cc18b451e94fea22936a8e8e5959354a"}, "message": ""}, "checksum": {"function": "sha256", "params": {}, "message": "9357e0ba1d50e173ee6234dc723f1e6ac408f27d433cd904bc8c8abf67de5c5f"}, "cipher": {"function": "aes-128-ctr", "params": {"iv": "7cc8f18939d3d961ed2c7ecac054d735"}, "message": "2bffd40362632b01e3b11d5e6c71ed4c8d2df6d63c10f598626f77bf8cced43c"}}, "description": "", "pubkey": "88baa84f10e1b32381c57a41d155a4410cfb8ea80cb453c83b681fc441dcad4ff112f0bde949cea8dd18c5583e3f1b81", "path": "m/12381/3600/35/0/0", "uuid": "6cdb61f5-8853-4865-af50-69b2569397df", "version": 4}