{"crypto": {"kdf": {"function": "scrypt", "params": {"dklen": 32, "n": 262144, "r": 8, "p": 1, "salt": "afeeecdad8d8b8f2ad480085c9b794f5cc18b451e94fea22936a8e8e5959354a"}, "message": ""}, "checksum": {"function": "sha256", "params": {}, "message": "0e37ac3824198df85c351294ebc40b20bb570abb5b377e42abfe99ddc7ab3e4d"}, "cipher": {"function": "aes-128-ctr", "params": {"iv": "7cc8f18939d3d961ed2c7ecac054d735"}, "message": "5047eb4812696960430f5b2ea883b0e0a6d9a0f6e6f2e1b9cddca0603b188ae2"}}, "description": "", "pubkey": "b2955c2134489ef242600fa8b1dc93877dfdc2311db0f7876cd60cf2759555c99fb6b2d84f3e6287b7d2b750d78665b5", "path": "m/12381/3600/8/0/0", "uuid": "c6033b60-9b37-47b6-a83f-b98119cdae7c", "version": 4}