{"crypto": {"kdf": {"function": "scrypt", "params": {"dklen": 32, "n": 262144, "r": 8, "p": 1, "salt": "afeeecdad8d8b8f2ad480085c9b794f5cc18b451e94fea22936a8e8e5959354a"}, "message": ""}, "checksum": {"function": "sha256", "params": {}, "message": "eff695917259e06e97c3c05039a0f08be80dabc3778c134bad195ee1ba4bc858"}, "cipher": {"function": "aes-128-ctr", "params": {"iv": "7cc8f18939d3d961ed2c7ecac054d735"}, "message": "2011ce16dec90e549edd8f84c349a2879fc28a2a028276539719c31af476d0eb"}}, "description": "", "pubkey": "ae175246b3bb58fc8c5277a0cd67e7fc411bed68dbebd4755d1e2efb6796e98a370a042b8dd02879f08c5d0368e8614a", "path": "m/12381/3600/5/0/0", "uuid": "bf5b5cbb-7f09-42a6-81d2-aacf928c5154", "version": 4}