{"crypto": {"kdf": {"function": "scrypt", "params": {"dklen": 32, "n": 262144, "r": 8, "p": 1, "salt": "afeeecdad8d8b8f2ad480085c9b794f5cc18b451e94fea22936a8e8e5959354a"}, "message": ""}, "checksum": {"function": "sha256", "params": {}, "message": "9898b60b9ad6fdb8944f07cc1ec35b8415877860067bcfed88c4560c582c5999"}, "cipher": {"function": "aes-128-ctr", "params": {"iv": "7cc8f18939d3d961ed2c7ecac054d735"}, "message": "10d6a7bcade64ac59a89587185f79e6eb10b0beffa90a5fd286eb4cb751bdf3a"}}, "description": "", "pubkey": "85d9e6d674a31c5e53876ef8e5cd4be2b9738fe37fc03d7aeb171cb4929135e0fd2ecd6b40b483d54309e37d23e020f5", "path": "m/12381/3600/48/0/0", "uuid": "ae7408ce-60cd-4b73-ac13-9bb7814a90f7", "version": 4}