{"crypto": {"kdf": {"function": "scrypt", "params": {"dklen": 32, "n": 262144, "r": 8, "p": 1, "salt": "afeeecdad8d8b8f2ad480085c9b794f5cc18b451e94fea22936a8e8e5959354a"}, "message": ""}, "checksum": {"function": "sha256", "params": {}, "message": "0025e7ce5bfe3b16c7f7c01d9edd793d72d5363a83f3bb97e51ce68e5ed9afd9"}, "cipher": {"function": "aes-128-ctr", "params": {"iv": "7cc8f18939d3d961ed2c7ecac054d735"}, "message": "35053f0d4b9799f875bcb87ef8691147f58a51616db6aae8e32356962fe4c27e"}}, "description": "", "pubkey": "9721bad047880c1e480b182e5aa60ec429f292a949caf23f42a53e8c6389dcd47084b6f5a3f26949b6bdc5262e57554e", "path": "m/12381/3600/69/0/0", "uuid": "ae4e8d33-d57e-467e-b862-498e416f4352", "version": 4}