{"crypto": {"kdf": {"function": "scrypt", "params": {"dklen": 32, "n": 262144, "r": 8, "p": 1, "salt": "afeeecdad8d8b8f2ad480085c9b794f5cc18b451e94fea22936a8e8e5959354a"}, "message": ""}, "checksum": {"function": "sha256", "params": {}, "message": "e02aa322711418e29a628567a5b818add1bdfc67afdbbb13ea6d7877021f15dc"}, "cipher": {"function": "aes-128-ctr", "params": {"iv": "7cc8f18939d3d961ed2c7ecac054d735"}, "message": "1929cc3c6555a0f3dae4faa871eb51b6d03d226d64f75cae5242f32bd8394bd7"}}, "description": "", "pubkey": "ab98cc5c3db8db7cb2e716a92883a73a4e851fdcf8a951420d5094e7dcc42086eff04ed2fc2dad637388ae8f80a68d2c", "path": "m/12381/3600/45/0/0", "uuid": "f48535e1-0d01-444d-af98-4ffd2544ff8f", "version": 4}