{"crypto": {"kdf": {"function": "scrypt", "params": {"dklen": 32, "n": 262144, "r": 8, "p": 1, "salt": "afeeecdad8d8b8f2ad480085c9b794f5cc18b451e94fea22936a8e8e5959354a"}, "message": ""}, "checksum": {"function": "sha256", "params": {}, "message": "dd47bd6ffa3eeb894e2965d191db46f479050f38756c600cab057dfe9f60b876"}, "cipher": {"function": "aes-128-ctr", "params": {"iv": "7cc8f18939d3d961ed2c7ecac054d735"}, "message": "0917f8e08dd574baecfcdb07f567f7d4e8dcd814f9905b00af4c617880dcac79"}}, "description": "", "pubkey": "8f2e1b1b55b6757c6a24fe3ef1c5248c54d908f2ba229ea8a595d33ada082c85d4d988f378b0edafbfa51185d577168e", "path": "m/12381/3600/92/0/0", "uuid": "91b3cb69-2a52-46cb-9901-d1906540270d", "version": 4}