{"crypto": {"kdf": {"function": "scrypt", "params": {"dklen": 32, "n": 262144, "r": 8, "p": 1, "salt": "afeeecdad8d8b8f2ad480085c9b794f5cc18b451e94fea22936a8e8e5959354a"}, "message": ""}, "checksum": {"function": "sha256", "params": {}, "message": "f51efa5a4ad4c4232e4a54af9c14603546f68325aa24480a53656ca398adb751"}, "cipher": {"function": "aes-128-ctr", "params": {"iv": "7cc8f18939d3d961ed2c7ecac054d735"}, "message": "17e3cf85f6dcd425ce3a2469cd697dbd8316ee79567108ae4c82a4c2964ee628"}}, "description": "", "pubkey": "b37ff544db1a2df0240ebc11882af2d0a7098dbcc08370280de6e306148afdcf18fe0e2287640d351641a192b6f216b5", "path": "m/12381/3600/59/0/0", "uuid": "ed55d803-cdf4-48b0-aab5-70705c6ebc4a", "version": 4}