{"crypto": {"kdf": {"function": "scrypt", "params": {"dklen": 32, "n": 262144, "r": 8, "p": 1, "salt": "afeeecdad8d8b8f2ad480085c9b794f5cc18b451e94fea22936a8e8e5959354a"}, "message": ""}, "checksum": {"function": "sha256", "params": {}, "message": "1e03aa8530c3f19b3175ec3a557980ed31838cde3cd4a889f1f1e94522b887cc"}, "cipher": {"function": "aes-128-ctr", "params": {"iv": "7cc8f18939d3d961ed2c7ecac054d735"}, "message": "1cad1c18a711c0fc72e11dbabd977d17d6ccfb1116f790eabe98858b02668641"}}, "description": "", "pubkey": "86e8ed82fa62aae27dee9df138032f3682bc1b951d5fbc8eb91ca4ba85397805ec12cc61a1368e633b682f90ab2b36dc", "path": "m/12381/3600/57/0/0", "uuid": "06764c41-8e11-4c97-869e-9883083a9f38", "version": 4}