{"crypto": {"kdf": {"function": "scrypt", "params": {"dklen": 32, "n": 262144, "r": 8, "p": 1, "salt": "afeeecdad8d8b8f2ad480085c9b794f5cc18b451e94fea22936a8e8e5959354a"}, "message": ""}, "checksum": {"function": "sha256", "params": {}, "message": "c096c2f045a89601839d45fc842eae8e5b7adaf6a977044ccbadd690f5357cd5"}, "cipher": {"function": "aes-128-ctr", "params": {"iv": "7cc8f18939d3d961ed2c7ecac054d735"}, "message": "5d2e107e2068e6b6a8769975e896906c913a1b63555ebc6a4ee92d015cec19f5"}}, "description": "", "pubkey": "9520d256c8238fa744a53e58a6fa99620a9bfef5f975566884365a63a6a752deb82208f01b925fc70ac43dbab348147a", "path": "m/12381/3600/78/0/0", "uuid": "2c0b6b43-9c26-480b-aa15-c6bf4728deaa", "version": 4}