{"crypto": {"kdf": {"function": "scrypt", "params": {"dklen": 32, "n": 262144, "r": 8, "p": 1, "salt": "afeeecdad8d8b8f2ad480085c9b794f5cc18b451e94fea22936a8e8e5959354a"}, "message": ""}, "checksum": {"function": "sha256", "params": {}, "message": "314f65f639550cb1f918911ee1b998ae5697d3123c7a12a66cdfa61383f7aca5"}, "cipher": {"function": "aes-128-ctr", "params": {"iv": "7cc8f18939d3d961ed2c7ecac054d735"}, "message": "2d272b576677369e5b5a96b1a7f347cc5d4c6820fc539b5f727c6cde508ab49d"}}, "description": "", "pubkey": "8792551d1b4e50ba5d2db120bb061516f74a37dedb4ec06e806bdc696fdcb0cae9a7f0eef46f493d7c337baaa84e9f13", "path": "m/12381/3600/67/0/0", "uuid": "17cd7096-ef85-4a9d-adad-b5b364d53f29", "version": 4}