{"crypto": {"kdf": {"function": "scrypt", "params": {"dklen": 32, "n": 262144, "r": 8, "p": 1, "salt": "afeeecdad8d8b8f2ad480085c9b794f5cc18b451e94fea22936a8e8e5959354a"}, "message": ""}, "checksum": {"function": "sha256", "params": {}, "message": "c2e1043b6ca0d7c92f59fc062d4cbd52bac3af877c963550e8fbffedc77c479a"}, "cipher": {"function": "aes-128-ctr", "params": {"iv": "7cc8f18939d3d961ed2c7ecac054d735"}, "message": "4b893426676d5a8884231b73fa8b98aa28219c167b15be99ccfbf475c303f4d2"}}, "description": "", "pubkey": "958374b1d221c9d016fd47dba12585424a00c523c044d43f89ab074eba8bae7c2d8b1224e57f89af3b8f01c39a403d53", "path": "m/12381/3600/64/0/0", "uuid": "f7f67804-f31a-474d-8909-1c33439fcd1d", "version": 4}