{"crypto": {"kdf": {"function": "scrypt", "params": {"dklen": 32, "n": 262144, "r": 8, "p": 1, "salt": "afeeecdad8d8b8f2ad480085c9b794f5cc18b451e94fea22936a8e8e5959354a"}, "message": ""}, "checksum": {"function": "sha256", "params": {}, "message": "cbd70053738cf8ede4769a328b0b98026a510b2d928ddbe208fab737d7f3c1d5"}, "cipher": {"function": "aes-128-ctr", "params": {"iv": "7cc8f18939d3d961ed2c7ecac054d735"}, "message": "52a6bf9ffb1918d844c50a688485d1502bf9ca35b69f0c51edaeaea934f8c459"}}, "description": "", "pubkey": "8651eab0a1887b91a196b242bf46d7d94beca9e6eaf018838225411943ba3071ca95a4fbc0d79f089943f0c081a9bc02", "path": "m/12381/3600/49/0/0", "uuid": "5836d3a7-d77b-4e9c-8336-402577ae7ce2", "version": 4}