{"crypto": {"kdf": {"function": "scrypt", "params": {"dklen": 32, "n": 262144, "r": 8, "p": 1, "salt": "afeeecdad8d8b8f2ad480085c9b794f5cc18b451e94fea22936a8e8e5959354a"}, "message": ""}, "checksum": {"function": "sha256", "params": {}, "message": "1b10f9dc41b44e5bd845bea1e5bc76638e0f6b51621a6dbf37a452730abc4215"}, "cipher": {"function": "aes-128-ctr", "params": {"iv": "7cc8f18939d3d961ed2c7ecac054d735"}, "message": "3a910ff10726b11687a0462f75a67dd2e3336dca3a72a371d71c990b54af63d3"}}, "description": "", "pubkey": "8dc0311a34ef09ff431f3178aa8d7c1b1b50157d655c4798f5a3656cd5959a8dc8efa6d12aaa23cd5770c1cd25d55e8d", "path": "m/12381/3600/54/0/0", "uuid": "3bba1e5b-08f1-45fd-9ca8-ba67df2f8e54", "version": 4}