{"crypto": {"kdf": {"function": "scrypt", "params": {"dklen": 32, "n": 262144, "r": 8, "p": 1, "salt": "afeeecdad8d8b8f2ad480085c9b794f5cc18b451e94fea22936a8e8e5959354a"}, "message": ""}, "checksum": {"function": "sha256", "params": {}, "message": "2c5543262ed6854a597cc97550fc58b1a25fc08f2cab2eca88be694a3d4134a0"}, "cipher": {"function": "aes-128-ctr", "params": {"iv": "7cc8f18939d3d961ed2c7ecac054d735"}, "message": "6dcb25fd0498d7494c53f5178ead51e0a6bb3ca405dbd8ff8c8efa9189a19c3d"}}, "description": "", "pubkey": "8632fdb4004c61512cf49140244eab22d36d51361167b28c11d8a242b5447cac31a06b98a16490430b9f6ae57ecdc026", "path": "m/12381/3600/7/0/0", "uuid": "67351653-56b1-4724-8dd6-25f09cdbb66c", "version": 4}