{"crypto": {"kdf": {"function": "scrypt", "params": {"dklen": 32, "n": 262144, "r": 8, "p": 1, "salt": "afeeecdad8d8b8f2ad480085c9b794f5cc18b451e94fea22936a8e8e5959354a"}, "message": ""}, "checksum": {"function": "sha256", "params": {}, "message": "cc898d1eb971c8eed0669a232347cadadbc731957d9d0fab6fc794dbf472b46e"}, "cipher": {"function": "aes-128-ctr", "params": {"iv": "7cc8f18939d3d961ed2c7ecac054d735"}, "message": "489c15e1b0d0a50a0267f5de5c650bbc50066c99d7548787960cf75c37af4487"}}, "description": "", "pubkey": "94be2fe1e662c5628a4511e9cc70641dbcf52fe312f5bf579439d24fb87654b4c41b27cb9c4585a6703c2726047eeae4", "path": "m/12381/3600/14/0/0", "uuid": "705b46d1-a0eb-4488-bef5-344d66535bd4", "version": 4}