{"crypto": {"kdf": {"function": "scrypt", "params": {"dklen": 32, "n": 262144, "r": 8, "p": 1, "salt": "13c1a7decec02140bdc35a53d3b690a2765d09a421ceddf39e06f443c2a9e57c"}, "message": ""}, "checksum": {"function": "sha256", "params": {}, "message": "8eb7cb0b0ff50a377e37b5d61d2fc510f829bcc9a38f7e413b15fe43da502e2d"}, "cipher": {"function": "aes-128-ctr", "params": {"iv": "2591da3204ec249903419c7544239d56"}, "message": "0aaa5189e0afd2a5bc8714ad27ed96453aae3cc9027c9ab2ddd4e3a1fe3fa4fb"}}, "description": "", "pubkey": "a72a780a4a6c53b77ee6cd5c7207e832d5dff81541cf20bd192f31375c3476cb9f7999532662cc2f16b5754b642e6b15", "path": "m/12381/3600/3/0/0", "uuid": "d92415b4-f37f-4544-96d0-690c6c7bfb06", "version": 4}