{"crypto": {"kdf": {"function": "scrypt", "params": {"dklen": 32, "n": 262144, "r": 8, "p": 1, "salt": "afeeecdad8d8b8f2ad480085c9b794f5cc18b451e94fea22936a8e8e5959354a"}, "message": ""}, "checksum": {"function": "sha256", "params": {}, "message": "7faa352e4ace40c7f2bec82cdfed7c7b054a5198494fcc64b90653612f23bc36"}, "cipher": {"function": "aes-128-ctr", "params": {"iv": "7cc8f18939d3d961ed2c7ecac054d735"}, "message": "7bbc7fd87057b5c702e67e42f16273a92a4834cc9706d4ef15418a10ea59ce6d"}}, "description": "", "pubkey": "ace93069109488b26f002331ff1da15bf1abba17d8c776b0c3d32364f9d847b5858e51bf12ff7146120e032121c8d57e", "path": "m/12381/3600/85/0/0", "uuid": "a5010a29-777a-49fe-bddb-db72f7995531", "version": 4}