{"crypto": {"kdf": {"function": "scrypt", "params": {"dklen": 32, "n": 262144, "r": 8, "p": 1, "salt": "afeeecdad8d8b8f2ad480085c9b794f5cc18b451e94fea22936a8e8e5959354a"}, "message": ""}, "checksum": {"function": "sha256", "params": {}, "message": "0b09f35f7d0b80c2318b403c811ce8bab234a0891d3792604e1217125cdff4a4"}, "cipher": {"function": "aes-128-ctr", "params": {"iv": "7cc8f18939d3d961ed2c7ecac054d735"}, "message": "2974a613c2f3bf5d5169a5d53451ee368de8f37a772ba06d0ed4cc1bf2cf634e"}}, "description": "", "pubkey": "88b2d0706da2abd99795ce6ec752c703954be24039e24ec259e55cc3dd95034ef4ead6804b9ba5ef5e1731bca780a39b", "path": "m/12381/3600/77/0/0", "uuid": "1d357660-0d39-45b0-aba1-9a2c4cfba219", "version": 4}