{"crypto": {"kdf": {"function": "scrypt", "params": {"dklen": 32, "n": 262144, "r": 8, "p": 1, "salt": "afeeecdad8d8b8f2ad480085c9b794f5cc18b451e94fea22936a8e8e5959354a"}, "message": ""}, "checksum": {"function": "sha256", "params": {}, "message": "ec1ce94d98f28a7b9399e3e521b60d2eea1c1d342ec1363e8a8acc599368c35b"}, "cipher": {"function": "aes-128-ctr", "params": {"iv": "7cc8f18939d3d961ed2c7ecac054d735"}, "message": "5f435e08a22e17c5e3d887ab8075341423fe88da1d5f80ee6d3845aba81ec380"}}, "description": "", "pubkey": "8c308ae639273ed08a6e5aed6e4b9600d990271edd2057809f205f21dd065fcc07a6ee0d3e40d2695edb719bb96cab6d", "path": "m/12381/3600/34/0/0", "uuid": "ed0c2dcb-65eb-4891-8d35-2cdd1a10e88a", "version": 4}