{"crypto": {"kdf": {"function": "scrypt", "params": {"dklen": 32, "n": 262144, "r": 8, "p": 1, "salt": "afeeecdad8d8b8f2ad480085c9b794f5cc18b451e94fea22936a8e8e5959354a"}, "message": ""}, "checksum": {"function": "sha256", "params": {}, "message": "7ca254aa762c20fc77c9c889ed63d8dcecb7f21a341034f5e85feebe2857c64e"}, "cipher": {"function": "aes-128-ctr", "params": {"iv": "7cc8f18939d3d961ed2c7ecac054d735"}, "message": "080e2ebbd8788b69f47771596352414fecc6a37e81eedba4b1fb1ef2e5fd64a7"}}, "description": "", "pubkey": "af2d20e85a16021c261552139e386a34b36a2f3084febef658fbc0ee1f32fa732a8e504832458cedae276d45a927ff84", "path": "m/12381/3600/38/0/0", "uuid": "e29116b7-824a-453b-9ff0-89d808950465", "version": 4}