{"crypto": {"kdf": {"function": "scrypt", "params": {"dklen": 32, "n": 262144, "r": 8, "p": 1, "salt": "afeeecdad8d8b8f2ad480085c9b794f5cc18b451e94fea22936a8e8e5959354a"}, "message": ""}, "checksum": {"function": "sha256", "params": {}, "message": "92085281348a21bd12892ea0b22ba4ecc1c3d35ad0af52a1f778e9c802982d9a"}, "cipher": {"function": "aes-128-ctr", "params": {"iv": "7cc8f18939d3d961ed2c7ecac054d735"}, "message": "7d27f8d88efa9b8a935d4adf3173ad4517a42c3ee2d682497e0a31b7b30b8d9b"}}, "description": "", "pubkey": "b21214c9e9b1fb3fa7ed06ca7cd35a697cbc7db7b3af6642face7ab5b5746d1649398c6285cd887acb5f44bf1cfd7fc7", "path": "m/12381/3600/89/0/0", "uuid": "1ca27d56-741d-46b8-8d79-45998b627921", "version": 4}