{"crypto": {"kdf": {"function": "scrypt", "params": {"dklen": 32, "n": 262144, "r": 8, "p": 1, "salt": "afeeecdad8d8b8f2ad480085c9b794f5cc18b451e94fea22936a8e8e5959354a"}, "message": ""}, "checksum": {"function": "sha256", "params": {}, "message": "ffaed99817a677eb3fd1db3ebc0afd1c048e595a3da8bff4c3b4ee677a0d289d"}, "cipher": {"function": "aes-128-ctr", "params": {"iv": "7cc8f18939d3d961ed2c7ecac054d735"}, "message": "7b5c4cccae154ac0c8d3368fd70029a6ad1c3bf488579b5bf780c99f2d6f5672"}}, "description": "", "pubkey": "a897b74fe5239c011dce001243784dcb031fc5a0ddd77971cb346fb7bc27dee659d7c7b6f00a2e385ecd63bd6ede2270", "path": "m/12381/3600/32/0/0", "uuid": "5d96bef9-f0d3-47ad-be0c-0a191687b33e", "version": 4}