{"crypto": {"kdf": {"function": "scrypt", "params": {"dklen": 32, "n": 262144, "r": 8, "p": 1, "salt": "10a0f6ded2c250e536c478dc06eba21fa28db8ac4ed44c3784b2c9fb81425af3"}, "message": ""}, "checksum": {"function": "sha256", "params": {}, "message": "fdfd0018c5731617f8aa3d4684584eaaece48f5fd6ff68c5bae85f7e280afc32"}, "cipher": {"function": "aes-128-ctr", "params": {"iv": "13618cfd272ece16a81b606b4bd9f35a"}, "message": "a9b59b8d87f38697cd02deec6bec4fd5839686503b2e3b40e4ab47e8a9225b07"}}, "description": "", "pubkey": "abfa2b712187b31d7e74a4451e88a69ee6bd7915ed48f4475f16cfa15262eba89c1b3fb1cd704ee499ea5355110db2ce", "path": "m/12381/3600/2/0/0", "uuid": "64756d78-fade-4fe3-ac2b-c7a6e4f9fe93", "version": 4}