{"crypto": {"kdf": {"function": "scrypt", "params": {"dklen": 32, "n": 262144, "r": 8, "p": 1, "salt": "afeeecdad8d8b8f2ad480085c9b794f5cc18b451e94fea22936a8e8e5959354a"}, "message": ""}, "checksum": {"function": "sha256", "params": {}, "message": "ef5044ec659914f37a2a69692cdfce80b533da1ace4fd5f3f71a5b3c1044df9f"}, "cipher": {"function": "aes-128-ctr", "params": {"iv": "7cc8f18939d3d961ed2c7ecac054d735"}, "message": "01965a3db594659069cbd400139f6337ed57886056674db140931e02eb25cbac"}}, "description": "", "pubkey": "a3b9f6a139c2ceac365bacfd211276a4414a4cfd3f7a5f935421b7ef27dfcad43f0e53eaabf3dd7ef72e15ee601ca5cc", "path": "m/12381/3600/12/0/0", "uuid": "f92309a3-e8e0-4388-b7ec-5142ed7d8665", "version": 4}