{"crypto": {"kdf": {"function": "scrypt", "params": {"dklen": 32, "n": 262144, "r": 8, "p": 1, "salt": "afeeecdad8d8b8f2ad480085c9b794f5cc18b451e94fea22936a8e8e5959354a"}, "message": ""}, "checksum": {"function": "sha256", "params": {}, "message": "26cc891f7bbabf4a02e4e28bcd552c03ae9027c7cbcbee9662e2f1783f1df4c4"}, "cipher": {"function": "aes-128-ctr", "params": {"iv": "7cc8f18939d3d961ed2c7ecac054d735"}, "message": "269cd8d906e737d067dda18baded8ca8b696827ca496dcb5e236e52be3dde5c1"}}, "description": "", "pubkey": "811604e0f98f7c3c2070c9d0dd6527bb3f9fb4ae5b77da7b561f20cb1382733052b19188b5c777867c6bb848d2835da4", "path": "m/12381/3600/40/0/0", "uuid": "59361ea4-1dfd-4668-ab17-7fbea0fdbdf7", "version": 4}