{"crypto": {"kdf": {"function": "scrypt", "params": {"dklen": 32, "n": 262144, "r": 8, "p": 1, "salt": "10a0f6ded2c250e536c478dc06eba21fa28db8ac4ed44c3784b2c9fb81425af3"}, "message": ""}, "checksum": {"function": "sha256", "params": {}, "message": "5f7b2be2ad77181f3b8fd72fd405b32084ad94cbce4bb4d186b66df0444f6fce"}, "cipher": {"function": "aes-128-ctr", "params": {"iv": "13618cfd272ece16a81b606b4bd9f35a"}, "message": "e6421f42c5f949ee29b8370d04f1d073e81017d7a58259ce4deb4e7a8456014d"}}, "description": "", "pubkey": "a72a780a4a6c53b77ee6cd5c7207e832d5dff81541cf20bd192f31375c3476cb9f7999532662cc2f16b5754b642e6b15", "path": "m/12381/3600/3/0/0", "uuid": "c7af0337-181d-49ce-9d53-20ee8d273c25", "version": 4}