{"crypto": {"kdf": {"function": "scrypt", "params": {"dklen": 32, "n": 262144, "r": 8, "p": 1, "salt": "afeeecdad8d8b8f2ad480085c9b794f5cc18b451e94fea22936a8e8e5959354a"}, "message": ""}, "checksum": {"function": "sha256", "params": {}, "message": "a79ea458f3b0471ea3658c5f3b3b9c8cc19a8ce132ca357fc46bff6ed47bbe71"}, "cipher": {"function": "aes-128-ctr", "params": {"iv": "7cc8f18939d3d961ed2c7ecac054d735"}, "message": "4d23225574a4fd725f076602d17e844269b8e5e19acc5df85ffabcc5a500cb97"}}, "description": "", "pubkey": "935b78fac5d7b1d73b2adfe30b385d975b5a3726582d50bf72694f1b51285ba80b685f0b9ae55cfe106efecf8c0539c6", "path": "m/12381/3600/11/0/0", "uuid": "9f11ae73-aac0-4f5c-a49c-03bc25257dfd", "version": 4}