{"crypto": {"kdf": {"function": "scrypt", "params": {"dklen": 32, "n": 262144, "r": 8, "p": 1, "salt": "afeeecdad8d8b8f2ad480085c9b794f5cc18b451e94fea22936a8e8e5959354a"}, "message": ""}, "checksum": {"function": "sha256", "params": {}, "message": "de9b69f36e682431cdafa75934f6f658b97c211ce84a0565568df493a8ace76a"}, "cipher": {"function": "aes-128-ctr", "params": {"iv": "7cc8f18939d3d961ed2c7ecac054d735"}, "message": "24f6986be1d801f7cf0f5f83a5eba7cf46dac1a6462a47164b54b04f31c30fbf"}}, "description": "", "pubkey": "b4c07645b493fb547cdb2adc79393550fff6e7d8f293c94a37f351a028a6fd8b893089cb4951fdaeef13f00b6939e503", "path": "m/12381/3600/33/0/0", "uuid": "889b1c7b-64da-46a1-b579-823c638a98cd", "version": 4}