{"crypto": {"kdf": {"function": "scrypt", "params": {"dklen": 32, "n": 262144, "r": 8, "p": 1, "salt": "afeeecdad8d8b8f2ad480085c9b794f5cc18b451e94fea22936a8e8e5959354a"}, "message": ""}, "checksum": {"function": "sha256", "params": {}, "message": "d3f8f61733086bbc104c72515a5fdebc9687ee03d832e2898201bc67d028b098"}, "cipher": {"function": "aes-128-ctr", "params": {"iv": "7cc8f18939d3d961ed2c7ecac054d735"}, "message": "7d5ecd1d3185895a6623d658fc7ac1ec23d6aaeb715470dc0d122cb7bcdd29ee"}}, "description": "", "pubkey": "a025cfd9983be3a1038b260648965bb62bb59a009b74f062d35080c0c1ad1c297f1394d34e05fe87964f441ba4a441e3", "path": "m/12381/3600/20/0/0", "uuid": "de2931c5-bba4-45f0-83dc-1908df3239cc", "version": 4}