{"crypto": {"kdf": {"function": "scrypt", "params": {"dklen": 32, "n": 262144, "r": 8, "p": 1, "salt": "afeeecdad8d8b8f2ad480085c9b794f5cc18b451e94fea22936a8e8e5959354a"}, "message": ""}, "checksum": {"function": "sha256", "params": {}, "message": "2eb7d33725ba2b69bdedb0b307eb4df305ac6a4cf8db32e18d1d68fc15ac6527"}, "cipher": {"function": "aes-128-ctr", "params": {"iv": "7cc8f18939d3d961ed2c7ecac054d735"}, "message": "4e3dc48edb49384bce08a0f4c6e3a8b6aca622ef994516933aad3f580c27af08"}}, "description": "", "pubkey": "80982aa8b07cdae6a73111e33291dce813d3aadff9d59a3eadc0f33db576e4460448b018ffc9dedfeb132b67bc113b62", "path": "m/12381/3600/62/0/0", "uuid": "79f6a659-19d4-48ff-a429-08c8c5ba0f15", "version": 4}