{"crypto": {"kdf": {"function": "scrypt", "params": {"dklen": 32, "n": 262144, "r": 8, "p": 1, "salt": "3668759acda3bfa1743f2ae75317a054f90756ab02a3fe0a9f2f55f8bf9b3faf"}, "message": ""}, "checksum": {"function": "sha256", "params": {}, "message": "bfe9a5acb2ef27d3a1ab5264d3e085c90cf5afaaa4158d44eab9c14357385332"}, "cipher": {"function": "aes-128-ctr", "params": {"iv": "c2f8d99db92ce65c73d1a1575e7720c0"}, "message": "92636ffd1a7b64c4f8f78064842be075f8870ae3dd622029f14763e4f58edd70"}}, "description": "", "pubkey": "a72a780a4a6c53b77ee6cd5c7207e832d5dff81541cf20bd192f31375c3476cb9f7999532662cc2f16b5754b642e6b15", "path": "m/12381/3600/3/0/0", "uuid": "05f7a2d3-ef40-4cf8-aaca-a56002cbabdd", "version": 4}