{"crypto": {"kdf": {"function": "scrypt", "params": {"dklen": 32, "n": 262144, "r": 8, "p": 1, "salt": "afeeecdad8d8b8f2ad480085c9b794f5cc18b451e94fea22936a8e8e5959354a"}, "message": ""}, "checksum": {"function": "sha256", "params": {}, "message": "9d62b69d8ccb2d2fb48f693994f6eb349de8da28b3dc6a0474f1daa86b610ffe"}, "cipher": {"function": "aes-128-ctr", "params": {"iv": "7cc8f18939d3d961ed2c7ecac054d735"}, "message": "19195ad42471e373cf51f9fdfb23abf1b18be8cbc9568c7a9e2efe1def8cf479"}}, "description": "", "pubkey": "86b6fd9c13003774389d595d8272adbcde2e092b01d16628dc9262973b1e3174b7ef8ffdfe539131adb00b3c36739018", "path": "m/12381/3600/99/0/0", "uuid": "5dced753-0e2f-458d-ad27-45786ba7538d", "version": 4}