{"crypto": {"kdf": {"function": "scrypt", "params": {"dklen": 32, "n": 262144, "r": 8, "p": 1, "salt": "afeeecdad8d8b8f2ad480085c9b794f5cc18b451e94fea22936a8e8e5959354a"}, "message": ""}, "checksum": {"function": "sha256", "params": {}, "message": "733f3baa42bca83f856690fb415a6b004e17a9710af18bd3adb28a524eddd951"}, "cipher": {"function": "aes-128-ctr", "params": {"iv": "7cc8f18939d3d961ed2c7ecac054d735"}, "message": "33ede4e890afd425b41da455ff3aa6cc6ff804b95f7c6089a9087a008814040b"}}, "description": "", "pubkey": "897727a58d0dcdf3c378d786e7e8078075c8799a991a24b5e90d5620f055938080c560e6f98a20732221be8ddbba4bb7", "path": "m/12381/3600/31/0/0", "uuid": "7bfb06bd-9ee7-4403-ae4b-88c957ef7c1b", "version": 4}