{"crypto": {"kdf": {"function": "scrypt", "params": {"dklen": 32, "n": 262144, "r": 8, "p": 1, "salt": "10a0f6ded2c250e536c478dc06eba21fa28db8ac4ed44c3784b2c9fb81425af3"}, "message": ""}, "checksum": {"function": "sha256", "params": {}, "message": "271a1ae75a4eefc4c58aeb9dbb161a1d09b4c31df25aa367d468608c85996c42"}, "cipher": {"function": "aes-128-ctr", "params": {"iv": "13618cfd272ece16a81b606b4bd9f35a"}, "message": "a349ad9459f2aabad37972af81e58f374b367afd1cf40ff7e511af42549e69e0"}}, "description": "", "pubkey": "a91196760c98bb03816bdc16c6ca15a095e8bc43577204e8a7281b87a91ef98877922ac55866c9cec294a740e28d8dac", "path": "m/12381/3600/0/0/0", "uuid": "17c157b3-7883-454b-83fa-b72043e845fd", "version": 4}