{"crypto": {"kdf": {"function": "scrypt", "params": {"dklen": 32, "n": 262144, "r": 8, "p": 1, "salt": "afeeecdad8d8b8f2ad480085c9b794f5cc18b451e94fea22936a8e8e5959354a"}, "message": ""}, "checksum": {"function": "sha256", "params": {}, "message": "e8c7320bf076b8e4f55afdd91c14af440fcf0332a2d562ca5ad1fa8bbf25f4d1"}, "cipher": {"function": "aes-128-ctr", "params": {"iv": "7cc8f18939d3d961ed2c7ecac054d735"}, "message": "434f784e3ca56cfebb8fd6fa604e56258b7cf69f3b48dad90cca3ce95533cc76"}}, "description": "", "pubkey": "8a0abacbebc10997312dbe2ac672b212c49a53242930051a07f2ada2daf74175725f005d38e9b1db7a382d9bd8876b09", "path": "m/12381/3600/19/0/0", "uuid": "233741bf-f1f3-4045-bf49-35c42e40e414", "version": 4}