{"crypto": {"kdf": {"function": "scrypt", "params": {"dklen": 32, "n": 262144, "r": 8, "p": 1, "salt": "afeeecdad8d8b8f2ad480085c9b794f5cc18b451e94fea22936a8e8e5959354a"}, "message": ""}, "checksum": {"function": "sha256", "params": {}, "message": "ddca843ead1a62cafcdac675315050d37586ecc427c3932fee4eca4988560ad6"}, "cipher": {"function": "aes-128-ctr", "params": {"iv": "7cc8f18939d3d961ed2c7ecac054d735"}, "message": "6c6c4a8dbdd991bcb89fade6db2741c5f47e2ae5679ec1cf94d727da0090dbac"}}, "description": "", "pubkey": "97f28a26b323a25d543ffd2500360686cc2c26c5b6e1f1f1732b3d95ece1307c33e2ea35a429addc6b597e36c5af1056", "path": "m/12381/3600/41/0/0", "uuid": "dfff0e15-96e2-4f80-99f4-4b7cfa5701d3", "version": 4}