{"crypto": {"kdf": {"function": "scrypt", "params": {"dklen": 32, "n": 262144, "r": 8, "p": 1, "salt": "afeeecdad8d8b8f2ad480085c9b794f5cc18b451e94fea22936a8e8e5959354a"}, "message": ""}, "checksum": {"function": "sha256", "params": {}, "message": "adf6298e2ce436a4945e12d54805c44f6d7bad215624549e680182daef1d7ddd"}, "cipher": {"function": "aes-128-ctr", "params": {"iv": "7cc8f18939d3d961ed2c7ecac054d735"}, "message": "5dc059dcd443d1488ca0a6104b102f716c431a1b626ca42bcfbe0049526192bf"}}, "description": "", "pubkey": "b7abf9dd8a7a2e0701a8cb2d08eb25c621db584b5afb48ab22b485d9f97bc76388adacf001376f38852cf170436f1509", "path": "m/12381/3600/84/0/0", "uuid": "050e3f7b-c72d-437a-9b45-235c6eaebf12", "version": 4}