{"crypto": {"kdf": {"function": "scrypt", "params": {"dklen": 32, "n": 262144, "r": 8, "p": 1, "salt": "afeeecdad8d8b8f2ad480085c9b794f5cc18b451e94fea22936a8e8e5959354a"}, "message": ""}, "checksum": {"function": "sha256", "params": {}, "message": "5c618a619426bd877829986a63675fcc6be5cbd64b0c3441e0b6b9532be0cce5"}, "cipher": {"function": "aes-128-ctr", "params": {"iv": "7cc8f18939d3d961ed2c7ecac054d735"}, "message": "09fdbd8e3aa54ffc7f8eadad04d3337987e0767e3c85a849279e50101550310e"}}, "description": "", "pubkey": "b88e4a2c252418bd06088cb81151a0912d2da44d49b329d88fd94cc1d8eed7e46cb8c21eb3b8ae0fb4599f63c22de719", "path": "m/12381/3600/60/0/0", "uuid": "bd84b32a-7d28-457c-9f7a-a0d1c9835fb7", "version": 4}