{"crypto": {"kdf": {"function": "scrypt", "params": {"dklen": 32, "n": 262144, "r": 8, "p": 1, "salt": "afeeecdad8d8b8f2ad480085c9b794f5cc18b451e94fea22936a8e8e5959354a"}, "message": ""}, "checksum": {"function": "sha256", "params": {}, "message": "b24b3a5babb235659e2961f0fac650c86b1d2ce84535ac0fb391d0e57bfbaefe"}, "cipher": {"function": "aes-128-ctr", "params": {"iv": "7cc8f18939d3d961ed2c7ecac054d735"}, "message": "3e27985a79e66e8b5b4b9de8ed29c942104fb82b7eb3afa2c3af0f068639b683"}}, "description": "", "pubkey": "b8aab5ee29ea36019d77c2576ebb1827a2d079b7c203be023e1de4078aabd1b80b4859836abb91fcffb96b3bbf817018", "path": "m/12381/3600/17/0/0", "uuid": "c0951d4c-c050-4a84-9a0a-4c608f711aa6", "version": 4}