{"crypto": {"kdf": {"function": "scrypt", "params": {"dklen": 32, "n": 262144, "r": 8, "p": 1, "salt": "afeeecdad8d8b8f2ad480085c9b794f5cc18b451e94fea22936a8e8e5959354a"}, "message": ""}, "checksum": {"function": "sha256", "params": {}, "message": "003e0e8ba7dd95875164ffa41a2356523a8f3d99a1fac129306a5f0502a6cf3e"}, "cipher": {"function": "aes-128-ctr", "params": {"iv": "7cc8f18939d3d961ed2c7ecac054d735"}, "message": "7aca47dafb0e31cda60cbf3ccdf46f97686781fce52a5efb19e3982e1773076c"}}, "description": "", "pubkey": "b508b9f0d03fb725d42cfb05d297f028fd218815ca801e6ad6a6e440539e8da8cc5d68afc5b67a051119340ac0c43d77", "path": "m/12381/3600/43/0/0", "uuid": "89cfbd6c-8fd1-4066-a707-28aa1051fe5a", "version": 4}