{"crypto": {"kdf": {"function": "scrypt", "params": {"dklen": 32, "n": 262144, "r": 8, "p": 1, "salt": "13c1a7decec02140bdc35a53d3b690a2765d09a421ceddf39e06f443c2a9e57c"}, "message": ""}, "checksum": {"function": "sha256", "params": {}, "message": "67b4c65b45d185fa233dc2ab3d0984bdce1aa8ce8981c47462646fee4fa623ae"}, "cipher": {"function": "aes-128-ctr", "params": {"iv": "2591da3204ec249903419c7544239d56"}, "message": "455dd546a2a51ddc583dfd4c48f009e35128ad4e9cd0f83c7494ea33d34bfeb1"}}, "description": "", "pubkey": "abfa2b712187b31d7e74a4451e88a69ee6bd7915ed48f4475f16cfa15262eba89c1b3fb1cd704ee499ea5355110db2ce", "path": "m/12381/3600/2/0/0", "uuid": "1d901a44-b109-4857-934a-fcbc02bb49b4", "version": 4}