{"crypto": {"kdf": {"function": "scrypt", "params": {"dklen": 32, "n": 262144, "r": 8, "p": 1, "salt": "afeeecdad8d8b8f2ad480085c9b794f5cc18b451e94fea22936a8e8e5959354a"}, "message": ""}, "checksum": {"function": "sha256", "params": {}, "message": "889690d1796ca4cf1cc5d0834e32d57fc01af76cb6e003558ba9078bbc0c8d75"}, "cipher": {"function": "aes-128-ctr", "params": {"iv": "7cc8f18939d3d961ed2c7ecac054d735"}, "message": "39c14259e1c1f9057fe541a160ccf6d27950fe9edc1d7a043810a918affd3ff7"}}, "description": "", "pubkey": "af06eee5bd18c41cd6122fb62f60c85b5f3515d6a438b1ede4f560c26cbc9415c8a354e4d61c7fa276ca712f4f1c541b", "path": "m/12381/3600/86/0/0", "uuid": "7a9309c0-4a21-4b8c-8c9b-9c248e1f2fb9", "version": 4}