{"crypto": {"kdf": {"function": "scrypt", "params": {"dklen": 32, "n": 262144, "r": 8, "p": 1, "salt": "afeeecdad8d8b8f2ad480085c9b794f5cc18b451e94fea22936a8e8e5959354a"}, "message": ""}, "checksum": {"function": "sha256", "params": {}, "message": "8031fd74ff0309d8bd7d31da4c43e8df67a102f26572ce7f232332347eaba9c2"}, "cipher": {"function": "aes-128-ctr", "params": {"iv": "7cc8f18939d3d961ed2c7ecac054d735"}, "message": "2934c2d907420d611920c430e84391cc5b2ff66950c5fc704dfee6d1415aea8b"}}, "description": "", "pubkey": "b8ee8c1ec74ca4ba3b1654ebd52972571739a449271d149e061a41c1ff123edd2fb1dc9beefb7a2a85706a0d9e81ee5e", "path": "m/12381/3600/13/0/0", "uuid": "63db3c01-7579-4b6d-aa7e-b17e2a757f91", "version": 4}