{"crypto": {"kdf": {"function": "scrypt", "params": {"dklen": 32, "n": 262144, "r": 8, "p": 1, "salt": "afeeecdad8d8b8f2ad480085c9b794f5cc18b451e94fea22936a8e8e5959354a"}, "message": ""}, "checksum": {"function": "sha256", "params": {}, "message": "699e5329f22de9bbf643492b7ed245159ef3ea9958299f26d1c98a0efbdbb2a6"}, "cipher": {"function": "aes-128-ctr", "params": {"iv": "7cc8f18939d3d961ed2c7ecac054d735"}, "message": "10785d4bb0bf4d6f52014a3b62e96d3c50afd3d7d6a04a0a930561c19b71aa23"}}, "description": "", "pubkey": "ad7f4a6f67727824f8bfafbb0cf6c6d054d9716477e460cc5d96572a4cbf72f3b40b8c767ca66fabe08465797b3f44c7", "path": "m/12381/3600/68/0/0", "uuid": "fa0eb373-bd2a-4336-aad9-ffc9545927bd", "version": 4}