{"crypto": {"kdf": {"function": "scrypt", "params": {"dklen": 32, "n": 262144, "r": 8, "p": 1, "salt": "afeeecdad8d8b8f2ad480085c9b794f5cc18b451e94fea22936a8e8e5959354a"}, "message": ""}, "checksum": {"function": "sha256", "params": {}, "message": "4170aae5a05c045a716df5fc80803e48eb89658528df1c6486e873013735d687"}, "cipher": {"function": "aes-128-ctr", "params": {"iv": "7cc8f18939d3d961ed2c7ecac054d735"}, "message": "5a08e81bef7cae6d873f5b55c15f178bbca99374c81c59a0cfc1bb43c81f35e8"}}, "description": "", "pubkey": "96dee4e20b817be5ce06064e9b3edbacb2eea0e89cbabf98824bbc4d44b68a0466542e38c055fccc6b3bd4e05529e27a", "path": "m/12381/3600/29/0/0", "uuid": "6b80b7f2-3876-4f1c-92ff-c151e51f1e5e", "version": 4}