{"crypto": {"kdf": {"function": "scrypt", "params": {"dklen": 32, "n": 262144, "r": 8, "p": 1, "salt": "afeeecdad8d8b8f2ad480085c9b794f5cc18b451e94fea22936a8e8e5959354a"}, "message": ""}, "checksum": {"function": "sha256", "params": {}, "message": "21a3c1d336350a6ad8cc4ebf1732034b7038ab549253693d5718bf7d7a8fe637"}, "cipher": {"function": "aes-128-ctr", "params": {"iv": "7cc8f18939d3d961ed2c7ecac054d735"}, "message": "70d051216e6154b256926c367d4deb44cffb5827db53b7a42df1dcc9c58f5aaa"}}, "description": "", "pubkey": "b71b47c0a193b7c43f2dcac3c5f4514dc8faeaeeb026f846ee31902686ddf6ef33f21acecf27431da84ab4edc4e4f679", "path": "m/12381/3600/70/0/0", "uuid": "6368c09c-3b4c-4935-93e0-8b9f99b3b7a6", "version": 4}