{"crypto": {"kdf": {"function": "scrypt", "params": {"dklen": 32, "n": 262144, "r": 8, "p": 1, "salt": "afeeecdad8d8b8f2ad480085c9b794f5cc18b451e94fea22936a8e8e5959354a"}, "message": ""}, "checksum": {"function": "sha256", "params": {}, "message": "82a499c3e26f8d811ce81d6fc09caa8f58c77f856727f2b8210cc7a0aa537291"}, "cipher": {"function": "aes-128-ctr", "params": {"iv": "7cc8f18939d3d961ed2c7ecac054d735"}, "message": "08be0f8f2673c609b840a876f4976400aaf59ffe82751ca7c5bbad1ff7cebe90"}}, "description": "", "pubkey": "ae7a62428eefa76d3e5edad9919433f6e0dedca40b4964d3026ca4b799cf2e4eab566e868e6e7e50d02be02a4c7718f3", "path": "m/12381/3600/30/0/0", "uuid": "e6440293-b34f-4206-8aba-22ed4747dcb6", "version": 4}