{"crypto": {"kdf": {"function": "scrypt", "params": {"dklen": 32, "n": 262144, "r": 8, "p": 1, "salt": "afeeecdad8d8b8f2ad480085c9b794f5cc18b451e94fea22936a8e8e5959354a"}, "message": ""}, "checksum": {"function": "sha256", "params": {}, "message": "4aeb3734f626ea9c4ba2c4e41aade966ee1275f341fcbddc3475b4dc7c29a4ae"}, "cipher": {"function": "aes-128-ctr", "params": {"iv": "7cc8f18939d3d961ed2c7ecac054d735"}, "message": "73c2762617097c785c543529855a915e6e7333f554e447fa04f186277fc0e06a"}}, "description": "", "pubkey": "b5e3e99778324e12220c86058a7d9a128414bfd2ccd46123fc7b8e99bf8b61c07efc034fa757c80fbadfa3effadd0b72", "path": "m/12381/3600/18/0/0", "uuid": "b89f0824-4158-4834-9daf-a1b116e718e5", "version": 4}