{"crypto": {"kdf": {"function": "scrypt", "params": {"dklen": 32, "n": 262144, "r": 8, "p": 1, "salt": "afeeecdad8d8b8f2ad480085c9b794f5cc18b451e94fea22936a8e8e5959354a"}, "message": ""}, "checksum": {"function": "sha256", "params": {}, "message": "4e7cb2b110d3e760a374fe2a47eeb0d595046ee596a2332de180ae4929ef7c54"}, "cipher": {"function": "aes-128-ctr", "params": {"iv": "7cc8f18939d3d961ed2c7ecac054d735"}, "message": "227096612e6903e76b1102b0bf3d22bad794c904d8219758def0926e47a1a7c8"}}, "description": "", "pubkey": "b152c41f56b82e23ab5d22a77856c50dc76adf9b5c320e2f5c8e29045dee32bdea4d674fa6c5abd2deec7a0c38c9d42d", "path": "m/12381/3600/97/0/0", "uuid": "8ee94038-719f-41ae-9670-f0be2f3bcbcf", "version": 4}