{"crypto": {"kdf": {"function": "scrypt", "params": {"dklen": 32, "n": 262144, "r": 8, "p": 1, "salt": "afeeecdad8d8b8f2ad480085c9b794f5cc18b451e94fea22936a8e8e5959354a"}, "message": ""}, "checksum": {"function": "sha256", "params": {}, "message": "207e329bbdacfd2215833b82e5e3cafc1e2f41bf6cc33b150d4da1ec4e4f86a6"}, "cipher": {"function": "aes-128-ctr", "params": {"iv": "7cc8f18939d3d961ed2c7ecac054d735"}, "message": "708dc2bad9dfdf679e26d05582de6b9df30fe2daaa4aecba7dc7b44310e565ef"}}, "description": "", "pubkey": "99a029a99898ba10fbbb761b75e4b8882d775bfa527f03ea8832aa68f78fc884a178a306be94eac9d81d8ba4a4023b50", "path": "m/12381/3600/71/0/0", "uuid": "e2f562f0-46cd-4206-affa-f69ad98bb9ef", "version": 4}