{"crypto": {"kdf": {"function": "scrypt", "params": {"dklen": 32, "n": 262144, "r": 8, "p": 1, "salt": "afeeecdad8d8b8f2ad480085c9b794f5cc18b451e94fea22936a8e8e5959354a"}, "message": ""}, "checksum": {"function": "sha256", "params": {}, "message": "9d5c89f06800dd6eb0dd8c28ceb8ed7e0119ead41fcbde3f753f6e59e51f245d"}, "cipher": {"function": "aes-128-ctr", "params": {"iv": "7cc8f18939d3d961ed2c7ecac054d735"}, "message": "77cb2243f34e34bfaf3ba8dcd31bf3504f6a2a2a67d7babe55b173361cf6c810"}}, "description": "", "pubkey": "8d52c4f31c202da3b290c9b0d51d9029892b4bcbc810983fbc2b4fd1a2458be7dafa5828b9d996510eee5c38748fd590", "path": "m/12381/3600/44/0/0", "uuid": "96bc4e1f-a591-4a56-af9e-503299f4a959", "version": 4}