{"crypto": {"kdf": {"function": "scrypt", "params": {"dklen": 32, "n": 262144, "r": 8, "p": 1, "salt": "afeeecdad8d8b8f2ad480085c9b794f5cc18b451e94fea22936a8e8e5959354a"}, "message": ""}, "checksum": {"function": "sha256", "params": {}, "message": "96635d20b6bd8324078e482ac964f54ad4222fbcff4a8c8f27f7b1190d33d9b0"}, "cipher": {"function": "aes-128-ctr", "params": {"iv": "7cc8f18939d3d961ed2c7ecac054d735"}, "message": "53b654849cac157990c00d6ad91c0dc583f0b5446bce9a506d39b3e104fc47a0"}}, "description": "", "pubkey": "900e3da7e3b24b9a5cc0523960af3dbe962eb067fe65b19af1ae26a793d2ba4f6e2768becf26e770676b13684fd8e579", "path": "m/12381/3600/6/0/0", "uuid": "b01a238c-19be-4e9e-9791-8758a07373b5", "version": 4}