{"crypto": {"kdf": {"function": "scrypt", "params": {"dklen": 32, "n": 262144, "r": 8, "p": 1, "salt": "afeeecdad8d8b8f2ad480085c9b794f5cc18b451e94fea22936a8e8e5959354a"}, "message": ""}, "checksum": {"function": "sha256", "params": {}, "message": "4283ea6adc5bf2b8f186c6dcc10658dc18825bad9089e984a0a5d50a5834d366"}, "cipher": {"function": "aes-128-ctr", "params": {"iv": "7cc8f18939d3d961ed2c7ecac054d735"}, "message": "2604f63e63f1c651d115cc9d88e125f1f41e0a85abc340e1b5372032439cc033"}}, "description": "", "pubkey": "98c7c438a5b6906aaed08a03b2b22f1d314b9cee6d438c925af80b16ed29642466f511e1e044495da3be24ca94b4bb05", "path": "m/12381/3600/63/0/0", "uuid": "afd2f2b8-07b8-416c-a2a7-b022ac327ca5", "version": 4}