{"crypto": {"kdf": {"function": "scrypt", "params": {"dklen": 32, "n": 262144, "r": 8, "p": 1, "salt": "afeeecdad8d8b8f2ad480085c9b794f5cc18b451e94fea22936a8e8e5959354a"}, "message": ""}, "checksum": {"function": "sha256", "params": {}, "message": "1de9d1ea1fd645b4ae6dfd049ea26548aa2ad9d090dff04e8ef553411fb320c9"}, "cipher": {"function": "aes-128-ctr", "params": {"iv": "7cc8f18939d3d961ed2c7ecac054d735"}, "message": "46cda7305591c26552b35eb47791da86317fa9a5c02d68d3c13839b0ccb9dccd"}}, "description": "", "pubkey": "95440a3e41270f24a44629c8221ef7267e719861869343eadba1e8dc3c3f3d483bf5de8c73591b6edc2f96685744a39b", "path": "m/12381/3600/27/0/0", "uuid": "93546607-6ed1-4814-ab8b-e337d9fbdcf2", "version": 4}