{"crypto": {"kdf": {"function": "scrypt", "params": {"dklen": 32, "n": 262144, "r": 8, "p": 1, "salt": "afeeecdad8d8b8f2ad480085c9b794f5cc18b451e94fea22936a8e8e5959354a"}, "message": ""}, "checksum": {"function": "sha256", "params": {}, "message": "435cea2e9b0e2bd8a7baaf340d5fc1321e74fcbd6159cec5289977e3218347b6"}, "cipher": {"function": "aes-128-ctr", "params": {"iv": "7cc8f18939d3d961ed2c7ecac054d735"}, "message": "081987bbf5cc90f941f9f7e117ae162bf450b57d35f96bca2a2d92842cadd15c"}}, "description": "", "pubkey": "8e917d35f2f7f03c0893fe6e57e4aaf1008d71759114b35fd240c5f6dcb7eebbf12759c5a1ca562fd71e3f4f11fb2d89", "path": "m/12381/3600/96/0/0", "uuid": "40fdf27e-46b2-474f-81c3-13eeb8fa0d21", "version": 4}