{"crypto": {"kdf": {"function": "scrypt", "params": {"dklen": 32, "n": 262144, "r": 8, "p": 1, "salt": "afeeecdad8d8b8f2ad480085c9b794f5cc18b451e94fea22936a8e8e5959354a"}, "message": ""}, "checksum": {"function": "sha256", "params": {}, "message": "995201d39bfce1fdcb1ef872256d463682c7594d90ac085b79d396e98b3ab531"}, "cipher": {"function": "aes-128-ctr", "params": {"iv": "7cc8f18939d3d961ed2c7ecac054d735"}, "message": "517f0537f46ea086211f866f6ac8bb67040b37fc39a03266b06e8084588144da"}}, "description": "", "pubkey": "ab0ad845d52b7a826c3bd4c469dad7a34fdc9af9f1fafb2f08c3688aa6b8bab3350e465ace2473ad6a943794f19adf27", "path": "m/12381/3600/75/0/0", "uuid": "598cde25-23ba-4be9-9641-2908f01bbd37", "version": 4}