{"crypto": {"kdf": {"function": "scrypt", "params": {"dklen": 32, "n": 262144, "r": 8, "p": 1, "salt": "afeeecdad8d8b8f2ad480085c9b794f5cc18b451e94fea22936a8e8e5959354a"}, "message": ""}, "checksum": {"function": "sha256", "params": {}, "message": "7e3029fe8f44e7a99547b68b9f8a2fb5d2c68b1be1d5a7554d808f57b5b2275f"}, "cipher": {"function": "aes-128-ctr", "params": {"iv": "7cc8f18939d3d961ed2c7ecac054d735"}, "message": "0b793bd48c45891f88cc0dce75964b01fa92b35af1d28c387913ffb09eb9f64c"}}, "description": "", "pubkey": "a22c82fabb418f0f5eb78024a8bb7beddb9b637201c988a21d75c2a356ebe64129e2a6b7e87f286fc4369cc87aa461c2", "path": "m/12381/3600/88/0/0", "uuid": "3f74c266-866b-43a3-bc99-ed5873f2203a", "version": 4}