{"crypto": {"kdf": {"function": "scrypt", "params": {"dklen": 32, "n": 262144, "r": 8, "p": 1, "salt": "afeeecdad8d8b8f2ad480085c9b794f5cc18b451e94fea22936a8e8e5959354a"}, "message": ""}, "checksum": {"function": "sha256", "params": {}, "message": "79539b06dbf072b5c74051edb5fdea74fe4c50551b60fddb1e74351d35277eb2"}, "cipher": {"function": "aes-128-ctr", "params": {"iv": "7cc8f18939d3d961ed2c7ecac054d735"}, "message": "1929cab6d01d165f371c21336b10aed00c9a4344790b9ac4c06459bbf169c487"}}, "description": "", "pubkey": "82423dc2413bedc6b8fadc74f11ca0aa4213a2c32b656af9f0b79cbb1c26a91261fa964073308fe60e04fe6d23fc0d98", "path": "m/12381/3600/25/0/0", "uuid": "b820e15b-7f79-45dd-9aaa-1be3e7a68e86", "version": 4}