{"crypto": {"kdf": {"function": "scrypt", "params": {"dklen": 32, "n": 262144, "r": 8, "p": 1, "salt": "afeeecdad8d8b8f2ad480085c9b794f5cc18b451e94fea22936a8e8e5959354a"}, "message": ""}, "checksum": {"function": "sha256", "params": {}, "message": "d842489e59671f7c9ff1fcbb3c3698f07e8b480b5efc74eacaa45a674e804ed2"}, "cipher": {"function": "aes-128-ctr", "params": {"iv": "7cc8f18939d3d961ed2c7ecac054d735"}, "message": "15994733e5e07b8d00bfb531a3bad5019acc53da5c1c2ddd3ee514d32fa9728f"}}, "description": "", "pubkey": "98d9ce462c1bafd09d9e956ad91f45ed03591aef492819c47215b598cc672c122fad0cc6c4658084da45668f0732e8f5", "path": "m/12381/3600/98/0/0", "uuid": "7d57362d-2c24-4fc9-be93-852fa9c9f0cd", "version": 4}