{"crypto": {"kdf": {"function": "scrypt", "params": {"dklen": 32, "n": 262144, "r": 8, "p": 1, "salt": "afeeecdad8d8b8f2ad480085c9b794f5cc18b451e94fea22936a8e8e5959354a"}, "message": ""}, "checksum": {"function": "sha256", "params": {}, "message": "0f0e6bcff874fabf8f1dc19d7d91ba2461bbef4eca413d06ba674fd174e57f48"}, "cipher": {"function": "aes-128-ctr", "params": {"iv": "7cc8f18939d3d961ed2c7ecac054d735"}, "message": "2ff753bf79c42b85807e2ee1c2e51f36ddef3c0a7f0f2572a50f0cbf82c6b1e1"}}, "description": "", "pubkey": "8baedef87d0517f07f33692f2fb4bffb7d0584105a6bf550956da5e44ea691a053ef23a91ca42ddedd7ea909165c7464", "path": "m/12381/3600/53/0/0", "uuid": "6d43b59a-d076-4428-96e4-7fb2c3e1a5f0", "version": 4}