{"crypto": {"kdf": {"function": "scrypt", "params": {"dklen": 32, "n": 262144, "r": 8, "p": 1, "salt": "afeeecdad8d8b8f2ad480085c9b794f5cc18b451e94fea22936a8e8e5959354a"}, "message": ""}, "checksum": {"function": "sha256", "params": {}, "message": "42b760c8fc1a7870a1f6b7ee15bcca9a5ae284b4bd2eb7d9dc9ff6cc362d9821"}, "cipher": {"function": "aes-128-ctr", "params": {"iv": "7cc8f18939d3d961ed2c7ecac054d735"}, "message": "332e258bb611e993bd1b7ecc086c15f5053181cd8069b55c4a72123fb4f686ee"}}, "description": "", "pubkey": "97b9d8199e3d7f32555b6d079346e1a4e72ab446882054b839f34445d41c39fefdf98acf81b371aa843b817dc706e6a2", "path": "m/12381/3600/26/0/0", "uuid": "a217a615-c4dc-4ac2-bd41-08d392bf34da", "version": 4}