{"crypto": {"kdf": {"function": "scrypt", "params": {"dklen": 32, "n": 262144, "r": 8, "p": 1, "salt": "afeeecdad8d8b8f2ad480085c9b794f5cc18b451e94fea22936a8e8e5959354a"}, "message": ""}, "checksum": {"function": "sha256", "params": {}, "message": "cbe3d69cc50ded75460b521557ae75037dc12d7b3c45c4a5a4e96e436210ff18"}, "cipher": {"function": "aes-128-ctr", "params": {"iv": "7cc8f18939d3d961ed2c7ecac054d735"}, "message": "4fa622935186039dcaa27f1bd5e331be2fff63f9a3c91ad514d055cdf9e951c3"}}, "description": "", "pubkey": "8ea480a5b8412e138e3d3b90b353bb5a7b31f3499ee912e30be5720a1b2bb585fb861a80c0f7e60b80a686757820c9bb", "path": "m/12381/3600/37/0/0", "uuid": "99b39ca4-62c7-41ed-8894-cb207fbbaadd", "version": 4}