{"crypto": {"kdf": {"function": "scrypt", "params": {"dklen": 32, "n": 262144, "r": 8, "p": 1, "salt": "3668759acda3bfa1743f2ae75317a054f90756ab02a3fe0a9f2f55f8bf9b3faf"}, "message": ""}, "checksum": {"function": "sha256", "params": {}, "message": "1d17c57fdf916509c3ea6b0db770f6928bfde66560e0080b84cfe12a2117a70b"}, "cipher": {"function": "aes-128-ctr", "params": {"iv": "c2f8d99db92ce65c73d1a1575e7720c0"}, "message": "dd94eb325871abbd1c4d6985eb367fd393019b6443ce42a758076a76d8fa873a"}}, "description": "", "pubkey": "abfa2b712187b31d7e74a4451e88a69ee6bd7915ed48f4475f16cfa15262eba89c1b3fb1cd704ee499ea5355110db2ce", "path": "m/12381/3600/2/0/0", "uuid": "47feb700-e44e-467c-9aa1-89ab2cc08cdd", "version": 4}