{"crypto": {"kdf": {"function": "scrypt", "params": {"dklen": 32, "n": 262144, "r": 8, "p": 1, "salt": "2111edbf0a1c6e6cc7216e2650c7ee3ab63a48af8a1332f52ba07d4c53382ab2"}, "message": ""}, "checksum": {"function": "sha256", "params": {}, "message": "e4296c3b9481e824c7ffa3f94f75fc573878631bc3333a8b4666a45a80a79104"}, "cipher": {"function": "aes-128-ctr", "params": {"iv": "22fcf9678d9d3451b7b70064c7aff1a4"}, "message": "021290b6a694f8f85a9b2d4b92173e7b2024b111db399c6d1854a94b7be8659a"}}, "description": "", "pubkey": "ae354d8cd01d9a5c3b8985eedfb801bd3e38f8c31d3cf665c0139e315ba6c3116da9e83c16caf8d0bacacc328c630348", "path": "m/12381/3600/72/0/0", "uuid": "efa9843f-f5ac-4a0a-82b7-abddab7e4b36", "version": 4}