{"crypto": {"kdf": {"function": "scrypt", "params": {"dklen": 32, "n": 262144, "r": 8, "p": 1, "salt": "9c0bafee5bf3ea485ea254ac38ea6b2d72a9f5273dac7d7fb24cd03e8fe1d05b"}, "message": ""}, "checksum": {"function": "sha256", "params": {}, "message": "96659ed032bde7cc031e66b52a42b4806f6df325fb3d66bb17065e451c0036ad"}, "cipher": {"function": "aes-128-ctr", "params": {"iv": "6e42231e041ec9ef9bb3a7fc1c5c4e7d"}, "message": "1eabca498574f1a6cf54cc8af1edc1ec7e940cec96fcfb20bd562e331f6fbd20"}}, "description": "", "pubkey": "98d9ce462c1bafd09d9e956ad91f45ed03591aef492819c47215b598cc672c122fad0cc6c4658084da45668f0732e8f5", "path": "m/12381/3600/98/0/0", "uuid": "19248907-b485-4bc3-8f9c-62b91ff44c08", "version": 4}