{"crypto": {"kdf": {"function": "scrypt", "params": {"dklen": 32, "n": 262144, "r": 8, "p": 1, "salt": "9c0bafee5bf3ea485ea254ac38ea6b2d72a9f5273dac7d7fb24cd03e8fe1d05b"}, "message": ""}, "checksum": {"function": "sha256", "params": {}, "message": "4f6421dad6b3479b3f1eb0b86c49b5bf8974f29dd0d66e007dca83fd9e72a7f1"}, "cipher": {"function": "aes-128-ctr", "params": {"iv": "6e42231e041ec9ef9bb3a7fc1c5c4e7d"}, "message": "6660b679fa35a2dde769f1afa7833a3a89f05e66969a96b2ed95f82dd41bf3ac"}}, "description": "", "pubkey": "94c61934461bc292355a2021b989c85812035c629bd3b7e8a189a9492739526f2266f912c25914c9b7d912dd27a56d53", "path": "m/12381/3600/24/0/0", "uuid": "fec1b495-bf70-4681-81a4-a9dccecc0b1e", "version": 4}