{"crypto": {"kdf": {"function": "scrypt", "params": {"dklen": 32, "n": 262144, "r": 8, "p": 1, "salt": "9c0bafee5bf3ea485ea254ac38ea6b2d72a9f5273dac7d7fb24cd03e8fe1d05b"}, "message": ""}, "checksum": {"function": "sha256", "params": {}, "message": "09f7123f5dc5ea1b8759a8ec47cb599cae6fa3459afee8755773a39c6fa4d7dd"}, "cipher": {"function": "aes-128-ctr", "params": {"iv": "6e42231e041ec9ef9bb3a7fc1c5c4e7d"}, "message": "2f2a821604b9042ca9bd0621b6353513f8f172c8ffd13aced45ed31ea357804b"}}, "description": "", "pubkey": "81805d74e061294825a8064b6e0c244a6cc06a62cbf34365116cb8b25f347c57a9160f003aa2958438b331108c0ac5c8", "path": "m/12381/3600/39/0/0", "uuid": "6f5c72aa-24ae-48df-bc6d-3519338d1f16", "version": 4}