{"crypto": {"kdf": {"function": "scrypt", "params": {"dklen": 32, "n": 262144, "r": 8, "p": 1, "salt": "85e6d813be8aff30fe4d6ff9a8c66701462bea0ace48ae9119c5ce37bf3cbee6"}, "message": ""}, "checksum": {"function": "sha256", "params": {}, "message": "d27830b5982b3625aeb3708c3186825543d07657b1bb8a7a935122614c0a250b"}, "cipher": {"function": "aes-128-ctr", "params": {"iv": "cf239913a84dab91df8c5ac88e26e888"}, "message": "62fcdeac350909ad8aaefa73c5e6ee779d4aa628b85de408030ab4250bcccc9f"}}, "description": "", "pubkey": "8c7b7c685557c6eda0c341e1ac7c3466c8f577d77e07c6b6f3e3831380bcb0498fe730693f1025e36bacb70e5b151d87", "path": "m/12381/3600/21/0/0", "uuid": "053ef819-74cd-4de6-9413-bd304531f2d4", "version": 4}