{"crypto": {"kdf": {"function": "scrypt", "params": {"dklen": 32, "n": 262144, "r": 8, "p": 1, "salt": "9c0bafee5bf3ea485ea254ac38ea6b2d72a9f5273dac7d7fb24cd03e8fe1d05b"}, "message": ""}, "checksum": {"function": "sha256", "params": {}, "message": "180705a670407ab75711a9c8765b1fa54ee433ba43b4d4680fb09eb1a0fe4f1e"}, "cipher": {"function": "aes-128-ctr", "params": {"iv": "6e42231e041ec9ef9bb3a7fc1c5c4e7d"}, "message": "4adfcc15e5f7f0225293de8be2ba77871948eb719577bc0e80cabdafa0305939"}}, "description": "", "pubkey": "b40676c78eb1779f1977dce026fa55796a7bdcb65fabd0c3e599ddb46758eb2b27b64275baa9ba4a0339397019240a49", "path": "m/12381/3600/58/0/0", "uuid": "3ed8a6a3-ba72-444c-bac8-f38615c35b76", "version": 4}