{"crypto": {"kdf": {"function": "scrypt", "params": {"dklen": 32, "n": 262144, "r": 8, "p": 1, "salt": "9c0bafee5bf3ea485ea254ac38ea6b2d72a9f5273dac7d7fb24cd03e8fe1d05b"}, "message": ""}, "checksum": {"function": "sha256", "params": {}, "message": "a31cb32cca35e547666846fad559c87bb408e9fefb5bb8a7b688890502cb8fc9"}, "cipher": {"function": "aes-128-ctr", "params": {"iv": "6e42231e041ec9ef9bb3a7fc1c5c4e7d"}, "message": "66f9a887640c5d6283b88cacdcfa450d42e36392cf3b0e020f3dc071b9675392"}}, "description": "", "pubkey": "8632fdb4004c61512cf49140244eab22d36d51361167b28c11d8a242b5447cac31a06b98a16490430b9f6ae57ecdc026", "path": "m/12381/3600/7/0/0", "uuid": "710c88c6-7420-43c5-9473-b09ee1f37d60", "version": 4}