{"crypto": {"kdf": {"function": "scrypt", "params": {"dklen": 32, "n": 262144, "r": 8, "p": 1, "salt": "9c0bafee5bf3ea485ea254ac38ea6b2d72a9f5273dac7d7fb24cd03e8fe1d05b"}, "message": ""}, "checksum": {"function": "sha256", "params": {}, "message": "29f2d78ad637736151ca9a8c6058535310a896114d465ec9ba918b83cfb4be4c"}, "cipher": {"function": "aes-128-ctr", "params": {"iv": "6e42231e041ec9ef9bb3a7fc1c5c4e7d"}, "message": "5081c5f4a5d1b6b2ba2e2b47ae694fe5a38b3b31c2e074c8a0998a636d4de199"}}, "description": "", "pubkey": "af24019ff65bb3292f6dad4ad5a046a402098ff8e5237b5634d130ed52fd42c32329fb6f298714ca4e5706cdb0c1c1a7", "path": "m/12381/3600/50/0/0", "uuid": "a14e7b69-fa20-49fc-a254-6cea1a49e64b", "version": 4}