{"crypto": {"kdf": {"function": "scrypt", "params": {"dklen": 32, "n": 262144, "r": 8, "p": 1, "salt": "85e6d813be8aff30fe4d6ff9a8c66701462bea0ace48ae9119c5ce37bf3cbee6"}, "message": ""}, "checksum": {"function": "sha256", "params": {}, "message": "a07c738863ceaf8591be200882564a5b695cfa0231ee1eef229b6862efae7526"}, "cipher": {"function": "aes-128-ctr", "params": {"iv": "cf239913a84dab91df8c5ac88e26e888"}, "message": "1c4d5dd4bfa70913957de27f24cf9965a40d8376ddb99ab545f9b6a9345fcfdf"}}, "description": "", "pubkey": "b91b39357f45f3cb9e6ab8055c9569b09adf769a84b16a8fb6f3483a78b3311451d435742fd1ae9f8d27e534c049c0f0", "path": "m/12381/3600/28/0/0", "uuid": "77872245-d0b1-4d16-a123-d4abed6af85f", "version": 4}