{"crypto": {"kdf": {"function": "scrypt", "params": {"dklen": 32, "n": 262144, "r": 8, "p": 1, "salt": "04560872b6ebd1f1aecabcecdb5ac6676214491a88cb452050cb03281d5c3ea8"}, "message": ""}, "checksum": {"function": "sha256", "params": {}, "message": "cc593ef15e1e6430d81691ffa6f2f036513fe1711920b6e7c1cf6ad97335c7b5"}, "cipher": {"function": "aes-128-ctr", "params": {"iv": "c7e037336cf8dd0d4ac025f04b5d3f53"}, "message": "3599bf4b905a2ecfddfc7db8bb16d9846cd44fc9ecde0551011861edb3e24012"}}, "description": "", "pubkey": "998efd2bedc7925cd930fd3a3427adbce185c0fc37177f3555a37564e23921bdfcff5458ec91748fd379111b64c974a5", "path": "m/12381/3600/9/0/0", "uuid": "f6724a3e-a4b0-4c29-9c38-25f4cd1ff0c8", "version": 4}