{"crypto": {"kdf": {"function": "scrypt", "params": {"dklen": 32, "n": 262144, "r": 8, "p": 1, "salt": "2111edbf0a1c6e6cc7216e2650c7ee3ab63a48af8a1332f52ba07d4c53382ab2"}, "message": ""}, "checksum": {"function": "sha256", "params": {}, "message": "7144f5dd37fee1fae7952d83c3a400138c572be24e4d92d4a968490611937d6d"}, "cipher": {"function": "aes-128-ctr", "params": {"iv": "22fcf9678d9d3451b7b70064c7aff1a4"}, "message": "04dc9b3387802a87ffcc174bf27dc07dbbec0dd64d8ebf6639e0bfd91c1839ec"}}, "description": "", "pubkey": "a4b9c6f7eec12d4d1b66920d29261c6202fb110f68f3108c98570cce6138b8aafc20e5dfe4a6eaf0a6fce7076f01ad65", "path": "m/12381/3600/185/0/0", "uuid": "21cb7e93-6273-410c-8b2c-18deb1ad2da8", "version": 4}