{"crypto": {"kdf": {"function": "scrypt", "params": {"dklen": 32, "n": 262144, "r": 8, "p": 1, "salt": "e2a98651fa8ef0100876db56d6368102c34a4e9bb923adf3d5d5766ac80142fb"}, "message": ""}, "checksum": {"function": "sha256", "params": {}, "message": "48285dfe1fd8021f27b6930f38bbd270d3e83ce1ada0bfff520185a2ba55eedf"}, "cipher": {"function": "aes-128-ctr", "params": {"iv": "f6db09be2c00208086f91c971ef150f9"}, "message": "bcbd5cee3b9e54310c48331ffbd7faece4815374c0f6c0f33f5de2019102df9a"}}, "description": "", "pubkey": "99da7b6ed20ce985973c2dcc64d00685e54617c875b9735fd27e257a9a8ca07472319c85b6cc7c7199d8392637771012", "path": "m/12381/3600/15/0/0", "uuid": "8507efaf-0ede-425b-aace-c592152931ec", "version": 4}