{"crypto": {"kdf": {"function": "scrypt", "params": {"dklen": 32, "n": 262144, "r": 8, "p": 1, "salt": "9c0bafee5bf3ea485ea254ac38ea6b2d72a9f5273dac7d7fb24cd03e8fe1d05b"}, "message": ""}, "checksum": {"function": "sha256", "params": {}, "message": "6cebdbf2500773019a6cbe0c30e58d9a5c46e56e526eaeae32aca8f33cac0bd9"}, "cipher": {"function": "aes-128-ctr", "params": {"iv": "6e42231e041ec9ef9bb3a7fc1c5c4e7d"}, "message": "5e4730bda29ffab3774a6930b6f072310846b5a3151f8c89b05a786dbf668c91"}}, "description": "", "pubkey": "99da7b6ed20ce985973c2dcc64d00685e54617c875b9735fd27e257a9a8ca07472319c85b6cc7c7199d8392637771012", "path": "m/12381/3600/15/0/0", "uuid": "fde86478-69c7-44f0-ad49-4e565f40c8f0", "version": 4}