{"crypto": {"kdf": {"function": "scrypt", "params": {"dklen": 32, "n": 262144, "r": 8, "p": 1, "salt": "9c0bafee5bf3ea485ea254ac38ea6b2d72a9f5273dac7d7fb24cd03e8fe1d05b"}, "message": ""}, "checksum": {"function": "sha256", "params": {}, "message": "e7ae7e3ecbd6ea70c36462154f6fb833aba651266ab0257cede2ccdd832256ea"}, "cipher": {"function": "aes-128-ctr", "params": {"iv": "6e42231e041ec9ef9bb3a7fc1c5c4e7d"}, "message": "460bf448c9a57aa847343d96c97376833564ca598532c52fb43d5cd1d82fc7f2"}}, "description": "", "pubkey": "b0c0e445de8b521128161538894b2ddb99f8a6faf9d6aa457d4ae3aeb802b7a9cedf4181863a9107d1c479f5d9e779d2", "path": "m/12381/3600/91/0/0", "uuid": "068d313c-5550-4bdb-bd87-7fb9e217a630", "version": 4}