{"crypto":{"kdf":{"function":"scrypt","params":{"dklen":32,"n":2,"r":8,"p":1,"salt":"01030305"},"message":""},"checksum":{"function":"sha256","params":{},"message":"00446a8fe92eda4c51cc8b3a06cf018a9e763b4b74a3c116b336c28f3a33af1f"},"cipher":{"function":"aes-128-ctr","params":{"iv":"7c5fd9687541ebc2f4ce14199a66345a"},"message":"ee5ac3997791738c10d11081493850fe18d33d7c0011620505725dc2647c8d39"}},"uuid":"2ca117d0-581a-454f-b504-caeb16e3a275","path":"","pubkey":"a99a76ed7796f7be22d5b7e85deeb7c5677e88e511e0b337618f8c4eb61349b4bf2d153f649f7b53359fe8b94a38e44c","version":4,"description":null,"name":null}