{"crypto": {"kdf": {"function": "scrypt", "params": {"dklen": 32, "n": 262144, "r": 8, "p": 1, "salt": "9c0bafee5bf3ea485ea254ac38ea6b2d72a9f5273dac7d7fb24cd03e8fe1d05b"}, "message": ""}, "checksum": {"function": "sha256", "params": {}, "message": "836640ffb6adfa9d173075407f827bdacd82132575c1489fa6086496446f24b0"}, "cipher": {"function": "aes-128-ctr", "params": {"iv": "6e42231e041ec9ef9bb3a7fc1c5c4e7d"}, "message": "5884d9fefc389f525f2b74d18b4b192867a8ea72a12e4cadee8a8901343a880f"}}, "description": "", "pubkey": "900e3da7e3b24b9a5cc0523960af3dbe962eb067fe65b19af1ae26a793d2ba4f6e2768becf26e770676b13684fd8e579", "path": "m/12381/3600/6/0/0", "uuid": "c1617beb-2c7e-48b7-a6e5-703ce9df9f2e", "version": 4}