{"crypto": {"kdf": {"function": "scrypt", "params": {"dklen": 32, "n": 262144, "r": 8, "p": 1, "salt": "e2a98651fa8ef0100876db56d6368102c34a4e9bb923adf3d5d5766ac80142fb"}, "message": ""}, "checksum": {"function": "sha256", "params": {}, "message": "3d0833d3db23b6cef9c4f1f9f39dc0ff740ae2c8c185b18853abcb34d551a208"}, "cipher": {"function": "aes-128-ctr", "params": {"iv": "f6db09be2c00208086f91c971ef150f9"}, "message": "ba7eb5ad653931d024292efec66c91f58b6f0ca574c700d7618d136d1a5edb04"}}, "description": "", "pubkey": "900e3da7e3b24b9a5cc0523960af3dbe962eb067fe65b19af1ae26a793d2ba4f6e2768becf26e770676b13684fd8e579", "path": "m/12381/3600/6/0/0", "uuid": "ce73ffb2-c4ab-4e6f-88f4-8cce8a9875da", "version": 4}