{"crypto": {"kdf": {"function": "scrypt", "params": {"dklen": 32, "n": 262144, "r": 8, "p": 1, "salt": "9c0bafee5bf3ea485ea254ac38ea6b2d72a9f5273dac7d7fb24cd03e8fe1d05b"}, "message": ""}, "checksum": {"function": "sha256", "params": {}, "message": "e34e686ce29965e41610acbab8e176ecc1d4406da8582ae2513bc5f217f54b23"}, "cipher": {"function": "aes-128-ctr", "params": {"iv": "6e42231e041ec9ef9bb3a7fc1c5c4e7d"}, "message": "4611af2f1430775990ec1fb9832990af8de0bad7502c8b05dc49862595c60438"}}, "description": "", "pubkey": "935b78fac5d7b1d73b2adfe30b385d975b5a3726582d50bf72694f1b51285ba80b685f0b9ae55cfe106efecf8c0539c6", "path": "m/12381/3600/11/0/0", "uuid": "b80767c4-c8db-4495-8b19-69ddc6f146e4", "version": 4}