{"crypto": {"kdf": {"function": "scrypt", "params": {"dklen": 32, "n": 262144, "r": 8, "p": 1, "salt": "2111edbf0a1c6e6cc7216e2650c7ee3ab63a48af8a1332f52ba07d4c53382ab2"}, "message": ""}, "checksum": {"function": "sha256", "params": {}, "message": "fead71885c993f448eaa937ae1421893317fb80aefe6c7283ff32fbc431df9e4"}, "cipher": {"function": "aes-128-ctr", "params": {"iv": "22fcf9678d9d3451b7b70064c7aff1a4"}, "message": "2b3aa8110cfc7358ce6dcdc695d6fa6e1d39b760fbdb68cb9262ca999b2a1bc6"}}, "description": "", "pubkey": "9445e91b8ad50fe9097b1421944c6813d601b5183238ddda5b4e0d82a419af63f21b4749adba1b57161e78f84f30ff41", "path": "m/12381/3600/117/0/0", "uuid": "b87f5117-c149-4388-97bf-a79c7293c088", "version": 4}