{"crypto": {"kdf": {"function": "scrypt", "params": {"dklen": 32, "n": 262144, "r": 8, "p": 1, "salt": "96ad13c1d52764bed3881f9dfcdb8b68b2d2951c2dba9caead998cc9c498f59c"}, "message": ""}, "checksum": {"function": "sha256", "params": {}, "message": "4d149909c348a02c5bf13bd4de7e0b70d306ccb8320ee4be2bc11ba0b8ce10d7"}, "cipher": {"function": "aes-128-ctr", "params": {"iv": "c1b7916db4ec26714816c5b2cd7e1a2e"}, "message": "01affeafddae4bba622fc8ab92d243a3895081facae8464e8c0ac0206b81b42c"}}, "description": "", "pubkey": "86aefa7bc4eb3a8027bc4c10ec78ab36b48b7d7f541d9f5da295c979110dd8318a34bfcdd03dc1bce4ab8f78a0546b0c", "path": "m/12381/3600/46/0/0", "uuid": "5d1a0b00-5d0d-4f49-acb9-0482d0db2038", "version": 4}