{"crypto": {"kdf": {"function": "scrypt", "params": {"dklen": 32, "n": 262144, "r": 8, "p": 1, "salt": "96ad13c1d52764bed3881f9dfcdb8b68b2d2951c2dba9caead998cc9c498f59c"}, "message": ""}, "checksum": {"function": "sha256", "params": {}, "message": "96a685e810903ac10014a6c8a6c2de226e0c72eaa1d912b9a26fbc52ea293e61"}, "cipher": {"function": "aes-128-ctr", "params": {"iv": "c1b7916db4ec26714816c5b2cd7e1a2e"}, "message": "719ca8855edb9d473b88e7cd02f3f9f41e7258d29ceabefeb9d88675c9bcd6e0"}}, "description": "", "pubkey": "a4801cfaec921476a46d1e7aa5634de26f91cc88b23421f973780b7015828c899a59c00d695fe65da9777ccfc33bc9ce", "path": "m/12381/3600/38/0/0", "uuid": "70b4413c-0a6a-4f36-acd7-f155552bd700", "version": 4}