{"crypto": {"kdf": {"function": "scrypt", "params": {"dklen": 32, "n": 262144, "r": 8, "p": 1, "salt": "4a868e2367dd46d91f73a0d15f465dcd8685dabc852952e969ca46ec564954f8"}, "message": ""}, "checksum": {"function": "sha256", "params": {}, "message": "53bb74b3894bbb3ca74afd8817d481b5a46b748bebbf66ab9b06f289925ab7ec"}, "cipher": {"function": "aes-128-ctr", "params": {"iv": "ad08b1c148a51b1231beed8829b4b02a"}, "message": "e67b39d1d00af941a564a42bc1aee40f4fafe6d0bb62fe4f3c28eb9f47231af8"}}, "description": "", "pubkey": "88e69ec3fae4a83d960fbe6cd8800b819f67c65dd95c2b5d603dbc3a9ef2e52cb4e0dfd95cb07ff76ca7657a28775eba", "path": "m/12381/3600/14/0/0", "uuid": "502c75cc-f30d-44f6-b0a2-ed92ff0bfefc", "version": 4}