{"crypto": {"kdf": {"function": "scrypt", "params": {"dklen": 32, "n": 262144, "r": 8, "p": 1, "salt": "96ad13c1d52764bed3881f9dfcdb8b68b2d2951c2dba9caead998cc9c498f59c"}, "message": ""}, "checksum": {"function": "sha256", "params": {}, "message": "e0893468f216ebf798c2aab812f7a7576e39a3a8e63ecd5e1fb96ed55651c43d"}, "cipher": {"function": "aes-128-ctr", "params": {"iv": "c1b7916db4ec26714816c5b2cd7e1a2e"}, "message": "23f933d791f7fc2998d19a4cd53eb38e82651c54aeebaaca44744dfd6f9dc2b9"}}, "description": "", "pubkey": "8fc34aac4529007a96a5354d3aa1bd814160f62afe90b53f54636e9dd6a781714f453afef065f4824a1d93d33b525e0f", "path": "m/12381/3600/37/0/0", "uuid": "f4ffa982-f625-4abd-9916-d97647a53aef", "version": 4}