{"crypto": {"kdf": {"function": "scrypt", "params": {"dklen": 32, "n": 262144, "r": 8, "p": 1, "salt": "96ad13c1d52764bed3881f9dfcdb8b68b2d2951c2dba9caead998cc9c498f59c"}, "message": ""}, "checksum": {"function": "sha256", "params": {}, "message": "ffa540137a3d0fd01a0da782e1ab4afa373ae19c8974d2fd209e678e2d88ad42"}, "cipher": {"function": "aes-128-ctr", "params": {"iv": "c1b7916db4ec26714816c5b2cd7e1a2e"}, "message": "4f7c706cbe41cc1f50510200e9d64571514784c3565cfca0ec75f90e0924cec3"}}, "description": "", "pubkey": "9863416c24dae807ac334c7bd49f0290a63b40bd75fb554699cf3761e8ad101b46512a9184b1ba914e75d0f9c6e9e954", "path": "m/12381/3600/2/0/0", "uuid": "a9b53b75-73f0-425f-aaab-a9ecb72bc23c", "version": 4}