{"crypto": {"kdf": {"function": "scrypt", "params": {"dklen": 32, "n": 262144, "r": 8, "p": 1, "salt": "96ad13c1d52764bed3881f9dfcdb8b68b2d2951c2dba9caead998cc9c498f59c"}, "message": ""}, "checksum": {"function": "sha256", "params": {}, "message": "bb96d0269b7b0e10a38d3e4c7ceb17b89deb070f0cb30d9503a16fccd59aac43"}, "cipher": {"function": "aes-128-ctr", "params": {"iv": "c1b7916db4ec26714816c5b2cd7e1a2e"}, "message": "28886e0b906adbffe4508692b09e8ebd8db343d94b21f586913597f2b78d7644"}}, "description": "", "pubkey": "9530dc5dd3370c0434ca02737a4f26612edbad7c9d83bf46ef15872429e32f7f789d15bbe7bd993f44540be0f9a99063", "path": "m/12381/3600/35/0/0", "uuid": "432578d2-4140-471c-baf8-b5cae7375e1b", "version": 4}