{"crypto": {"kdf": {"function": "scrypt", "params": {"dklen": 32, "n": 262144, "r": 8, "p": 1, "salt": "96ad13c1d52764bed3881f9dfcdb8b68b2d2951c2dba9caead998cc9c498f59c"}, "message": ""}, "checksum": {"function": "sha256", "params": {}, "message": "dfc2db0117e46ba52cd3bd1f08e66c2fc898b8778d0dd7cf296036b060826e70"}, "cipher": {"function": "aes-128-ctr", "params": {"iv": "c1b7916db4ec26714816c5b2cd7e1a2e"}, "message": "2d744ce2e5eb1224afa86f149c0106718ce1272ab396ab4582453ae199121b17"}}, "description": "", "pubkey": "8e7ebb0d21a59d2197c0d42fecb115fade630873995db96830174efbc5f2ab26fa6d1e5d2725738e2870c311e852e89d", "path": "m/12381/3600/0/0/0", "uuid": "a3d7e40e-3cc3-4a6e-b9f8-262d82e80dfc", "version": 4}