{"crypto": {"kdf": {"function": "scrypt", "params": {"dklen": 32, "n": 262144, "r": 8, "p": 1, "salt": "bb6d8fc84f9599a3a4872853371faefce96d58fa26c28f372f910d14aa4b7800"}, "message": ""}, "checksum": {"function": "sha256", "params": {}, "message": "c76b7ffb9aa17bd736ceda2a43e567f3f44039a0fd4037dbe1237ecdb5eefc5e"}, "cipher": {"function": "aes-128-ctr", "params": {"iv": "de962807c12e9a8255bb50cd416124a3"}, "message": "5b984b9cab1b9b82c6a0f9ab4d20572add37d274734ed7b8eb246dd0808cdd26"}}, "description": "", "pubkey": "b3d3becd370ff5f346c7f9b3122a77d5b020ac46c271678df31dbb491a0e1ec4074a052a88e9e0b0ae3cb64ef18e1945", "path": "m/12381/3600/40/0/0", "uuid": "334a2037-1d88-489d-a228-f0417c7b36bf", "version": 4}