{"crypto": {"kdf": {"function": "scrypt", "params": {"dklen": 32, "n": 262144, "r": 8, "p": 1, "salt": "4a868e2367dd46d91f73a0d15f465dcd8685dabc852952e969ca46ec564954f8"}, "message": ""}, "checksum": {"function": "sha256", "params": {}, "message": "90706b14fc452a7712d1266b4c01d213854cb80e0fc1da0932c1ef9515797f5e"}, "cipher": {"function": "aes-128-ctr", "params": {"iv": "ad08b1c148a51b1231beed8829b4b02a"}, "message": "edc49ee9bfa48124eb8c7e7bc1bd1f17f417dc89b96c89cddee24a4f95e3de71"}}, "description": "", "pubkey": "97ffc73b8301329c25f1a128244abfb5c56c817a049b3dedaf418089ab132834fb99c30256f934b1ac430b0dcd9ba97c", "path": "m/12381/3600/16/0/0", "uuid": "952540ad-b11d-46d6-b3ed-5e52e7b66341", "version": 4}