{"crypto": {"kdf": {"function": "scrypt", "params": {"dklen": 32, "n": 262144, "r": 8, "p": 1, "salt": "96ad13c1d52764bed3881f9dfcdb8b68b2d2951c2dba9caead998cc9c498f59c"}, "message": ""}, "checksum": {"function": "sha256", "params": {}, "message": "bd00df97138bdfcb74331aabcb117c69fafaf03d90020c2561001eb926a79396"}, "cipher": {"function": "aes-128-ctr", "params": {"iv": "c1b7916db4ec26714816c5b2cd7e1a2e"}, "message": "2953398fe2ebe74412567f5a08e108dcfd67b8867a8b22526428762f3e0d9cd7"}}, "description": "", "pubkey": "964227d4faef5e9a83f667b4e41cd010e005f7b9abf0d2f00e6806abe3644c80b2e040d1c0937abcb8aa90eff9fc6fd4", "path": "m/12381/3600/44/0/0", "uuid": "a096e3e5-ef18-441d-88c6-730353050fa4", "version": 4}