{"crypto": {"kdf": {"function": "scrypt", "params": {"dklen": 32, "n": 262144, "r": 8, "p": 1, "salt": "96ad13c1d52764bed3881f9dfcdb8b68b2d2951c2dba9caead998cc9c498f59c"}, "message": ""}, "checksum": {"function": "sha256", "params": {}, "message": "cd569ecdeb9000bd93e190a888c46a953cf1f07dcde6d9c14baf644791cf8e55"}, "cipher": {"function": "aes-128-ctr", "params": {"iv": "c1b7916db4ec26714816c5b2cd7e1a2e"}, "message": "56aba3814b28c396a6a68ac15c67ade0ab85111e058e9e245a9eb3e0c2768685"}}, "description": "", "pubkey": "97ffc73b8301329c25f1a128244abfb5c56c817a049b3dedaf418089ab132834fb99c30256f934b1ac430b0dcd9ba97c", "path": "m/12381/3600/16/0/0", "uuid": "f392e980-a6e0-477c-9b3e-8dd01608c223", "version": 4}