{"crypto": {"kdf": {"function": "scrypt", "params": {"dklen": 32, "n": 262144, "r": 8, "p": 1, "salt": "96ad13c1d52764bed3881f9dfcdb8b68b2d2951c2dba9caead998cc9c498f59c"}, "message": ""}, "checksum": {"function": "sha256", "params": {}, "message": "c63bc731967e5977a0666b104acaa965aff339ddfdf61758af9c24128e7bc09f"}, "cipher": {"function": "aes-128-ctr", "params": {"iv": "c1b7916db4ec26714816c5b2cd7e1a2e"}, "message": "083ef4364c6666f4f87906f9249472affba028fd5d36aa096bfa5a1119dbee7c"}}, "description": "", "pubkey": "a1f8231c65b57a950ba7932b61663ccc47e2d9c2e0e1d1da09334733c7d4786617569cddb469c35e9e2e18ee8d90f72e", "path": "m/12381/3600/47/0/0", "uuid": "2b61e93c-1267-4d09-8ca5-d4cf830f6539", "version": 4}