{"crypto": {"kdf": {"function": "scrypt", "params": {"dklen": 32, "n": 262144, "r": 8, "p": 1, "salt": "6f3b754c5f93135a22a584a74e4a701c0944c4d2670fe8f460a7c7daa3f0d6ee"}, "message": ""}, "checksum": {"function": "sha256", "params": {}, "message": "e9f42b6dcc42dede1ab4cecb2c985448d80d7b8361d3d72083d488023f23481f"}, "cipher": {"function": "aes-128-ctr", "params": {"iv": "c34976ee3e2cd320df71c93517d9e4fa"}, "message": "27b1dfb41133ea51447f0213a2dba7d176139eb1ceb274f8f52d0a21b72eb069"}}, "description": "", "pubkey": "88e69ec3fae4a83d960fbe6cd8800b819f67c65dd95c2b5d603dbc3a9ef2e52cb4e0dfd95cb07ff76ca7657a28775eba", "path": "m/12381/3600/14/0/0", "uuid": "9383ed29-0709-43d3-ae0c-432876c0a3b6", "version": 4}