{"crypto": {"kdf": {"function": "scrypt", "params": {"dklen": 32, "n": 262144, "r": 8, "p": 1, "salt": "4a868e2367dd46d91f73a0d15f465dcd8685dabc852952e969ca46ec564954f8"}, "message": ""}, "checksum": {"function": "sha256", "params": {}, "message": "8dd9c0cb9a4bacaafd46b1f84e853105742d7af30dcb533136374be767a38ede"}, "cipher": {"function": "aes-128-ctr", "params": {"iv": "ad08b1c148a51b1231beed8829b4b02a"}, "message": "961b718a11675096e2829bae01dbb486d373eabd0f74bcac0639c34ece8743e3"}}, "description": "", "pubkey": "8e7ebb0d21a59d2197c0d42fecb115fade630873995db96830174efbc5f2ab26fa6d1e5d2725738e2870c311e852e89d", "path": "m/12381/3600/0/0/0", "uuid": "55a9e49b-014e-4da0-81c9-f42d496edb60", "version": 4}