{"crypto": {"kdf": {"function": "scrypt", "params": {"dklen": 32, "n": 262144, "r": 8, "p": 1, "salt": "96ad13c1d52764bed3881f9dfcdb8b68b2d2951c2dba9caead998cc9c498f59c"}, "message": ""}, "checksum": {"function": "sha256", "params": {}, "message": "10727ad1be7a50cd2e363f872bb095bb416c088e48c10f2aae90aaabae664290"}, "cipher": {"function": "aes-128-ctr", "params": {"iv": "c1b7916db4ec26714816c5b2cd7e1a2e"}, "message": "6c2540371e323855c4c75239b1f77681823b5dcccd760e20d92e4889d966ddd2"}}, "description": "", "pubkey": "85ec440de6da51d6024939d5e0ccecae18ad3038267bf200413aa508aa805eb403514c27ab53bd872ac81f4983fb5d76", "path": "m/12381/3600/45/0/0", "uuid": "6468aed6-c5fb-408e-b903-9ec3825df42f", "version": 4}