{"crypto": {"kdf": {"function": "scrypt", "params": {"dklen": 32, "n": 262144, "r": 8, "p": 1, "salt": "4a868e2367dd46d91f73a0d15f465dcd8685dabc852952e969ca46ec564954f8"}, "message": ""}, "checksum": {"function": "sha256", "params": {}, "message": "785d77bf460c03a87103156b0cc8bb314ce5c405ab8a40aa6bc96adfbea9a664"}, "cipher": {"function": "aes-128-ctr", "params": {"iv": "ad08b1c148a51b1231beed8829b4b02a"}, "message": "b351c95eb8ea2446b553f243b94ec058a432e56ae1d4bde0ef86a3be4e4eb688"}}, "description": "", "pubkey": "a1f8231c65b57a950ba7932b61663ccc47e2d9c2e0e1d1da09334733c7d4786617569cddb469c35e9e2e18ee8d90f72e", "path": "m/12381/3600/47/0/0", "uuid": "8e81b49a-e8e8-48d8-97b3-783f089fe9ed", "version": 4}