{"crypto": {"kdf": {"function": "scrypt", "params": {"dklen": 32, "n": 262144, "r": 8, "p": 1, "salt": "96ad13c1d52764bed3881f9dfcdb8b68b2d2951c2dba9caead998cc9c498f59c"}, "message": ""}, "checksum": {"function": "sha256", "params": {}, "message": "f0f7b54192fd0d4aef5f337b13c226cbc40c0e4bffd2ce25164eb02100d19ce1"}, "cipher": {"function": "aes-128-ctr", "params": {"iv": "c1b7916db4ec26714816c5b2cd7e1a2e"}, "message": "5f1304a6eb6bd6bd8cfe90870a8a247aee17e5108e027a23961a318aba9a7730"}}, "description": "", "pubkey": "aa9f9db39a07851b459ada6ab71a1fc121f58f9bce7ea672070cb0af4856ad2530b982242a8c9097eca6d8eb8eca1cfb", "path": "m/12381/3600/31/0/0", "uuid": "b473375d-a648-4913-9760-2950c7233d20", "version": 4}