{"crypto": {"kdf": {"function": "scrypt", "params": {"dklen": 32, "n": 262144, "r": 8, "p": 1, "salt": "6f3b754c5f93135a22a584a74e4a701c0944c4d2670fe8f460a7c7daa3f0d6ee"}, "message": ""}, "checksum": {"function": "sha256", "params": {}, "message": "8f3e6c3ab3a3066be22bdbf2f253bbb3596a7edc5ef33824a711a26578480d27"}, "cipher": {"function": "aes-128-ctr", "params": {"iv": "c34976ee3e2cd320df71c93517d9e4fa"}, "message": "7934d079927bcdf49b52f0c5cf2964d39e3d0fb2cbe48cd372a949ac3ddbec9c"}}, "description": "", "pubkey": "8b71b81603efaca769b8a435c0449a314048ae04d4c49468b190c6b7496e09462188165d86a74b345fe9bc314d949f4d", "path": "m/12381/3600/9/0/0", "uuid": "ad826907-4a1b-4d71-a0ce-9724cae1bf2f", "version": 4}