{"crypto": {"kdf": {"function": "scrypt", "params": {"dklen": 32, "n": 262144, "r": 8, "p": 1, "salt": "6f3b754c5f93135a22a584a74e4a701c0944c4d2670fe8f460a7c7daa3f0d6ee"}, "message": ""}, "checksum": {"function": "sha256", "params": {}, "message": "e7b660c1ebed8f1defe0878de498c9c99d99b77bc30efed3e9a611104e5add88"}, "cipher": {"function": "aes-128-ctr", "params": {"iv": "c34976ee3e2cd320df71c93517d9e4fa"}, "message": "2c0e788c7e9d92340a97d843a2c85cc9cdaba4e8ccbc037a17e7abf165ee74e0"}}, "description": "", "pubkey": "97ffc73b8301329c25f1a128244abfb5c56c817a049b3dedaf418089ab132834fb99c30256f934b1ac430b0dcd9ba97c", "path": "m/12381/3600/16/0/0", "uuid": "d28a6726-4002-46ec-a1f9-440ef7fd1a18", "version": 4}