{"crypto": {"kdf": {"function": "scrypt", "params": {"dklen": 32, "n": 262144, "r": 8, "p": 1, "salt": "bb6d8fc84f9599a3a4872853371faefce96d58fa26c28f372f910d14aa4b7800"}, "message": ""}, "checksum": {"function": "sha256", "params": {}, "message": "cec7d799e7db847ccd0ed5f1e884b501de94a5acdbc69b192bc5102f62be5f39"}, "cipher": {"function": "aes-128-ctr", "params": {"iv": "de962807c12e9a8255bb50cd416124a3"}, "message": "77df8750976f75736ddcf52b5c707f3e512caa41dd145edb7ddf88718bcc5b0b"}}, "description": "", "pubkey": "8b8d242767213c162850183fcb42fae279cbf2aaa21daabe8e203e813ece0ee7c8589363a32378d24d64b604af55a929", "path": "m/12381/3600/29/0/0", "uuid": "5fc1395c-6f5d-4eec-a67c-bc566bac8cf9", "version": 4}