{"crypto": {"kdf": {"function": "scrypt", "params": {"dklen": 32, "n": 262144, "r": 8, "p": 1, "salt": "4a868e2367dd46d91f73a0d15f465dcd8685dabc852952e969ca46ec564954f8"}, "message": ""}, "checksum": {"function": "sha256", "params": {}, "message": "5e5c9aaa789ac26fdc9693c233ab66e67f777e67118d1b21ade72d5fd4b5cd8d"}, "cipher": {"function": "aes-128-ctr", "params": {"iv": "ad08b1c148a51b1231beed8829b4b02a"}, "message": "8839ea896f477b782d05300a1797bdb84782dfb62c48978a43a37139eabd1a5b"}}, "description": "", "pubkey": "b1c870177ab24fe3ba89daff46a232bf46c91392ddfa5323c1de042fc5dd11ed7ee16d6744ec2025a9df6042d1f31da8", "path": "m/12381/3600/3/0/0", "uuid": "81ccab94-2589-42ac-ab8f-c79e024fd4ee", "version": 4}