{"crypto": {"kdf": {"function": "scrypt", "params": {"dklen": 32, "n": 262144, "r": 8, "p": 1, "salt": "6f3b754c5f93135a22a584a74e4a701c0944c4d2670fe8f460a7c7daa3f0d6ee"}, "message": ""}, "checksum": {"function": "sha256", "params": {}, "message": "c45b20cbba3fef8847569bb7f4c621b8a7ffa07946daf362bccb107a7e2ce8b9"}, "cipher": {"function": "aes-128-ctr", "params": {"iv": "c34976ee3e2cd320df71c93517d9e4fa"}, "message": "722b710c07829b3172d59b5656cf0d403ae8f20744d57ed5b91000e4ceb9b6f0"}}, "description": "", "pubkey": "a4d556fb9ad8dda955749e2e01d8ad0918c156f289a83a9db6c6f2e8ee200637a8dfca4ad13d4972f0303b5710c6fa00", "path": "m/12381/3600/18/0/0", "uuid": "0ecb61e6-5f6f-48b4-b4ee-47318f088067", "version": 4}