{"crypto": {"kdf": {"function": "scrypt", "params": {"dklen": 32, "n": 262144, "r": 8, "p": 1, "salt": "4a868e2367dd46d91f73a0d15f465dcd8685dabc852952e969ca46ec564954f8"}, "message": ""}, "checksum": {"function": "sha256", "params": {}, "message": "d3bdbfdefceedf71dedf1d0e5cf78229d393a7fccc3f549ef8f3770c079fcc8f"}, "cipher": {"function": "aes-128-ctr", "params": {"iv": "ad08b1c148a51b1231beed8829b4b02a"}, "message": "e47c39ce1fe7940fc1d4643d9750968db185288732e06dca1266c825ed0f2fc4"}}, "description": "", "pubkey": "aa9f9db39a07851b459ada6ab71a1fc121f58f9bce7ea672070cb0af4856ad2530b982242a8c9097eca6d8eb8eca1cfb", "path": "m/12381/3600/31/0/0", "uuid": "7f502a2d-2f56-48cf-ac3c-364602324c57", "version": 4}