{"crypto": {"kdf": {"function": "scrypt", "params": {"dklen": 32, "n": 262144, "r": 8, "p": 1, "salt": "4a868e2367dd46d91f73a0d15f465dcd8685dabc852952e969ca46ec564954f8"}, "message": ""}, "checksum": {"function": "sha256", "params": {}, "message": "da16f046a118e3b7cce00b2804cd5ab51538c795a2126353b39c1c477d03fc63"}, "cipher": {"function": "aes-128-ctr", "params": {"iv": "ad08b1c148a51b1231beed8829b4b02a"}, "message": "c493db567666405399665234e5860be5c24550f3cbb26a2b0f4b29691ce29ef7"}}, "description": "", "pubkey": "8e6a1befcaefdfac599d9bdf62844530044a8be94de8fd3ded975e0c2c6f5397eac4ad04fb9a782f56763d4fbd6addd2", "path": "m/12381/3600/49/0/0", "uuid": "1cd4381e-5269-46d4-8a38-bf7e6af91a59", "version": 4}