{"crypto": {"kdf": {"function": "scrypt", "params": {"dklen": 32, "n": 262144, "r": 8, "p": 1, "salt": "96ad13c1d52764bed3881f9dfcdb8b68b2d2951c2dba9caead998cc9c498f59c"}, "message": ""}, "checksum": {"function": "sha256", "params": {}, "message": "d8da5447a4171990c624995fbfe2b6e27e3a30f7dd0a9161a1cafb92c01a2919"}, "cipher": {"function": "aes-128-ctr", "params": {"iv": "c1b7916db4ec26714816c5b2cd7e1a2e"}, "message": "332354418eaebebd1ebe996588ff4a95b240982946e60060f232d417abe3aff0"}}, "description": "", "pubkey": "890c0521002b783ea6e2e36aa53cb79cefd240c0829c39e7127731b0fb0077a7fb5229396f1ec9e99126460f653eaac4", "path": "m/12381/3600/43/0/0", "uuid": "e0268aa8-b2df-4842-b4da-e3d7f25391be", "version": 4}