{"crypto": {"kdf": {"function": "scrypt", "params": {"dklen": 32, "n": 262144, "r": 8, "p": 1, "salt": "bb6d8fc84f9599a3a4872853371faefce96d58fa26c28f372f910d14aa4b7800"}, "message": ""}, "checksum": {"function": "sha256", "params": {}, "message": "da3703330b0d2d898f2f05a6e97780f0ed861ee7275981ff0b5c8ca18430f26c"}, "cipher": {"function": "aes-128-ctr", "params": {"iv": "de962807c12e9a8255bb50cd416124a3"}, "message": "587817fbd21810d0abc53cfcdd0b32fe2aaff06476cafd153afe0debc0e2be2d"}}, "description": "", "pubkey": "8e6a1befcaefdfac599d9bdf62844530044a8be94de8fd3ded975e0c2c6f5397eac4ad04fb9a782f56763d4fbd6addd2", "path": "m/12381/3600/49/0/0", "uuid": "e18f354c-9a8b-4cfa-8abc-93682fa2d986", "version": 4}