{"crypto": {"kdf": {"function": "scrypt", "params": {"dklen": 32, "n": 262144, "r": 8, "p": 1, "salt": "6f3b754c5f93135a22a584a74e4a701c0944c4d2670fe8f460a7c7daa3f0d6ee"}, "message": ""}, "checksum": {"function": "sha256", "params": {}, "message": "820c6c5abe19dc549fb46f567b38d3fad4181e73f67fb70d45f52bac79e60bb5"}, "cipher": {"function": "aes-128-ctr", "params": {"iv": "c34976ee3e2cd320df71c93517d9e4fa"}, "message": "2657dacf06ea1b7046e15371844506c528566fdbdbdb7ae45eabcc1ca8a720d3"}}, "description": "", "pubkey": "ac56aced615f2d8d9068a0bfb5f9634e79573a152c4cdea3a888e8619e914932567b1bca3a8943de72a1b8b8982e30fe", "path": "m/12381/3600/42/0/0", "uuid": "5ef0667f-74c6-4493-8e39-9b20a4a382f4", "version": 4}