{"crypto": {"kdf": {"function": "scrypt", "params": {"dklen": 32, "n": 262144, "r": 8, "p": 1, "salt": "6f3b754c5f93135a22a584a74e4a701c0944c4d2670fe8f460a7c7daa3f0d6ee"}, "message": ""}, "checksum": {"function": "sha256", "params": {}, "message": "7be6f5ea654197e00648a8b60114e6401aaf849f8aeab44d7fe3ee16353c6f1c"}, "cipher": {"function": "aes-128-ctr", "params": {"iv": "c34976ee3e2cd320df71c93517d9e4fa"}, "message": "25b6dfabdede871f20cfc205f425d553883950e64730e77ddb63299b1d028555"}}, "description": "", "pubkey": "aa9f9db39a07851b459ada6ab71a1fc121f58f9bce7ea672070cb0af4856ad2530b982242a8c9097eca6d8eb8eca1cfb", "path": "m/12381/3600/31/0/0", "uuid": "187fc45d-ce0d-4a0a-883a-4385032dd416", "version": 4}