{"crypto": {"kdf": {"function": "scrypt", "params": {"dklen": 32, "n": 262144, "r": 8, "p": 1, "salt": "bb6d8fc84f9599a3a4872853371faefce96d58fa26c28f372f910d14aa4b7800"}, "message": ""}, "checksum": {"function": "sha256", "params": {}, "message": "0e5bb5f0c02eea8e4e049b18984f6b036fc41a37cc2ed3416188ebde07fd6816"}, "cipher": {"function": "aes-128-ctr", "params": {"iv": "de962807c12e9a8255bb50cd416124a3"}, "message": "68f881a9eeb3de2e2fd898724c81ce9de63fe9c357c67c775dbc242382b1b6ed"}}, "description": "", "pubkey": "9863416c24dae807ac334c7bd49f0290a63b40bd75fb554699cf3761e8ad101b46512a9184b1ba914e75d0f9c6e9e954", "path": "m/12381/3600/2/0/0", "uuid": "b0f2b460-c8fd-49ad-a73b-f8a166c8dc2e", "version": 4}