{"crypto": {"kdf": {"function": "scrypt", "params": {"dklen": 32, "n": 262144, "r": 8, "p": 1, "salt": "96ad13c1d52764bed3881f9dfcdb8b68b2d2951c2dba9caead998cc9c498f59c"}, "message": ""}, "checksum": {"function": "sha256", "params": {}, "message": "ae10a5c2e2c4be1e228fa09075994b82d16893d1284fda7f32b8c4cb796e5b4d"}, "cipher": {"function": "aes-128-ctr", "params": {"iv": "c1b7916db4ec26714816c5b2cd7e1a2e"}, "message": "0e87f6a6d140f59b6a077a575ff37eff64da3ab13cf5f73ea6397330d321444c"}}, "description": "", "pubkey": "99d82eb32398ad65ad4d1701e9d3594cd3be0edba87f6696d88310f015b2d61cd3f693b4a2b9ef31310958c7986e43d4", "path": "m/12381/3600/33/0/0", "uuid": "9cbafca1-85a6-4a35-bc86-9b654145231b", "version": 4}