{"crypto": {"kdf": {"function": "scrypt", "params": {"dklen": 32, "n": 262144, "r": 8, "p": 1, "salt": "96ad13c1d52764bed3881f9dfcdb8b68b2d2951c2dba9caead998cc9c498f59c"}, "message": ""}, "checksum": {"function": "sha256", "params": {}, "message": "d3dff64fe721f3ba2468f4b45e65134dd2912fa5f2eed9a05a9495ffe91f3460"}, "cipher": {"function": "aes-128-ctr", "params": {"iv": "c1b7916db4ec26714816c5b2cd7e1a2e"}, "message": "505b7695c79d674212556f59f927f4d2e654c741dc8ede0ccc16555c00592325"}}, "description": "", "pubkey": "8b8d242767213c162850183fcb42fae279cbf2aaa21daabe8e203e813ece0ee7c8589363a32378d24d64b604af55a929", "path": "m/12381/3600/29/0/0", "uuid": "b5552fc2-e2d0-45bf-a8bf-97eae3570c91", "version": 4}