{"crypto": {"kdf": {"function": "scrypt", "params": {"dklen": 32, "n": 262144, "r": 8, "p": 1, "salt": "96ad13c1d52764bed3881f9dfcdb8b68b2d2951c2dba9caead998cc9c498f59c"}, "message": ""}, "checksum": {"function": "sha256", "params": {}, "message": "75f61b1982dc8f60414c2ec22a651a968d7281a3c8ab3d1a6c8d45da4fd701e3"}, "cipher": {"function": "aes-128-ctr", "params": {"iv": "c1b7916db4ec26714816c5b2cd7e1a2e"}, "message": "098ee4fe259218d96bc9e0a4432eb4c99ed1bf89c932761238e5b13f6a397df3"}}, "description": "", "pubkey": "a6ea3274da99f73f5dd22b477d598d547675d3a9890bb2b28be467555664a5127a4150b7da1ebb05abca1f6335fb3a58", "path": "m/12381/3600/5/0/0", "uuid": "07dc1c7b-591d-4bcc-8810-8d3ced32934c", "version": 4}