{"crypto": {"kdf": {"function": "scrypt", "params": {"dklen": 32, "n": 262144, "r": 8, "p": 1, "salt": "bb6d8fc84f9599a3a4872853371faefce96d58fa26c28f372f910d14aa4b7800"}, "message": ""}, "checksum": {"function": "sha256", "params": {}, "message": "e83a42d13fdbd7325555f1cdb9aef733d7cb3844fdb4ccc4c73e47ef51703ae8"}, "cipher": {"function": "aes-128-ctr", "params": {"iv": "de962807c12e9a8255bb50cd416124a3"}, "message": "0ed7c84ab219f5756ddfe528adb683304a1fd5867b11a285d5e1ab02b598e4f9"}}, "description": "", "pubkey": "964227d4faef5e9a83f667b4e41cd010e005f7b9abf0d2f00e6806abe3644c80b2e040d1c0937abcb8aa90eff9fc6fd4", "path": "m/12381/3600/44/0/0", "uuid": "90f4fb36-0ee9-4fa4-acc2-276cff9aa232", "version": 4}