{"crypto": {"kdf": {"function": "scrypt", "params": {"dklen": 32, "n": 262144, "r": 8, "p": 1, "salt": "96ad13c1d52764bed3881f9dfcdb8b68b2d2951c2dba9caead998cc9c498f59c"}, "message": ""}, "checksum": {"function": "sha256", "params": {}, "message": "b772c7a8f02cfc665ced0ec0929be47b2ad288d98cf3f62a2c969d05327815b6"}, "cipher": {"function": "aes-128-ctr", "params": {"iv": "c1b7916db4ec26714816c5b2cd7e1a2e"}, "message": "595089ee9a3dab5c588c989575cf137ef9eb42bc33e8f856a70b8de7205e4c8a"}}, "description": "", "pubkey": "8eacd00f25f6a1005664cacb87ed530eef7f4e45c62249a3b36096af99158e1628079029f08aea1fea76c1d626a3db13", "path": "m/12381/3600/19/0/0", "uuid": "9dda9113-935c-4cab-a96d-f4741c22efdf", "version": 4}