{"crypto": {"kdf": {"function": "scrypt", "params": {"dklen": 32, "n": 262144, "r": 8, "p": 1, "salt": "bb6d8fc84f9599a3a4872853371faefce96d58fa26c28f372f910d14aa4b7800"}, "message": ""}, "checksum": {"function": "sha256", "params": {}, "message": "e8facabcb9d0ba03fe39ffa3308743ef27150824a0e1b7a0d210b565021b2b25"}, "cipher": {"function": "aes-128-ctr", "params": {"iv": "de962807c12e9a8255bb50cd416124a3"}, "message": "1fa85fe0b792b90d9282776fe5e53adfd897cc8df4285abad7a23bff281256f7"}}, "description": "", "pubkey": "8a4be7b27b916a9d2d245b9fbba1340fd60afe95d7c9cb30b4cc20f9fd1f4c42ae2b13d33363e9b414966c1772591fd4", "path": "m/12381/3600/15/0/0", "uuid": "b4f3fff2-a0ac-4e1f-bb81-28ba8b2c9f2a", "version": 4}