{"crypto": {"kdf": {"function": "scrypt", "params": {"dklen": 32, "n": 262144, "r": 8, "p": 1, "salt": "9c0bafee5bf3ea485ea254ac38ea6b2d72a9f5273dac7d7fb24cd03e8fe1d05b"}, "message": ""}, "checksum": {"function": "sha256", "params": {}, "message": "7a867d932a73c69ce466ae3792403502531fe8d1ef9973c97b7de681784c6e8c"}, "cipher": {"function": "aes-128-ctr", "params": {"iv": "6e42231e041ec9ef9bb3a7fc1c5c4e7d"}, "message": "51c77c68120c0efd213fec4b1db7fba538317d571f05c2eba0187e35e780318a"}}, "description": "", "pubkey": "ae32117dbc40c05d907366963a68c9acde7c989665ac7b5d2302b901dd7655bedcf7a979f65094ba0089cf9712ba97f3", "path": "m/12381/3600/74/0/0", "uuid": "69d76393-5b82-40ac-9c91-9a9aec9ddb93", "version": 4}