{"crypto": {"kdf": {"function": "scrypt", "params": {"dklen": 32, "n": 262144, "r": 8, "p": 1, "salt": "9c0bafee5bf3ea485ea254ac38ea6b2d72a9f5273dac7d7fb24cd03e8fe1d05b"}, "message": ""}, "checksum": {"function": "sha256", "params": {}, "message": "9208ca9a42d1e21445a7b8cc2c5b1f1ab4802e4bdc2a6ead7270e03796e1bfad"}, "cipher": {"function": "aes-128-ctr", "params": {"iv": "6e42231e041ec9ef9bb3a7fc1c5c4e7d"}, "message": "37d6715dd2c7cc49ba5a303fea2f96a2a30fc6dea9241ce97d771d3ef8868dec"}}, "description": "", "pubkey": "a70a5c182b9c1c3b9ba2d8c5b016ba5f4b584f61562adad222692bd607665b7913d3e116528d474ec3b24998a8872148", "path": "m/12381/3600/82/0/0", "uuid": "a942557b-c381-46c5-aa82-d0a53434e5fb", "version": 4}