{"crypto": {"kdf": {"function": "scrypt", "params": {"dklen": 32, "n": 262144, "r": 8, "p": 1, "salt": "9c0bafee5bf3ea485ea254ac38ea6b2d72a9f5273dac7d7fb24cd03e8fe1d05b"}, "message": ""}, "checksum": {"function": "sha256", "params": {}, "message": "eeba4e3c68f9dac39f639d2aa60211993dd9a63a47f7c44be6cc478016b15527"}, "cipher": {"function": "aes-128-ctr", "params": {"iv": "6e42231e041ec9ef9bb3a7fc1c5c4e7d"}, "message": "78c919cfb89bd953306bd9a23db2ae0bd8589de29f14c11341293e3307f9a241"}}, "description": "", "pubkey": "a91196760c98bb03816bdc16c6ca15a095e8bc43577204e8a7281b87a91ef98877922ac55866c9cec294a740e28d8dac", "path": "m/12381/3600/0/0/0", "uuid": "978567ff-f45d-4521-9a0b-67e0704a6589", "version": 4}