{"crypto": {"kdf": {"function": "scrypt", "params": {"dklen": 32, "n": 262144, "r": 8, "p": 1, "salt": "9c0bafee5bf3ea485ea254ac38ea6b2d72a9f5273dac7d7fb24cd03e8fe1d05b"}, "message": ""}, "checksum": {"function": "sha256", "params": {}, "message": "a77fabe402a8c420b2000b044bfa3c778b037a8f57d4dc118fbcbf7908d3e864"}, "cipher": {"function": "aes-128-ctr", "params": {"iv": "6e42231e041ec9ef9bb3a7fc1c5c4e7d"}, "message": "599432e59b8d92f38b2e73d3d6d2c5bdcfa195037c7fdaac6e1d9449043e0bf6"}}, "description": "", "pubkey": "8651eab0a1887b91a196b242bf46d7d94beca9e6eaf018838225411943ba3071ca95a4fbc0d79f089943f0c081a9bc02", "path": "m/12381/3600/49/0/0", "uuid": "1abdc9cd-50ff-444c-a109-ddb093c203b1", "version": 4}