{"crypto": {"kdf": {"function": "scrypt", "params": {"dklen": 32, "n": 262144, "r": 8, "p": 1, "salt": "e2a98651fa8ef0100876db56d6368102c34a4e9bb923adf3d5d5766ac80142fb"}, "message": ""}, "checksum": {"function": "sha256", "params": {}, "message": "b060923ac9a22ac2c7c626ae0ca47161c197c7c6c6d382f4b84732dbda7a6f1b"}, "cipher": {"function": "aes-128-ctr", "params": {"iv": "f6db09be2c00208086f91c971ef150f9"}, "message": "e176eea6dfe6e2a00ca98be2ebe7f830a26a261f9d7c8620c90f0d93e96c2234"}}, "description": "", "pubkey": "ae7a62428eefa76d3e5edad9919433f6e0dedca40b4964d3026ca4b799cf2e4eab566e868e6e7e50d02be02a4c7718f3", "path": "m/12381/3600/30/0/0", "uuid": "de69890e-7821-4228-99db-511d1f299856", "version": 4}