{"crypto": {"kdf": {"function": "scrypt", "params": {"dklen": 32, "n": 262144, "r": 8, "p": 1, "salt": "9c0bafee5bf3ea485ea254ac38ea6b2d72a9f5273dac7d7fb24cd03e8fe1d05b"}, "message": ""}, "checksum": {"function": "sha256", "params": {}, "message": "a0dd00261bbd171b3e7b19e8573aeef685b43bb5e918b26d9bbf3fb23b506562"}, "cipher": {"function": "aes-128-ctr", "params": {"iv": "6e42231e041ec9ef9bb3a7fc1c5c4e7d"}, "message": "038c82f546e74c2277abd1cda6c070ed4eadc0c84895ca5a460897ffc708713f"}}, "description": "", "pubkey": "ae7a62428eefa76d3e5edad9919433f6e0dedca40b4964d3026ca4b799cf2e4eab566e868e6e7e50d02be02a4c7718f3", "path": "m/12381/3600/30/0/0", "uuid": "a6dbaa8e-18c3-46e3-be11-b72426a3b60c", "version": 4}