{"crypto": {"kdf": {"function": "scrypt", "params": {"dklen": 32, "n": 262144, "r": 8, "p": 1, "salt": "04560872b6ebd1f1aecabcecdb5ac6676214491a88cb452050cb03281d5c3ea8"}, "message": ""}, "checksum": {"function": "sha256", "params": {}, "message": "4dcaca7ba5ee0f67da56e258f5529376d783331dd932b3c20e03a9c0e56875e4"}, "cipher": {"function": "aes-128-ctr", "params": {"iv": "c7e037336cf8dd0d4ac025f04b5d3f53"}, "message": "473d20fb2af06ac19916c64bf588d3a02b0620077c3f4b406bf51e85c23e40f2"}}, "description": "", "pubkey": "a3ab78157bbc6bac4acc389fdc95a021e2fd2bea57e22e7e9a01c1c0b19799c4382befd23a4d62e57563b9899e9cf860", "path": "m/12381/3600/47/0/0", "uuid": "09ea1909-40c9-448e-820d-ab93664663cf", "version": 4}