{"crypto": {"kdf": {"function": "scrypt", "params": {"dklen": 32, "n": 262144, "r": 8, "p": 1, "salt": "d39fd9a6c95be5e511c03968bcadcbc6b8033955e19b5fdacca13d3ef09f0317"}, "message": ""}, "checksum": {"function": "sha256", "params": {}, "message": "464ea808161e0dce365a8b712be1cc1c87a1273b6fcd8d6abe9af8e1702d8522"}, "cipher": {"function": "aes-128-ctr", "params": {"iv": "c296383d27b10c2a1d73921267905105"}, "message": "ceb312de4189b708312036ed06e200b47ac30d45c600a4264b6e530f0e9d9c23"}}, "description": "", "pubkey": "94ed3c4c15d23ce732756b6f0700cac49c34cdddbfd87b5feb728fdff1be9f29b52fe6a14f419c0ecd314b23b16a6df0", "path": "m/12381/3600/34/0/0", "uuid": "57f2e4a2-f5e0-4ca6-9cef-dbe5749754ce", "version": 4}