{"crypto": {"kdf": {"function": "scrypt", "params": {"dklen": 32, "n": 262144, "r": 8, "p": 1, "salt": "85e6d813be8aff30fe4d6ff9a8c66701462bea0ace48ae9119c5ce37bf3cbee6"}, "message": ""}, "checksum": {"function": "sha256", "params": {}, "message": "a4603ef40f1a813edbb946c8e837bad32cbba97eab1c0c5326cd8e69c8aab525"}, "cipher": {"function": "aes-128-ctr", "params": {"iv": "cf239913a84dab91df8c5ac88e26e888"}, "message": "62d676d13a2915ef7f677a896700fea2f96b3ca79f2723de811633b615f878d3"}}, "description": "", "pubkey": "99355830c5fad9dd23eb01b397903b8394fe353b19872792c6ee47cb4edbc0dae97290c0d04e14c9465e2bccbd605fa6", "path": "m/12381/3600/30/0/0", "uuid": "e0df5a48-dbd2-47eb-8111-e5d0b51f7c0c", "version": 4}