{"crypto": {"kdf": {"function": "scrypt", "params": {"dklen": 32, "n": 262144, "r": 8, "p": 1, "salt": "d39fd9a6c95be5e511c03968bcadcbc6b8033955e19b5fdacca13d3ef09f0317"}, "message": ""}, "checksum": {"function": "sha256", "params": {}, "message": "a0a680a0c4a7f64c22a2337b89ff987ccec0a850fbbb1899bf74f9c6a0547bd0"}, "cipher": {"function": "aes-128-ctr", "params": {"iv": "c296383d27b10c2a1d73921267905105"}, "message": "c0029e2e20e787e6b9b571acaf34bdddf8788b47c88c54b734a030b9acbd1cfd"}}, "description": "", "pubkey": "a6ea3274da99f73f5dd22b477d598d547675d3a9890bb2b28be467555664a5127a4150b7da1ebb05abca1f6335fb3a58", "path": "m/12381/3600/5/0/0", "uuid": "3d293ca6-071d-4f9b-9696-bd8d40503aa1", "version": 4}