{"crypto": {"kdf": {"function": "scrypt", "params": {"dklen": 32, "n": 262144, "r": 8, "p": 1, "salt": "04560872b6ebd1f1aecabcecdb5ac6676214491a88cb452050cb03281d5c3ea8"}, "message": ""}, "checksum": {"function": "sha256", "params": {}, "message": "2b11296ed60fd388edc2b5d27c63cd6b23720f944f0a6dc3b4478c2ed23d7aee"}, "cipher": {"function": "aes-128-ctr", "params": {"iv": "c7e037336cf8dd0d4ac025f04b5d3f53"}, "message": "4bd3772a992c5ebca7fa186e0663897b418282db309c13a7d18fdbc8cb6add94"}}, "description": "", "pubkey": "b2acae719f15ab01c8a8930b9813fe2b8afb73a0c5f03ee7918335fffa8f78800736b571649d10e62b10d9523accf362", "path": "m/12381/3600/12/0/0", "uuid": "41361e42-646b-405b-a352-00a28471eb01", "version": 4}