{"crypto": {"kdf": {"function": "scrypt", "params": {"dklen": 32, "n": 262144, "r": 8, "p": 1, "salt": "e92bf5fbee0907b19a3b56b81e6e117c3010b6abb1403c6c7a50443344a37fb3"}, "message": ""}, "checksum": {"function": "sha256", "params": {}, "message": "830dd1ba1ae4090737e80097a25dcad15d3b93a74c5dc87dcd19c600d5e7fd5f"}, "cipher": {"function": "aes-128-ctr", "params": {"iv": "7c679ae9f83013c5afcfcc80a8639cf8"}, "message": "1d8906eb33c8e7243c5a63fc41ae1a5fe51e45e0325d706c6344e52249eff406"}}, "description": "", "pubkey": "992f5464d246230c8ece487efb3d58dacf1a514625187838d7093e5e5b9e0bbecaf95cddfa1d094e22c271971d4bbe60", "path": "m/12381/3600/43/0/0", "uuid": "69df22f6-894e-4559-9d77-2810fc9b9e77", "version": 4}