{"crypto": {"kdf": {"function": "scrypt", "params": {"dklen": 32, "n": 262144, "r": 8, "p": 1, "salt": "c961e44396aac01666b84148433bdb12dafb450269cacc7f9a8c428e5f713676"}, "message": ""}, "checksum": {"function": "sha256", "params": {}, "message": "d25d5bad8bfa3023c4b011f0d40fed3774bbe3f9c0a0b14c0a17b6dfd432d140"}, "cipher": {"function": "aes-128-ctr", "params": {"iv": "5a82dee0583a6237bd62875079f160f6"}, "message": "460a2e4aa1e7b4c482bc0517d4aaa5f28fb353d3c8dabcaeaf8d060ba1eb3972"}}, "description": "", "pubkey": "918139cee5ac0ef76c60188c5c205f7bbb85e3ec2a0d444ae1d2e00fb3b8a9d92d50f19ffad47d011659fad0c1d44b46", "path": "m/12381/3600/0/0/0", "uuid": "4232e52c-a5cf-4bc7-8cd4-d9ca568297c4", "version": 4}