{"crypto": {"kdf": {"function": "scrypt", "params": {"dklen": 32, "n": 262144, "r": 8, "p": 1, "salt": "e92bf5fbee0907b19a3b56b81e6e117c3010b6abb1403c6c7a50443344a37fb3"}, "message": ""}, "checksum": {"function": "sha256", "params": {}, "message": "8ae140a54076e121c5a0fe4753930746f96ae60714a234c8658a57ff4ef0b454"}, "cipher": {"function": "aes-128-ctr", "params": {"iv": "7c679ae9f83013c5afcfcc80a8639cf8"}, "message": "4b54480eed0071f14ff53739034df85048d4a2430db954eef232923b386dd162"}}, "description": "", "pubkey": "a1db6770e22b8b91027b9dc2d1edcfd51ec5eb21d6bc2390c698d7d39ffd8aabbcbabf8261507c5d52172b9ae0c2ecd6", "path": "m/12381/3600/36/0/0", "uuid": "615aa44a-895e-45c9-b9e8-0b61bf123abd", "version": 4}