{"crypto": {"kdf": {"function": "scrypt", "params": {"dklen": 32, "n": 262144, "r": 8, "p": 1, "salt": "34ed39997d841c9f92ab3d29e079e05d80d30781acf3a133f836e67e5a3a28b1"}, "message": ""}, "checksum": {"function": "sha256", "params": {}, "message": "1a57022360faac96cf8a7ad0c30802e5603739f712dc21119893f9f9df9a3991"}, "cipher": {"function": "aes-128-ctr", "params": {"iv": "4ce19887a8e2bf065d6f7d40dfe22ab2"}, "message": "44cc2cb4f63af2f7e6ba95f3b2b96a9d1028d397c20ca808fc7482263ecb633a"}}, "description": "", "pubkey": "81f6bfdcd28ecf8439da2677dfd113c72c7bbd540bf7f179ba90ab84307f8256c399963c1c98ce345e708fb50adb22ac", "path": "m/12381/3600/14/0/0", "uuid": "75cefff2-dab6-4498-9b8c-a4e01142d920", "version": 4}