{"crypto": {"kdf": {"function": "scrypt", "params": {"dklen": 32, "n": 262144, "r": 8, "p": 1, "salt": "e92bf5fbee0907b19a3b56b81e6e117c3010b6abb1403c6c7a50443344a37fb3"}, "message": ""}, "checksum": {"function": "sha256", "params": {}, "message": "1f2c2d214c48dba0789f7083d323588328d1665095d7d6b6510f1587bc034b91"}, "cipher": {"function": "aes-128-ctr", "params": {"iv": "7c679ae9f83013c5afcfcc80a8639cf8"}, "message": "1c88a2aa6574cb48d2ba185a571d63100aaf0602e382cf480fabb6d4fb1ddedc"}}, "description": "", "pubkey": "ada543b9cd9d5a81d9c04ad208b4f18bf4e72fb4c9ef45364deed57f03eb4ceacd17ab7a9de7bed4f587e30f5aac824e", "path": "m/12381/3600/49/0/0", "uuid": "0803bde9-3352-4bad-adee-1d0a537bcd7b", "version": 4}