{"crypto": {"kdf": {"function": "scrypt", "params": {"dklen": 32, "n": 262144, "r": 8, "p": 1, "salt": "34ed39997d841c9f92ab3d29e079e05d80d30781acf3a133f836e67e5a3a28b1"}, "message": ""}, "checksum": {"function": "sha256", "params": {}, "message": "952055e3fe82569a47eb5e6047036d725f118e43c8307a1d56433de6cdee0322"}, "cipher": {"function": "aes-128-ctr", "params": {"iv": "4ce19887a8e2bf065d6f7d40dfe22ab2"}, "message": "756a9afb960e7956a5696a64a24f762e1fbd000ba358a950c9906bfd7e69a4d7"}}, "description": "", "pubkey": "b69c6ba3b2045da55a08ece8b96d85ce624afe3067806a0b06a3b6da838fe4aab78a09a9d4eb2e69530ab0b0edbf06c4", "path": "m/12381/3600/31/0/0", "uuid": "5945d5e1-de99-4aff-bb87-c0d32cf1b177", "version": 4}