{"crypto": {"kdf": {"function": "scrypt", "params": {"dklen": 32, "n": 262144, "r": 8, "p": 1, "salt": "34ed39997d841c9f92ab3d29e079e05d80d30781acf3a133f836e67e5a3a28b1"}, "message": ""}, "checksum": {"function": "sha256", "params": {}, "message": "dc5fc45e4a35ab8ec02a660d8f29bfbeabfa1c78a41bd96d8ca26981fd64a18a"}, "cipher": {"function": "aes-128-ctr", "params": {"iv": "4ce19887a8e2bf065d6f7d40dfe22ab2"}, "message": "456f78f44b5fbd9ee7646151555e942bd9b93cb76a3a9e1c8f8cf3f0d615baa6"}}, "description": "", "pubkey": "b87734662f79ab94cec1bcdf1e9ec879609d88da218990f143d9b5ee7960f18648d819de1b72bfd480c714fe060aa384", "path": "m/12381/3600/46/0/0", "uuid": "7e119fef-ca2b-4c30-a857-32c7302babca", "version": 4}