{"crypto": {"kdf": {"function": "scrypt", "params": {"dklen": 32, "n": 262144, "r": 8, "p": 1, "salt": "34ed39997d841c9f92ab3d29e079e05d80d30781acf3a133f836e67e5a3a28b1"}, "message": ""}, "checksum": {"function": "sha256", "params": {}, "message": "ff652f7aa1c7b43133f31fde48f0d24c15d99e4c07389f0db075c5e6b145f560"}, "cipher": {"function": "aes-128-ctr", "params": {"iv": "4ce19887a8e2bf065d6f7d40dfe22ab2"}, "message": "5f4db3a205bd1c5d0bf36048cedd5cb822ac3de7677dc095b6210a8aa9cb5d93"}}, "description": "", "pubkey": "9694fc7be282443218d50df82f968fddb1b1d8ce721d4ced7dd5941378d53ec155e97848944d9cd6f36c1e21db944fc7", "path": "m/12381/3600/29/0/0", "uuid": "77ba07bc-16a1-4e41-9fb2-735c5f14f5fa", "version": 4}