{"crypto": {"kdf": {"function": "scrypt", "params": {"dklen": 32, "n": 262144, "r": 8, "p": 1, "salt": "e92bf5fbee0907b19a3b56b81e6e117c3010b6abb1403c6c7a50443344a37fb3"}, "message": ""}, "checksum": {"function": "sha256", "params": {}, "message": "0120fa735a329048210dbcb065172587662dc76cbff30b0374dff521dd945de9"}, "cipher": {"function": "aes-128-ctr", "params": {"iv": "7c679ae9f83013c5afcfcc80a8639cf8"}, "message": "5c7186a73a2f6fcb888d0368fa6794030bce2e7efbc2f550ec5f1d8e998ced0e"}}, "description": "", "pubkey": "a81ee46a80665e8d03764964ae742f8d7a932069640106512ab2fc67feeffd73547e26e30e4267bfa19f6706169f1442", "path": "m/12381/3600/39/0/0", "uuid": "c1e0acce-e7d4-40ad-bd87-5efb73ebee0a", "version": 4}