{"crypto": {"kdf": {"function": "scrypt", "params": {"dklen": 32, "n": 262144, "r": 8, "p": 1, "salt": "4bee655d62c5d15eedc90bb66b72aeb53b15e8968a90aef89dc5f9686a4c9d29"}, "message": ""}, "checksum": {"function": "sha256", "params": {}, "message": "75c55f5714819652ec6a75ac020072e4389f6c9b9103cdd9e2db1ee5ff6613bc"}, "cipher": {"function": "aes-128-ctr", "params": {"iv": "81663187a69bb066697602b2e85017d1"}, "message": "09b81675d7f76bdbf497ce8f762e724661721fd77f4d7ddefffcbb7de2a4d073"}}, "description": "", "pubkey": "998efd2bedc7925cd930fd3a3427adbce185c0fc37177f3555a37564e23921bdfcff5458ec91748fd379111b64c974a5", "path": "m/12381/3600/9/0/0", "uuid": "e5ab75fc-181c-4fad-99ad-a03505a839c3", "version": 4}