{"crypto": {"kdf": {"function": "scrypt", "params": {"dklen": 32, "n": 262144, "r": 8, "p": 1, "salt": "34ed39997d841c9f92ab3d29e079e05d80d30781acf3a133f836e67e5a3a28b1"}, "message": ""}, "checksum": {"function": "sha256", "params": {}, "message": "38c0ab3b78dbe354e47d1430abbc74741d6070631c079602c4d141f95e822527"}, "cipher": {"function": "aes-128-ctr", "params": {"iv": "4ce19887a8e2bf065d6f7d40dfe22ab2"}, "message": "1738ceadaafe1b731def5c090cd37c9870dc012148bfee172cf307992a19ea8d"}}, "description": "", "pubkey": "b3d4b585a36039cbce957d5bea1229b1416cfc27228f40298b9b35dbded3ea603e6e91791bb5f68772a2fde15cb83bd5", "path": "m/12381/3600/18/0/0", "uuid": "35edb47c-7551-45ac-be2a-3a6c4fef4015", "version": 4}