{"crypto": {"kdf": {"function": "scrypt", "params": {"dklen": 32, "n": 262144, "r": 8, "p": 1, "salt": "34ed39997d841c9f92ab3d29e079e05d80d30781acf3a133f836e67e5a3a28b1"}, "message": ""}, "checksum": {"function": "sha256", "params": {}, "message": "c1d235d203ade08b1e72b3796024b880c2ca8f01958e6fd3a564e72faaf2e34f"}, "cipher": {"function": "aes-128-ctr", "params": {"iv": "4ce19887a8e2bf065d6f7d40dfe22ab2"}, "message": "3a6475f9b66d6d2e96c60ded53ec795dfea1dbff40a68943d9b51e6d5b275357"}}, "description": "", "pubkey": "9595d6f3b3a8893b0409ef5da93f3995b6436f90dfb07eb2667d7bb8a672a3bbd213dd0568220f6f0408dc7de23a22f3", "path": "m/12381/3600/2/0/0", "uuid": "307360c5-ba79-4cbd-9353-4aec45de2da4", "version": 4}