{"crypto": {"kdf": {"function": "scrypt", "params": {"dklen": 32, "n": 262144, "r": 8, "p": 1, "salt": "e92bf5fbee0907b19a3b56b81e6e117c3010b6abb1403c6c7a50443344a37fb3"}, "message": ""}, "checksum": {"function": "sha256", "params": {}, "message": "bd6de0e023167b2e4db24e0341273e32d1ef693f35baee57cbccdf2adcacad32"}, "cipher": {"function": "aes-128-ctr", "params": {"iv": "7c679ae9f83013c5afcfcc80a8639cf8"}, "message": "63aa3862aa5e8897baa94608306c9c9d521c6e598239ecf34a72bc9eb71a1df4"}}, "description": "", "pubkey": "93fc5ae1a40d1f3aeb3ca7edb4308d14c22c70f5a6d7495743a639385e40ec7fe966dd08ee2ee46491fe027188eb55d9", "path": "m/12381/3600/11/0/0", "uuid": "e6857849-0aea-4425-8cd9-b6abdb1d39b8", "version": 4}