{"crypto": {"kdf": {"function": "scrypt", "params": {"dklen": 32, "n": 262144, "r": 8, "p": 1, "salt": "e92bf5fbee0907b19a3b56b81e6e117c3010b6abb1403c6c7a50443344a37fb3"}, "message": ""}, "checksum": {"function": "sha256", "params": {}, "message": "b7a21411186c0410fdf8ca17513eb86b5d93875507c2ce9cddff8e617e88bacf"}, "cipher": {"function": "aes-128-ctr", "params": {"iv": "7c679ae9f83013c5afcfcc80a8639cf8"}, "message": "3deed64a3b733fed7e3b8f83fb28ca175e309273085156083d1e54dd33751460"}}, "description": "", "pubkey": "b125ce7fb1b7ac9ccf442aa40743e6ea32dbf7657854f73dc96470d964a3f79120b0d6801561f67e0313b9c4ce5ce3bb", "path": "m/12381/3600/32/0/0", "uuid": "ca0bdd5f-1783-4200-ba91-54fc4a86f992", "version": 4}