{"crypto": {"kdf": {"function": "scrypt", "params": {"dklen": 32, "n": 262144, "r": 8, "p": 1, "salt": "34ed39997d841c9f92ab3d29e079e05d80d30781acf3a133f836e67e5a3a28b1"}, "message": ""}, "checksum": {"function": "sha256", "params": {}, "message": "843bb69478a022dd0a5b06b9c667e43d09ea748979d990ce3940a1d7fcc10096"}, "cipher": {"function": "aes-128-ctr", "params": {"iv": "4ce19887a8e2bf065d6f7d40dfe22ab2"}, "message": "1afa6faf2cf09c138510aef3a9dcf5e6db1aeedf8b94c3e4f1e1450737f38edd"}}, "description": "", "pubkey": "93fc5ae1a40d1f3aeb3ca7edb4308d14c22c70f5a6d7495743a639385e40ec7fe966dd08ee2ee46491fe027188eb55d9", "path": "m/12381/3600/11/0/0", "uuid": "dbcac110-3fbb-4c79-8031-a5e515f9fe06", "version": 4}