{"crypto": {"kdf": {"function": "scrypt", "params": {"dklen": 32, "n": 262144, "r": 8, "p": 1, "salt": "4bee655d62c5d15eedc90bb66b72aeb53b15e8968a90aef89dc5f9686a4c9d29"}, "message": ""}, "checksum": {"function": "sha256", "params": {}, "message": "399ddda12ac22bf23dcc3ac1672f814bbfaee43ba069258ce222cfdb965b5211"}, "cipher": {"function": "aes-128-ctr", "params": {"iv": "81663187a69bb066697602b2e85017d1"}, "message": "6ab3e0c1d6e774c746d43a5d2b4572ba1cd9185faed4b084ed5797c880df2a51"}}, "description": "", "pubkey": "a773f3f18299f45c4c591b090c0fced7b6db92f70a296f972f6d2e4aa436a3d3eebf1f33741b5b817ce13cf6052a87b5", "path": "m/12381/3600/34/0/0", "uuid": "ce885c5e-dc07-4773-ac6c-5c335f920d2d", "version": 4}