{"crypto": {"kdf": {"function": "scrypt", "params": {"dklen": 32, "n": 262144, "r": 8, "p": 1, "salt": "34ed39997d841c9f92ab3d29e079e05d80d30781acf3a133f836e67e5a3a28b1"}, "message": ""}, "checksum": {"function": "sha256", "params": {}, "message": "d67eaffc8605f2b3bba84beb0b4a56a68d6274cdc85a73507d9caad6e5a3225b"}, "cipher": {"function": "aes-128-ctr", "params": {"iv": "4ce19887a8e2bf065d6f7d40dfe22ab2"}, "message": "7cfba34787a4cf50dea6e177bba78dec4d9b5c6c10cd8d89e1d4aacc1bca5f2e"}}, "description": "", "pubkey": "a7580c2c604ae20d3ca21dbc5a6a07382835a8c6ff245ac1d07c3fc08c218727572d6a7913c758962ca811f270174309", "path": "m/12381/3600/15/0/0", "uuid": "32a241a5-5bb4-486a-9262-0d57e03337c5", "version": 4}