{"crypto": {"kdf": {"function": "scrypt", "params": {"dklen": 32, "n": 262144, "r": 8, "p": 1, "salt": "e92bf5fbee0907b19a3b56b81e6e117c3010b6abb1403c6c7a50443344a37fb3"}, "message": ""}, "checksum": {"function": "sha256", "params": {}, "message": "831287cb7e08c160e96364164e3cb41e4cb1ee766f7a0a615bbcfbd2f5c712f1"}, "cipher": {"function": "aes-128-ctr", "params": {"iv": "7c679ae9f83013c5afcfcc80a8639cf8"}, "message": "1154819950ddaaadd1cf8c797d6d46bba85a38cabed90b1b76272a0f90e33ba5"}}, "description": "", "pubkey": "8fe133a345372a0219578b31cb4355bafd254c7cd9e6337640c4d0f6421ed6d4db1efb447b28534807d080066939ef87", "path": "m/12381/3600/1/0/0", "uuid": "438a3b11-b8d1-4cce-83a8-64cacd78b40e", "version": 4}