{"crypto": {"kdf": {"function": "scrypt", "params": {"dklen": 32, "n": 262144, "r": 8, "p": 1, "salt": "34ed39997d841c9f92ab3d29e079e05d80d30781acf3a133f836e67e5a3a28b1"}, "message": ""}, "checksum": {"function": "sha256", "params": {}, "message": "711bda0004a8b9b6e997511222a5dc80a454ee35f83c8fe4e9a4dcee7f24d59d"}, "cipher": {"function": "aes-128-ctr", "params": {"iv": "4ce19887a8e2bf065d6f7d40dfe22ab2"}, "message": "1c1fa5a10b617e54f793d54ad2e458f27cc1a478618979ee1718bf5d07e4a295"}}, "description": "", "pubkey": "b992bec3d856550ea7346846d98ecedf28e9dfebfabc27a9d26df464f87e3910c2dc6afdf8174a2db5fd8f70bafd0c42", "path": "m/12381/3600/10/0/0", "uuid": "add41794-2ac4-4520-8afe-a65655606c13", "version": 4}