{"crypto": {"kdf": {"function": "scrypt", "params": {"dklen": 32, "n": 262144, "r": 8, "p": 1, "salt": "e92bf5fbee0907b19a3b56b81e6e117c3010b6abb1403c6c7a50443344a37fb3"}, "message": ""}, "checksum": {"function": "sha256", "params": {}, "message": "2c1a9ca1ce68f2a548a9a79d9f0e1a0cc4722dee14173df927851ad062ee826e"}, "cipher": {"function": "aes-128-ctr", "params": {"iv": "7c679ae9f83013c5afcfcc80a8639cf8"}, "message": "3c3f2f39cdf1a91ad8dd89aacceefd5050bfbc316397b10b341f0a6956fc298f"}}, "description": "", "pubkey": "b87734662f79ab94cec1bcdf1e9ec879609d88da218990f143d9b5ee7960f18648d819de1b72bfd480c714fe060aa384", "path": "m/12381/3600/46/0/0", "uuid": "3c659902-b28a-495b-839e-9e7e0603b238", "version": 4}