{"crypto": {"kdf": {"function": "scrypt", "params": {"dklen": 32, "n": 262144, "r": 8, "p": 1, "salt": "c961e44396aac01666b84148433bdb12dafb450269cacc7f9a8c428e5f713676"}, "message": ""}, "checksum": {"function": "sha256", "params": {}, "message": "f42962f5741af68f663cc0358f318aa8aa0937bdef4116a7e56832a03d968b82"}, "cipher": {"function": "aes-128-ctr", "params": {"iv": "5a82dee0583a6237bd62875079f160f6"}, "message": "61c55db7d263eba0c2df1ab942d42795190295e95b67ebc39150d743bd900ff5"}}, "description": "", "pubkey": "ada543b9cd9d5a81d9c04ad208b4f18bf4e72fb4c9ef45364deed57f03eb4ceacd17ab7a9de7bed4f587e30f5aac824e", "path": "m/12381/3600/49/0/0", "uuid": "28ca7870-12b1-43ce-8dd5-4b8d03b9f94e", "version": 4}