{"crypto": {"kdf": {"function": "scrypt", "params": {"dklen": 32, "n": 262144, "r": 8, "p": 1, "salt": "4bee655d62c5d15eedc90bb66b72aeb53b15e8968a90aef89dc5f9686a4c9d29"}, "message": ""}, "checksum": {"function": "sha256", "params": {}, "message": "25dd04e4e41b2a53e9edf74298dd1d42d2a72f3f5c00da2e92348c116ad4e0b4"}, "cipher": {"function": "aes-128-ctr", "params": {"iv": "81663187a69bb066697602b2e85017d1"}, "message": "13187c58ec8f3df4e768f022ed13c6dcfe4f06ddfd6afcbf8bbdba6c5edee907"}}, "description": "", "pubkey": "a0096f250801b5911ce4ecf7eb35d380f6ab6b62b243954ed72a47d715e82c49e2d8fdb1eca62ebf3ce6a03759b64600", "path": "m/12381/3600/48/0/0", "uuid": "f26b7768-1bbc-4995-939e-411d0d3978da", "version": 4}