{"crypto": {"kdf": {"function": "scrypt", "params": {"dklen": 32, "n": 262144, "r": 8, "p": 1, "salt": "e92bf5fbee0907b19a3b56b81e6e117c3010b6abb1403c6c7a50443344a37fb3"}, "message": ""}, "checksum": {"function": "sha256", "params": {}, "message": "edb86d4350530598ad3cb8b3233eed7814e861d69a3406d5f39219c1f4eb1452"}, "cipher": {"function": "aes-128-ctr", "params": {"iv": "7c679ae9f83013c5afcfcc80a8639cf8"}, "message": "2e8f06df8cfa7864cd16e61ed62338caa63f16abd35570021ddb2d9ab84e9b01"}}, "description": "", "pubkey": "8474b236633e2e80055b5c24cce998f0ca0c1f252ed3b17bb2348eabe53e3486402e8f6d4be0a8cfd51dfbc8c06b6920", "path": "m/12381/3600/5/0/0", "uuid": "70c22b78-cbcd-4079-8a09-b261e2aeb159", "version": 4}