{"crypto": {"kdf": {"function": "scrypt", "params": {"dklen": 32, "n": 262144, "r": 8, "p": 1, "salt": "e92bf5fbee0907b19a3b56b81e6e117c3010b6abb1403c6c7a50443344a37fb3"}, "message": ""}, "checksum": {"function": "sha256", "params": {}, "message": "bf7ccab0654e307677373773180a5cc1104b46301a4709917227ec307a3e9ab9"}, "cipher": {"function": "aes-128-ctr", "params": {"iv": "7c679ae9f83013c5afcfcc80a8639cf8"}, "message": "0c3acd3610a06dd29ad0829f3bff1f5596bb808daaf5864772039264fe8037fe"}}, "description": "", "pubkey": "b69c6ba3b2045da55a08ece8b96d85ce624afe3067806a0b06a3b6da838fe4aab78a09a9d4eb2e69530ab0b0edbf06c4", "path": "m/12381/3600/31/0/0", "uuid": "e4e3e74a-4c7d-4b02-ae3d-a5b6f022c4b1", "version": 4}