{"crypto": {"kdf": {"function": "scrypt", "params": {"dklen": 32, "n": 262144, "r": 8, "p": 1, "salt": "e92bf5fbee0907b19a3b56b81e6e117c3010b6abb1403c6c7a50443344a37fb3"}, "message": ""}, "checksum": {"function": "sha256", "params": {}, "message": "a2560e4efaf8cd413471b37cd8abdf943154986ccd25e84e6e56b1f44ac0b128"}, "cipher": {"function": "aes-128-ctr", "params": {"iv": "7c679ae9f83013c5afcfcc80a8639cf8"}, "message": "5a3f3fcffa8cd9ec3d9885ffe272b4aa73cf264c1b9db23d4f805c817ce682fd"}}, "description": "", "pubkey": "8ba4d46b78decbe48b0c4090e5b4314edce07d231eeb03e47cb50cf6d3fc75cb08ed950101c1383de8587760d41cee72", "path": "m/12381/3600/20/0/0", "uuid": "8f18e96a-8e41-4361-bdf3-8feb668b85fe", "version": 4}