{"crypto": {"kdf": {"function": "scrypt", "params": {"dklen": 32, "n": 262144, "r": 8, "p": 1, "salt": "c961e44396aac01666b84148433bdb12dafb450269cacc7f9a8c428e5f713676"}, "message": ""}, "checksum": {"function": "sha256", "params": {}, "message": "4f15f75fe92e079490dfc4a115e3ded3bdbc3bf2a8f5c7551d97b48281a3f7d1"}, "cipher": {"function": "aes-128-ctr", "params": {"iv": "5a82dee0583a6237bd62875079f160f6"}, "message": "3f0681aba62c223bb8ef01830f36575bfcc2e22751482ba97752daa397dbb6d1"}}, "description": "", "pubkey": "a3ab78157bbc6bac4acc389fdc95a021e2fd2bea57e22e7e9a01c1c0b19799c4382befd23a4d62e57563b9899e9cf860", "path": "m/12381/3600/47/0/0", "uuid": "6767d27c-314b-4630-9fda-6abc2ef1563e", "version": 4}