{"crypto": {"kdf": {"function": "scrypt", "params": {"dklen": 32, "n": 262144, "r": 8, "p": 1, "salt": "2111edbf0a1c6e6cc7216e2650c7ee3ab63a48af8a1332f52ba07d4c53382ab2"}, "message": ""}, "checksum": {"function": "sha256", "params": {}, "message": "c4172e90a2dfb3ecca2bd9bcab1b8b07ed346efa9cdfaf0f93ed7b423288383b"}, "cipher": {"function": "aes-128-ctr", "params": {"iv": "22fcf9678d9d3451b7b70064c7aff1a4"}, "message": "228f6b9e65c402ac33e4dd02bb78bdc5a0a343ecd6ee31a2973c940b42034ef5"}}, "description": "", "pubkey": "94c93055132ff47330b96fa4b004cb98b6d0967a1b7a10231d44aec9869261046737a3b80b4aed87a0f9337ed41180e7", "path": "m/12381/3600/22/0/0", "uuid": "72eeaa9f-2938-4a97-9791-dbfa572847eb", "version": 4}