{"crypto": {"kdf": {"function": "scrypt", "params": {"dklen": 32, "n": 262144, "r": 8, "p": 1, "salt": "85e6d813be8aff30fe4d6ff9a8c66701462bea0ace48ae9119c5ce37bf3cbee6"}, "message": ""}, "checksum": {"function": "sha256", "params": {}, "message": "31457bae348eb92664415bc018b49b26453a72a940d50354c3e4dbbc0cf1a153"}, "cipher": {"function": "aes-128-ctr", "params": {"iv": "cf239913a84dab91df8c5ac88e26e888"}, "message": "1ea16b2136060d0b3d38cd61e4f03618b1ec7ec8932d0fe9c78ae3726dac7ddd"}}, "description": "", "pubkey": "b8c9a1dc8afb2f2b6b74ebbfd218bea362a0d1b63d5e4d65a8417aaab865b03a9ef8e78493fdee01dbe32eb29cc3d4bf", "path": "m/12381/3600/1/0/0", "uuid": "dc3cda3a-1633-4e25-8f5d-c55106c6b7db", "version": 4}