{"crypto": {"kdf": {"function": "scrypt", "params": {"dklen": 32, "n": 262144, "r": 8, "p": 1, "salt": "9c0bafee5bf3ea485ea254ac38ea6b2d72a9f5273dac7d7fb24cd03e8fe1d05b"}, "message": ""}, "checksum": {"function": "sha256", "params": {}, "message": "157074ae6bc2286da515e5e241aa871dcdabc6c376e73cef9d0264cad94bb11b"}, "cipher": {"function": "aes-128-ctr", "params": {"iv": "6e42231e041ec9ef9bb3a7fc1c5c4e7d"}, "message": "232c869be678f3d7584ae266050c7ece06e1fa50ab616164d5e419f7f60dd416"}}, "description": "", "pubkey": "a803362c97a4abe0287e148ee22b819ec2318209ab7044a8be35874d4126065b534aecd4d0cfe9c22580e5b74a892306", "path": "m/12381/3600/95/0/0", "uuid": "ffeaaaa8-1181-4e8f-9132-f28732b82b94", "version": 4}