{"crypto": {"kdf": {"function": "scrypt", "params": {"dklen": 32, "n": 262144, "r": 8, "p": 1, "salt": "04560872b6ebd1f1aecabcecdb5ac6676214491a88cb452050cb03281d5c3ea8"}, "message": ""}, "checksum": {"function": "sha256", "params": {}, "message": "023ddcc33b68e176820473da04098f5af9af468a99c1ccaaf4b2fd1011cea3bc"}, "cipher": {"function": "aes-128-ctr", "params": {"iv": "c7e037336cf8dd0d4ac025f04b5d3f53"}, "message": "378b4fb2c59e5e89ba65cf27b2ea2fbc96c4dbb65079ab152fa6842554e0eed4"}}, "description": "", "pubkey": "b1b22a21772d471fcba8a94d56d2620e7479c179708ceb6e21ce3361ffb93c913050baab45b9c436f4e96af40e6a8181", "path": "m/12381/3600/28/0/0", "uuid": "267a6213-8f05-4dfa-9ee8-391c28bb4bb2", "version": 4}