{"crypto": {"kdf": {"function": "scrypt", "params": {"dklen": 32, "n": 262144, "r": 8, "p": 1, "salt": "f61bf38d501076255aa5766f8fd84330a3ceec550b8f9ca4611be7f453f524da"}, "message": ""}, "checksum": {"function": "sha256", "params": {}, "message": "d2fccc41d809a7caf87d72c3d64c0014ec24ef00ce3560c93b40639b2d72369d"}, "cipher": {"function": "aes-128-ctr", "params": {"iv": "0ac01059e04307fd89bb4e286db896c7"}, "message": "9137ffb2cb59004da7d186065f4ab115db402005cfff95253d4fe976ebab38be"}}, "description": "", "pubkey": "b1b22a21772d471fcba8a94d56d2620e7479c179708ceb6e21ce3361ffb93c913050baab45b9c436f4e96af40e6a8181", "path": "m/12381/3600/28/0/0", "uuid": "cf0f354b-cfd9-4fee-be41-19efc25e0901", "version": 4}