{"crypto": {"kdf": {"function": "scrypt", "params": {"dklen": 32, "n": 262144, "r": 8, "p": 1, "salt": "2111edbf0a1c6e6cc7216e2650c7ee3ab63a48af8a1332f52ba07d4c53382ab2"}, "message": ""}, "checksum": {"function": "sha256", "params": {}, "message": "5028d9b196a7e4baaf8d26c3e6871a8c3e52144f4c2f7398b6cf6c34731fc900"}, "cipher": {"function": "aes-128-ctr", "params": {"iv": "22fcf9678d9d3451b7b70064c7aff1a4"}, "message": "5633bda6c3e3e64222c8b9c9bf1d7610ebfdbd398fe4bded6a92bdb8378bb664"}}, "description": "", "pubkey": "8c09681af31b0f5263793ae1c2ffbaf1d6766a8be4326d0e58ce9bab4a021df5570416fb317ce3ceecff33ecd4dd5c11", "path": "m/12381/3600/167/0/0", "uuid": "865297bd-3b57-4276-b7b0-9bc708eefd14", "version": 4}