{"crypto": {"kdf": {"function": "scrypt", "params": {"dklen": 32, "n": 262144, "r": 8, "p": 1, "salt": "f61bf38d501076255aa5766f8fd84330a3ceec550b8f9ca4611be7f453f524da"}, "message": ""}, "checksum": {"function": "sha256", "params": {}, "message": "7085344949e9bea37c1c7b059c2fdf3f10e19fa23721e0c3ec7b5ae51b35ff47"}, "cipher": {"function": "aes-128-ctr", "params": {"iv": "0ac01059e04307fd89bb4e286db896c7"}, "message": "c6851c21b8c35c06e402b1bb49836f5e7c2a8e8662302cab3c3e8e262b2ec0dc"}}, "description": "", "pubkey": "b992bec3d856550ea7346846d98ecedf28e9dfebfabc27a9d26df464f87e3910c2dc6afdf8174a2db5fd8f70bafd0c42", "path": "m/12381/3600/10/0/0", "uuid": "d579d6c3-8f20-4f1e-8dcc-01e32fd385a2", "version": 4}