{"crypto": {"kdf": {"function": "scrypt", "params": {"dklen": 32, "n": 262144, "r": 8, "p": 1, "salt": "11b3af0126fcfc29c980ae7bed4be8423728edfabfc6ce06c20dab028f3308c8"}, "message": ""}, "checksum": {"function": "sha256", "params": {}, "message": "e9434f67d9710245b6b2c0e9ce3ed419061d5b3e52ef3a40c3472d57ffa0ec8b"}, "cipher": {"function": "aes-128-ctr", "params": {"iv": "cde37d9618829ed1cbbc90571032eaf6"}, "message": "ec43ff2115cb9bf658dabab74a3c6bc6a08247225b9dc168d62b4ec7242d8c6e"}}, "description": "", "pubkey": "acf40542b999987d0f079d00ae5d94740dc49cc6fac61c27da3282346efdf27daf459a7317bb4106d90d7f0ddc477dbe", "path": "m/12381/3600/4/0/0", "uuid": "0258c911-c42c-41b8-af5b-a02e29db85ea", "version": 4}