{"crypto": {"kdf": {"function": "scrypt", "params": {"dklen": 32, "n": 262144, "r": 8, "p": 1, "salt": "11b3af0126fcfc29c980ae7bed4be8423728edfabfc6ce06c20dab028f3308c8"}, "message": ""}, "checksum": {"function": "sha256", "params": {}, "message": "ec0f0d097805d4d96cd738cdb8837a2950d6820ce6b54814c979ffdbdbca5049"}, "cipher": {"function": "aes-128-ctr", "params": {"iv": "cde37d9618829ed1cbbc90571032eaf6"}, "message": "928556cfbcfbb6706cdc7a9531e12fa2cbc04b8cac1a9783ddab9d456277f6a8"}}, "description": "", "pubkey": "912f270becd05e1d89f974be506935fd40f66f76336df0ccc406b560aa9f9f31c40914daec2d4e32ef322eaec7024978", "path": "m/12381/3600/1/0/0", "uuid": "76937395-13e6-434e-9605-282b92a51d39", "version": 4}