{"crypto": {"kdf": {"function": "scrypt", "params": {"dklen": 32, "n": 262144, "r": 8, "p": 1, "salt": "11b3af0126fcfc29c980ae7bed4be8423728edfabfc6ce06c20dab028f3308c8"}, "message": ""}, "checksum": {"function": "sha256", "params": {}, "message": "7dd716ec839b1d1f31721c8bcf9fbbe5471bab1f1d57da19cf6cbd8afea284f7"}, "cipher": {"function": "aes-128-ctr", "params": {"iv": "cde37d9618829ed1cbbc90571032eaf6"}, "message": "db2c274c4f6ea78663da475f7f8d1ee9ed51e9cde459c2b6bb9d711024fc9bcd"}}, "description": "", "pubkey": "866155be25ff2907039a2a5b84f6f0383da7db69f630bd884ea67da38757b82cc0467af368f914c2d483f701163f0208", "path": "m/12381/3600/6/0/0", "uuid": "84e006bd-6933-42b3-a13e-29bfba656b1e", "version": 4}