{"crypto": {"kdf": {"function": "scrypt", "params": {"dklen": 32, "n": 262144, "r": 8, "p": 1, "salt": "11b3af0126fcfc29c980ae7bed4be8423728edfabfc6ce06c20dab028f3308c8"}, "message": ""}, "checksum": {"function": "sha256", "params": {}, "message": "b5abc0cf223f4139ed1cbdad426d0c29e0d59fbf21f36bf57f1714a263d13da9"}, "cipher": {"function": "aes-128-ctr", "params": {"iv": "cde37d9618829ed1cbbc90571032eaf6"}, "message": "f98d4d728ce781ef681da1353e94cd78294e46b42e2e0646430370b05cd6b41c"}}, "description": "", "pubkey": "af15b14c31e78f524f49bcfb7815f87283639ddd7f54941560498c56550f763051ced6236df260b44c026c8cae442f0a", "path": "m/12381/3600/2/0/0", "uuid": "5cb4460d-f7de-4ea1-b5c4-def31db82b6c", "version": 4}