{"crypto": {"kdf": {"function": "scrypt", "params": {"dklen": 32, "n": 262144, "r": 8, "p": 1, "salt": "11b3af0126fcfc29c980ae7bed4be8423728edfabfc6ce06c20dab028f3308c8"}, "message": ""}, "checksum": {"function": "sha256", "params": {}, "message": "6aa96605ab004e2034b72d0e3b724a6316160c6304d8d4f3460e8a9254b80366"}, "cipher": {"function": "aes-128-ctr", "params": {"iv": "cde37d9618829ed1cbbc90571032eaf6"}, "message": "86f6ca723f3c3a8c7711e3732452195ee3eac99f333cb68f5bf4c99d3e5a306d"}}, "description": "", "pubkey": "8f8f9c465cdcc41795fc77bb1da3e0f9b875453b799000c68c1bf2b7c94d834ec9bf1eb131725f49a60e3ae8c044fa03", "path": "m/12381/3600/0/0/0", "uuid": "151aad28-82ab-48c4-b520-ab017a0a19b3", "version": 4}