{"crypto": {"kdf": {"function": "scrypt", "params": {"dklen": 32, "n": 262144, "r": 8, "p": 1, "salt": "11b3af0126fcfc29c980ae7bed4be8423728edfabfc6ce06c20dab028f3308c8"}, "message": ""}, "checksum": {"function": "sha256", "params": {}, "message": "215f612429baf6c2f8cb28b481f2eeb8f5de5c23552401f8bdf473087787f0b1"}, "cipher": {"function": "aes-128-ctr", "params": {"iv": "cde37d9618829ed1cbbc90571032eaf6"}, "message": "f0fb796b3d2d06abced9e5370e733acf514558bfde3f3c0526169ea859179965"}}, "description": "", "pubkey": "b431f114711d0c11588eba6d0edb5108cbd0c84e5804ef8d8cecfefb1d61756c2133e1d0374cc7406a61ae80d51cbcfe", "path": "m/12381/3600/9/0/0", "uuid": "efbfd226-54c0-4b9a-bf68-3b8ff9ab7510", "version": 4}