{"crypto": {"kdf": {"function": "scrypt", "params": {"dklen": 32, "n": 262144, "r": 8, "p": 1, "salt": "11b3af0126fcfc29c980ae7bed4be8423728edfabfc6ce06c20dab028f3308c8"}, "message": ""}, "checksum": {"function": "sha256", "params": {}, "message": "32b36c3c15f5a683d760fbd27229cc828739ec8928ccf50591de09ade8172b4b"}, "cipher": {"function": "aes-128-ctr", "params": {"iv": "cde37d9618829ed1cbbc90571032eaf6"}, "message": "905ad594d651eeefa43e9552524cf09d250718a025eca8ae68fc290572dfdbf9"}}, "description": "", "pubkey": "8a0a6f7ccfbb8c798c667baa9e844d4e501a676f05ab18e734cc7ade1df33bf8cd1ea293cab95404540fb8015e92b31f", "path": "m/12381/3600/8/0/0", "uuid": "ce2772cb-b748-4c13-bcb9-f7bb15b5386c", "version": 4}