{"crypto": {"kdf": {"function": "scrypt", "params": {"dklen": 32, "n": 262144, "r": 8, "p": 1, "salt": "11b3af0126fcfc29c980ae7bed4be8423728edfabfc6ce06c20dab028f3308c8"}, "message": ""}, "checksum": {"function": "sha256", "params": {}, "message": "47739d803ea3c990c26ba31912cfd5fdaf4340f40e51774192194d5fddc77f1d"}, "cipher": {"function": "aes-128-ctr", "params": {"iv": "cde37d9618829ed1cbbc90571032eaf6"}, "message": "ead4956a10677d2d187c8b3d16b0b737d1a7638c4992ccc84338c1fc603b35c9"}}, "description": "", "pubkey": "a5d75ba570047a5e45a201c16756d9adeeb14fa8c2e1325ba05a523dde057abeb4ec638f1490a92b04a081ff0ae751e2", "path": "m/12381/3600/3/0/0", "uuid": "cc5e35a8-ae6c-453b-ae5a-4b78040fd140", "version": 4}