{"crypto": {"kdf": {"function": "scrypt", "params": {"dklen": 32, "n": 262144, "r": 8, "p": 1, "salt": "11b3af0126fcfc29c980ae7bed4be8423728edfabfc6ce06c20dab028f3308c8"}, "message": ""}, "checksum": {"function": "sha256", "params": {}, "message": "328b4c22aff697b0243b43c947ad227b5e6f74b31e26e3b46b61ef8cd439d9e1"}, "cipher": {"function": "aes-128-ctr", "params": {"iv": "cde37d9618829ed1cbbc90571032eaf6"}, "message": "aefc38cf861f49155e70a4e3c753bb91fd4413d94e4da2eb2fbc1ffaddf7fb5e"}}, "description": "", "pubkey": "800e0b04d5dab5d32e1c59a34b0c3edd9b2379351d91e7715d7124ffc576e505583104846b1f88939a31208e2926b203", "path": "m/12381/3600/7/0/0", "uuid": "9fbd970e-9576-44d5-86a2-fb4287b6d12e", "version": 4}