{"crypto": {"kdf": {"function": "scrypt", "params": {"dklen": 32, "n": 262144, "r": 8, "p": 1, "salt": "11b3af0126fcfc29c980ae7bed4be8423728edfabfc6ce06c20dab028f3308c8"}, "message": ""}, "checksum": {"function": "sha256", "params": {}, "message": "bac3392d20f65b897ca21096fc63fb7a14e8c8e05033d99a565b32c45c4fc0c3"}, "cipher": {"function": "aes-128-ctr", "params": {"iv": "cde37d9618829ed1cbbc90571032eaf6"}, "message": "906096222c0ebc486989c7b79ef176c91625d47da411e93e0150dc507196c375"}}, "description": "", "pubkey": "8b8309bcfe5aa2cd5129a7b15e1a65b10b5135e4a9abe1484574f6c2c3f110a819cf0c684b4bd1b09746ccaa49949cec", "path": "m/12381/3600/5/0/0", "uuid": "8b36a165-1b3a-4309-a5ea-856c9c2d6cdc", "version": 4}