{"crypto": {"kdf": {"function": "scrypt", "params": {"dklen": 32, "n": 262144, "r": 8, "p": 1, "salt": "9c0bafee5bf3ea485ea254ac38ea6b2d72a9f5273dac7d7fb24cd03e8fe1d05b"}, "message": ""}, "checksum": {"function": "sha256", "params": {}, "message": "f1f2d54789961bbd37c4921b6e6a6cebb0cb7a6c614f9bc10f38eed26779269f"}, "cipher": {"function": "aes-128-ctr", "params": {"iv": "6e42231e041ec9ef9bb3a7fc1c5c4e7d"}, "message": "0fe0994685b1f76a047d18a972e960f2b4a2e34653551af5bc9af295a6425084"}}, "description": "", "pubkey": "b57a7c1880d5e8e757559cdda8a1480cba2c00294fbd8b9fdac8b636e65d145bcde9fa341669126b9db6ebaf27314652", "path": "m/12381/3600/9/0/0", "uuid": "6e933b3c-17fb-4f1f-9a4b-3f7d1d62d391", "version": 4}