{"crypto": {"kdf": {"function": "scrypt", "params": {"dklen": 32, "n": 262144, "r": 8, "p": 1, "salt": "04560872b6ebd1f1aecabcecdb5ac6676214491a88cb452050cb03281d5c3ea8"}, "message": ""}, "checksum": {"function": "sha256", "params": {}, "message": "e89dcf63cdcfe6521ffa59ef7c454845a284c7fb7d1b7d019715535c1aecd9a1"}, "cipher": {"function": "aes-128-ctr", "params": {"iv": "c7e037336cf8dd0d4ac025f04b5d3f53"}, "message": "0c0c4f98e7fd4b0313d91a5ba53706164f89f855c4f44954413ba9e1d9a74d36"}}, "description": "", "pubkey": "843b8fca4040bbbce88f76d2599506076bba2c9e5431fa968f5db63a793a968fdb74593b3f5f6430d0020453e3c82517", "path": "m/12381/3600/8/0/0", "uuid": "10db6384-06ff-45bd-b50f-aab819186db8", "version": 4}