{"crypto": {"kdf": {"function": "scrypt", "params": {"dklen": 32, "n": 262144, "r": 8, "p": 1, "salt": "9c0bafee5bf3ea485ea254ac38ea6b2d72a9f5273dac7d7fb24cd03e8fe1d05b"}, "message": ""}, "checksum": {"function": "sha256", "params": {}, "message": "ed5c978cd40cd39bf58063060fc58373daf3d9a7cda930210816c6022f01d0d0"}, "cipher": {"function": "aes-128-ctr", "params": {"iv": "6e42231e041ec9ef9bb3a7fc1c5c4e7d"}, "message": "22462b69a26735769e82dc6e6606fadb69b0ac4cbdcb76908d67f6fbc209ace1"}}, "description": "", "pubkey": "88b2d0706da2abd99795ce6ec752c703954be24039e24ec259e55cc3dd95034ef4ead6804b9ba5ef5e1731bca780a39b", "path": "m/12381/3600/77/0/0", "uuid": "5850b8a5-f24f-4378-9e76-4a3b27e0fd29", "version": 4}