{"crypto": {"kdf": {"function": "scrypt", "params": {"dklen": 32, "n": 262144, "r": 8, "p": 1, "salt": "9c0bafee5bf3ea485ea254ac38ea6b2d72a9f5273dac7d7fb24cd03e8fe1d05b"}, "message": ""}, "checksum": {"function": "sha256", "params": {}, "message": "d8bf616b20fe036b4213e86817d16ddac3b2629afb127a2bcf704e1fd1de5a47"}, "cipher": {"function": "aes-128-ctr", "params": {"iv": "6e42231e041ec9ef9bb3a7fc1c5c4e7d"}, "message": "766c406751110371a9c8afe3ae2dd501c78ef5ddbbb4a6218ea116578c1be641"}}, "description": "", "pubkey": "a025cfd9983be3a1038b260648965bb62bb59a009b74f062d35080c0c1ad1c297f1394d34e05fe87964f441ba4a441e3", "path": "m/12381/3600/20/0/0", "uuid": "779a0e77-7651-466a-b076-5e1e88691b07", "version": 4}