{"crypto": {"kdf": {"function": "scrypt", "params": {"dklen": 32, "n": 262144, "r": 8, "p": 1, "salt": "9c0bafee5bf3ea485ea254ac38ea6b2d72a9f5273dac7d7fb24cd03e8fe1d05b"}, "message": ""}, "checksum": {"function": "sha256", "params": {}, "message": "34ccdd4fbfb95c1ef3d3268bc79b72fcf534b5b18c59c89f1c086bbd118a22da"}, "cipher": {"function": "aes-128-ctr", "params": {"iv": "6e42231e041ec9ef9bb3a7fc1c5c4e7d"}, "message": "179f9162c7854ad7bd0a6401efc069fa3294a427dc1746173d2bbf6b32a049ee"}}, "description": "", "pubkey": "86e8ed82fa62aae27dee9df138032f3682bc1b951d5fbc8eb91ca4ba85397805ec12cc61a1368e633b682f90ab2b36dc", "path": "m/12381/3600/57/0/0", "uuid": "6ac6ce31-b211-4ff9-9399-14f7e94356e1", "version": 4}