{"crypto": {"kdf": {"function": "scrypt", "params": {"dklen": 32, "n": 262144, "r": 8, "p": 1, "salt": "3489e120f511fb73d81bb4b52bd069ec19086ab1e9fb8017f581188c759fec18"}, "message": ""}, "checksum": {"function": "sha256", "params": {}, "message": "112788be4f5bb968dd977a5f95565e358b05feb3efa882b6d19187ff11fc8c7a"}, "cipher": {"function": "aes-128-ctr", "params": {"iv": "bbdbc945c422c9a9410e6b2b56af3ab3"}, "message": "e2b7d1060eeb436b2077f917c8ba4bf962ff4498e1ed4a79fdb1bacc2e90db22"}}, "description": "", "pubkey": "a7d90dbc650f95e737ed9380021bd9d204ef30a4688bdc9318ac188d6eb4f5d8e66154752682e7072e333ae611d33b87", "path": "m/12381/3600/17/0/0", "uuid": "adf43e62-e44d-4c5b-925f-74f24c73f2db", "version": 4}