{"crypto": {"kdf": {"function": "scrypt", "params": {"dklen": 32, "n": 262144, "r": 8, "p": 1, "salt": "5fee6ba6226bf0fb08da73e1b57c2f1a5ae3743e7d97009927e7a29baa47d0d0"}, "message": ""}, "checksum": {"function": "sha256", "params": {}, "message": "f6beff2b83b9411f283dfdf7c3a5f646cfff182782e0c9efdddd02be6169333e"}, "cipher": {"function": "aes-128-ctr", "params": {"iv": "f190c3bd96743201aec29dcc9726f96a"}, "message": "230471bf234a1e543ed7174124566ebf13ba93786084259bfa4f2920992ee0a9"}}, "description": "", "pubkey": "ac56aced615f2d8d9068a0bfb5f9634e79573a152c4cdea3a888e8619e914932567b1bca3a8943de72a1b8b8982e30fe", "path": "m/12381/3600/42/0/0", "uuid": "28590e47-ee98-41d5-986b-ce4730ee58a4", "version": 4}