{"crypto": {"kdf": {"function": "scrypt", "params": {"dklen": 32, "n": 262144, "r": 8, "p": 1, "salt": "5fee6ba6226bf0fb08da73e1b57c2f1a5ae3743e7d97009927e7a29baa47d0d0"}, "message": ""}, "checksum": {"function": "sha256", "params": {}, "message": "8dea165aa1d2efceb893171d8567b5f788dffb5d3f7e84364bbd4af4fd25d8ec"}, "cipher": {"function": "aes-128-ctr", "params": {"iv": "f190c3bd96743201aec29dcc9726f96a"}, "message": "4fa2b01452e3e7a7f88ef7d1bc58102c0ea6f336ec7d43d16e98da0d62162f7a"}}, "description": "", "pubkey": "8c7b7c685557c6eda0c341e1ac7c3466c8f577d77e07c6b6f3e3831380bcb0498fe730693f1025e36bacb70e5b151d87", "path": "m/12381/3600/21/0/0", "uuid": "0d56ca01-871c-468f-8f4c-56cc2b26ed94", "version": 4}