{"crypto": {"kdf": {"function": "scrypt", "params": {"dklen": 32, "n": 262144, "r": 8, "p": 1, "salt": "0a809298e7faa6b714fb3d49de5cad58fa3954de982c3ce6ca19523d084dee55"}, "message": ""}, "checksum": {"function": "sha256", "params": {}, "message": "b030a502bdd0af0d8d81ec97bf4dff9a8cc38b9b58d2183e57078014359d4786"}, "cipher": {"function": "aes-128-ctr", "params": {"iv": "532275c5866f7d6e26ce568b87b973b8"}, "message": "e77ba90b5c9d66f6cea56dddcae43415ffa64a629da44d26ea72a6976504d564"}}, "description": "", "pubkey": "94ed3c4c15d23ce732756b6f0700cac49c34cdddbfd87b5feb728fdff1be9f29b52fe6a14f419c0ecd314b23b16a6df0", "path": "m/12381/3600/34/0/0", "uuid": "4e5a234b-a393-4d21-a13c-f795b69ec7d7", "version": 4}