{"crypto": {"kdf": {"function": "scrypt", "params": {"dklen": 32, "n": 262144, "r": 8, "p": 1, "salt": "0a809298e7faa6b714fb3d49de5cad58fa3954de982c3ce6ca19523d084dee55"}, "message": ""}, "checksum": {"function": "sha256", "params": {}, "message": "fcb41f44042a078a304b1351e06ece559d15364ad098e403af9589f092def1ad"}, "cipher": {"function": "aes-128-ctr", "params": {"iv": "532275c5866f7d6e26ce568b87b973b8"}, "message": "bf57c5a3f30a987ca1075abf2a9619cf0ddb96f9d418b1863b43459417875f79"}}, "description": "", "pubkey": "aa9f9db39a07851b459ada6ab71a1fc121f58f9bce7ea672070cb0af4856ad2530b982242a8c9097eca6d8eb8eca1cfb", "path": "m/12381/3600/31/0/0", "uuid": "70c31e26-b2fe-4aad-a2ba-8d45ded13f9a", "version": 4}