{"crypto": {"kdf": {"function": "scrypt", "params": {"dklen": 32, "n": 262144, "r": 8, "p": 1, "salt": "3489e120f511fb73d81bb4b52bd069ec19086ab1e9fb8017f581188c759fec18"}, "message": ""}, "checksum": {"function": "sha256", "params": {}, "message": "29f717f621d26f9898a1c2e1ab6e32be40e9b8b06115c9ff5baad947bce1afaf"}, "cipher": {"function": "aes-128-ctr", "params": {"iv": "bbdbc945c422c9a9410e6b2b56af3ab3"}, "message": "a185dfbb92c11a1da4077ebe4082c61625fe39386238df96f2185f24dcde11f6"}}, "description": "", "pubkey": "aaa72da79142c4ca0c81eab178d6a7cc98858520292f7bf6c102bf4cd574d2e1385c222480f7fcf27c5397b6c8d6cb73", "path": "m/12381/3600/36/0/0", "uuid": "2fc79a02-b0dc-4a8e-91aa-c4f1c03765eb", "version": 4}