{"crypto": {"kdf": {"function": "scrypt", "params": {"dklen": 32, "n": 262144, "r": 8, "p": 1, "salt": "a1d66d7acc223afe579436497f4b92c0e261d60426db64d71bf7443856291530"}, "message": ""}, "checksum": {"function": "sha256", "params": {}, "message": "dfda1ef055f4e8d620e9fae3da84144f6a6d9b794114ce062ce92de7469179c5"}, "cipher": {"function": "aes-128-ctr", "params": {"iv": "8faeb5e16f296a472c9d38a1b74a2c32"}, "message": "e84766420ca1e3ef72841651955a4abfc530d650d5ab275fc2ea231bd5c55873"}}, "description": "", "pubkey": "b9e8f6d06272710e5dd70fe48ed0b6fa34fd9de8014fdf4fce678001ae758cf00b6d7f5fd8a13396d31f21201aaf1c14", "path": "m/12381/3600/48/0/0", "uuid": "53bd6bee-1f06-446c-a6fe-ae330d9d3089", "version": 4}