{"crypto": {"kdf": {"function": "scrypt", "params": {"dklen": 32, "n": 262144, "r": 8, "p": 1, "salt": "5fee6ba6226bf0fb08da73e1b57c2f1a5ae3743e7d97009927e7a29baa47d0d0"}, "message": ""}, "checksum": {"function": "sha256", "params": {}, "message": "7401b66ddca3816d8634c62c46e4517e7d18c83389d4a2c76df5bdfaa22af8a4"}, "cipher": {"function": "aes-128-ctr", "params": {"iv": "f190c3bd96743201aec29dcc9726f96a"}, "message": "4f8818695dc3fbe50d47772b1ebe00f96a8769b9cb078407ec845d9e7c229b36"}}, "description": "", "pubkey": "99355830c5fad9dd23eb01b397903b8394fe353b19872792c6ee47cb4edbc0dae97290c0d04e14c9465e2bccbd605fa6", "path": "m/12381/3600/30/0/0", "uuid": "17f9716d-23fe-4bcf-8e47-b4c6fae1f1e8", "version": 4}