{"crypto": {"kdf": {"function": "scrypt", "params": {"dklen": 32, "n": 262144, "r": 8, "p": 1, "salt": "5fee6ba6226bf0fb08da73e1b57c2f1a5ae3743e7d97009927e7a29baa47d0d0"}, "message": ""}, "checksum": {"function": "sha256", "params": {}, "message": "c4e2716c487f13c10d777425c40aedb0d4c21ca9b87ce38d49bcf11d966c1a4b"}, "cipher": {"function": "aes-128-ctr", "params": {"iv": "f190c3bd96743201aec29dcc9726f96a"}, "message": "72759cfc8f3a96c697eb7b74b27db417b053bfd59e0a77d37f5c54f0d4f8e31b"}}, "description": "", "pubkey": "8735cc1bafa233f77c0aca39e6cd0bb598176890895e6f96c9880f4af64357fbfc697235cd8b3ab18646e7a5a4372dff", "path": "m/12381/3600/32/0/0", "uuid": "14e26f43-e14f-43ce-b42e-bcb742ed5918", "version": 4}