{"crypto": {"kdf": {"function": "scrypt", "params": {"dklen": 32, "n": 262144, "r": 8, "p": 1, "salt": "a1d66d7acc223afe579436497f4b92c0e261d60426db64d71bf7443856291530"}, "message": ""}, "checksum": {"function": "sha256", "params": {}, "message": "44aa97e0b1ae99bebd0eb9e9ca78dc8a8330bd994027afd675adaea0ee3e667a"}, "cipher": {"function": "aes-128-ctr", "params": {"iv": "8faeb5e16f296a472c9d38a1b74a2c32"}, "message": "dc4a41720e89a6c057e52816a21f2ce8ecf35a4ecd09d3419ce9d893f3c3c240"}}, "description": "", "pubkey": "b8c9a1dc8afb2f2b6b74ebbfd218bea362a0d1b63d5e4d65a8417aaab865b03a9ef8e78493fdee01dbe32eb29cc3d4bf", "path": "m/12381/3600/1/0/0", "uuid": "6bd71dfd-feab-4be5-b7e0-38883990ded6", "version": 4}