{"crypto": {"kdf": {"function": "scrypt", "params": {"dklen": 32, "n": 262144, "r": 8, "p": 1, "salt": "0a809298e7faa6b714fb3d49de5cad58fa3954de982c3ce6ca19523d084dee55"}, "message": ""}, "checksum": {"function": "sha256", "params": {}, "message": "862f7ec909ca1dc998913e9f8ebe1a12e37ddc1a34dcbb4e79e7c78281a0ee48"}, "cipher": {"function": "aes-128-ctr", "params": {"iv": "532275c5866f7d6e26ce568b87b973b8"}, "message": "edc72d84874e8c816e15a7feccdd10f10e5d8569b67d7e573b98ddc3eff4f94d"}}, "description": "", "pubkey": "8735cc1bafa233f77c0aca39e6cd0bb598176890895e6f96c9880f4af64357fbfc697235cd8b3ab18646e7a5a4372dff", "path": "m/12381/3600/32/0/0", "uuid": "39cbb5ab-1b10-4846-9a6a-3664b4baa00f", "version": 4}