{"crypto": {"kdf": {"function": "scrypt", "params": {"dklen": 32, "n": 262144, "r": 8, "p": 1, "salt": "5fee6ba6226bf0fb08da73e1b57c2f1a5ae3743e7d97009927e7a29baa47d0d0"}, "message": ""}, "checksum": {"function": "sha256", "params": {}, "message": "4f07f1c663641bf6dc006314fa916eadea7c7a71c46e2540d2774463d925f012"}, "cipher": {"function": "aes-128-ctr", "params": {"iv": "f190c3bd96743201aec29dcc9726f96a"}, "message": "52823c9ff5fe46a27baf79a6c2bd9f22d1236e7fc1fb69646bd8c7cc0f032908"}}, "description": "", "pubkey": "8e7ebb0d21a59d2197c0d42fecb115fade630873995db96830174efbc5f2ab26fa6d1e5d2725738e2870c311e852e89d", "path": "m/12381/3600/0/0/0", "uuid": "56ee0204-abf5-476e-bcce-5a07487befad", "version": 4}