{"crypto": {"kdf": {"function": "scrypt", "params": {"dklen": 32, "n": 262144, "r": 8, "p": 1, "salt": "0a809298e7faa6b714fb3d49de5cad58fa3954de982c3ce6ca19523d084dee55"}, "message": ""}, "checksum": {"function": "sha256", "params": {}, "message": "2a1f76f8f0164e3d7ef0ec46d22220dcfc94f2268443d7fa42bdb828b2abab23"}, "cipher": {"function": "aes-128-ctr", "params": {"iv": "532275c5866f7d6e26ce568b87b973b8"}, "message": "984093d15bb0bc699387220ed4ab0af2b5cd9d74f7d855aab0dfffe1197c1e5d"}}, "description": "", "pubkey": "b9e8f6d06272710e5dd70fe48ed0b6fa34fd9de8014fdf4fce678001ae758cf00b6d7f5fd8a13396d31f21201aaf1c14", "path": "m/12381/3600/48/0/0", "uuid": "afacec72-dceb-4596-9aec-8b387f488f00", "version": 4}