{"crypto": {"kdf": {"function": "scrypt", "params": {"dklen": 32, "n": 262144, "r": 8, "p": 1, "salt": "5fee6ba6226bf0fb08da73e1b57c2f1a5ae3743e7d97009927e7a29baa47d0d0"}, "message": ""}, "checksum": {"function": "sha256", "params": {}, "message": "cee68e2e12f55376bebdf2caabc2aef489c8c68bf560319d7cf07a2ac81d2aba"}, "cipher": {"function": "aes-128-ctr", "params": {"iv": "f190c3bd96743201aec29dcc9726f96a"}, "message": "308a0011ae549899845614b2b76adc220c85cd9624313e8105e804239f35fcdc"}}, "description": "", "pubkey": "9863416c24dae807ac334c7bd49f0290a63b40bd75fb554699cf3761e8ad101b46512a9184b1ba914e75d0f9c6e9e954", "path": "m/12381/3600/2/0/0", "uuid": "b3ae5661-3f10-4f73-b60e-2bf93ab71f43", "version": 4}