{"crypto": {"kdf": {"function": "scrypt", "params": {"dklen": 32, "n": 262144, "r": 8, "p": 1, "salt": "3489e120f511fb73d81bb4b52bd069ec19086ab1e9fb8017f581188c759fec18"}, "message": ""}, "checksum": {"function": "sha256", "params": {}, "message": "c46c51eab7d023a78c46f049b53b955a41fe6f9d438f48554dcd9d7b023bc61d"}, "cipher": {"function": "aes-128-ctr", "params": {"iv": "bbdbc945c422c9a9410e6b2b56af3ab3"}, "message": "a161578a0dab0f96cb400517d010c5d402cb1244e48a3241635d961d71ff89f0"}}, "description": "", "pubkey": "86aefa7bc4eb3a8027bc4c10ec78ab36b48b7d7f541d9f5da295c979110dd8318a34bfcdd03dc1bce4ab8f78a0546b0c", "path": "m/12381/3600/46/0/0", "uuid": "da90543a-a8aa-4ab4-8a3e-0759f8501d10", "version": 4}