{"crypto": {"kdf": {"function": "scrypt", "params": {"dklen": 32, "n": 262144, "r": 8, "p": 1, "salt": "3489e120f511fb73d81bb4b52bd069ec19086ab1e9fb8017f581188c759fec18"}, "message": ""}, "checksum": {"function": "sha256", "params": {}, "message": "9cd6ed2790fa5beeab3eaffc81dfdbad2d39ced8f59cc1fd740d249939e02736"}, "cipher": {"function": "aes-128-ctr", "params": {"iv": "bbdbc945c422c9a9410e6b2b56af3ab3"}, "message": "f99e20cb4a38ef70f1e35529370d95097270d1021d8a8c59485cdbda3a207156"}}, "description": "", "pubkey": "8eacd00f25f6a1005664cacb87ed530eef7f4e45c62249a3b36096af99158e1628079029f08aea1fea76c1d626a3db13", "path": "m/12381/3600/19/0/0", "uuid": "5a17bd94-7169-495d-a526-25cec9136dfd", "version": 4}