{"crypto": {"kdf": {"function": "scrypt", "params": {"dklen": 32, "n": 262144, "r": 8, "p": 1, "salt": "0a809298e7faa6b714fb3d49de5cad58fa3954de982c3ce6ca19523d084dee55"}, "message": ""}, "checksum": {"function": "sha256", "params": {}, "message": "e4ea87ebaf814a99b61397f6410d7d9e81ef16b96953670b0453b0ae290954f1"}, "cipher": {"function": "aes-128-ctr", "params": {"iv": "532275c5866f7d6e26ce568b87b973b8"}, "message": "d31216e483aa770b4dd60e88aa5132fafbdc61c8cab04bc66a86fc8810356ae6"}}, "description": "", "pubkey": "b1c870177ab24fe3ba89daff46a232bf46c91392ddfa5323c1de042fc5dd11ed7ee16d6744ec2025a9df6042d1f31da8", "path": "m/12381/3600/3/0/0", "uuid": "5b50e60d-8499-46e1-8a78-0f8f36cde7a0", "version": 4}