{"crypto": {"kdf": {"function": "scrypt", "params": {"dklen": 32, "n": 262144, "r": 8, "p": 1, "salt": "0a809298e7faa6b714fb3d49de5cad58fa3954de982c3ce6ca19523d084dee55"}, "message": ""}, "checksum": {"function": "sha256", "params": {}, "message": "29b8161fc852468033c50e5096c16fc6d9481905d30b65379be8080d9e8be05c"}, "cipher": {"function": "aes-128-ctr", "params": {"iv": "532275c5866f7d6e26ce568b87b973b8"}, "message": "bd50c5bc3ce7f532c5b79aa97c686b4df3f158ae5d9a2203150d662ebdab6a45"}}, "description": "", "pubkey": "88e69ec3fae4a83d960fbe6cd8800b819f67c65dd95c2b5d603dbc3a9ef2e52cb4e0dfd95cb07ff76ca7657a28775eba", "path": "m/12381/3600/14/0/0", "uuid": "c86fdf9d-699e-408d-a971-519e97a94d6b", "version": 4}