{"crypto": {"kdf": {"function": "scrypt", "params": {"dklen": 32, "n": 262144, "r": 8, "p": 1, "salt": "3489e120f511fb73d81bb4b52bd069ec19086ab1e9fb8017f581188c759fec18"}, "message": ""}, "checksum": {"function": "sha256", "params": {}, "message": "1cdb17b00349616e08b52d7a199c00d3db665e68767f409e83bf537b90d8954c"}, "cipher": {"function": "aes-128-ctr", "params": {"iv": "bbdbc945c422c9a9410e6b2b56af3ab3"}, "message": "dcd2137c2beccd9f1046ae65aab55ab1e1d42cca5cb62360b5bae6c0116798d4"}}, "description": "", "pubkey": "b3d3becd370ff5f346c7f9b3122a77d5b020ac46c271678df31dbb491a0e1ec4074a052a88e9e0b0ae3cb64ef18e1945", "path": "m/12381/3600/40/0/0", "uuid": "2e86a5b7-8fca-4289-94b2-f1992e8ed7c9", "version": 4}