{"crypto": {"kdf": {"function": "scrypt", "params": {"dklen": 32, "n": 262144, "r": 8, "p": 1, "salt": "a1d66d7acc223afe579436497f4b92c0e261d60426db64d71bf7443856291530"}, "message": ""}, "checksum": {"function": "sha256", "params": {}, "message": "f8e67cc8d3bed2cfd0c0ecfdbc4cb7988e45838909254926b09c0c1d75ff765d"}, "cipher": {"function": "aes-128-ctr", "params": {"iv": "8faeb5e16f296a472c9d38a1b74a2c32"}, "message": "a315e377d4bb288dacd53ad7eba072b78b212aece8c3393318b32072dc8c2cc8"}}, "description": "", "pubkey": "b1c870177ab24fe3ba89daff46a232bf46c91392ddfa5323c1de042fc5dd11ed7ee16d6744ec2025a9df6042d1f31da8", "path": "m/12381/3600/3/0/0", "uuid": "294e1582-1c56-40cd-8911-978864d0b997", "version": 4}