{"crypto": {"kdf": {"function": "scrypt", "params": {"dklen": 32, "n": 262144, "r": 8, "p": 1, "salt": "0a809298e7faa6b714fb3d49de5cad58fa3954de982c3ce6ca19523d084dee55"}, "message": ""}, "checksum": {"function": "sha256", "params": {}, "message": "afcaff99339298e76b6dc160b996ba6c51b710ea0c89a1e13832817cd0b7fcd6"}, "cipher": {"function": "aes-128-ctr", "params": {"iv": "532275c5866f7d6e26ce568b87b973b8"}, "message": "c8ccaf0e880b953ec9a94caa9082b3086e7f3030113b3e233c6ce3ec1a905e0d"}}, "description": "", "pubkey": "9530dc5dd3370c0434ca02737a4f26612edbad7c9d83bf46ef15872429e32f7f789d15bbe7bd993f44540be0f9a99063", "path": "m/12381/3600/35/0/0", "uuid": "4d6e9970-769b-4f35-a3fa-604a8c2e73dd", "version": 4}