{"crypto": {"kdf": {"function": "scrypt", "params": {"dklen": 32, "n": 262144, "r": 8, "p": 1, "salt": "0a809298e7faa6b714fb3d49de5cad58fa3954de982c3ce6ca19523d084dee55"}, "message": ""}, "checksum": {"function": "sha256", "params": {}, "message": "9c7915890aba655a027af4bfa2674fca1b02515124671eddbaa7d95ae6a75d0b"}, "cipher": {"function": "aes-128-ctr", "params": {"iv": "532275c5866f7d6e26ce568b87b973b8"}, "message": "b0f14e3fdce66c6c6eb20f5503c1ed61716cc16894bbd8d9d731cc49983f62e4"}}, "description": "", "pubkey": "883af9f9889b2638800540ab05476fe5ebdaa2f7fac215897d488bfeff4a3b384a1fda9e1313069d0f410b2288a2ab46", "path": "m/12381/3600/27/0/0", "uuid": "fdada13d-90d6-4471-8a66-cf7da34192a1", "version": 4}