{"crypto": {"kdf": {"function": "scrypt", "params": {"dklen": 32, "n": 262144, "r": 8, "p": 1, "salt": "5fee6ba6226bf0fb08da73e1b57c2f1a5ae3743e7d97009927e7a29baa47d0d0"}, "message": ""}, "checksum": {"function": "sha256", "params": {}, "message": "be4c0a09995f1d400af15fab6c6c4d3d31a4aa2cfc7b6bdaf251e7c62c7a1fad"}, "cipher": {"function": "aes-128-ctr", "params": {"iv": "f190c3bd96743201aec29dcc9726f96a"}, "message": "4c84d7c8b53da245dc313f6c3fa41c70ef344dab675f82133b514c882bb8e733"}}, "description": "", "pubkey": "880700da5537df7609082bdb2c2baaf22234398dbeaec105c6943110f99d94b848e67915b825990c981f72b45f74dbae", "path": "m/12381/3600/26/0/0", "uuid": "73454cce-e0cd-4437-bbdf-acaf185c451d", "version": 4}