{"crypto": {"kdf": {"function": "scrypt", "params": {"dklen": 32, "n": 262144, "r": 8, "p": 1, "salt": "5fee6ba6226bf0fb08da73e1b57c2f1a5ae3743e7d97009927e7a29baa47d0d0"}, "message": ""}, "checksum": {"function": "sha256", "params": {}, "message": "01b34bf7ced5942754576dadf78b3212f1cc3235e8d5d16c76bc1c2919c86124"}, "cipher": {"function": "aes-128-ctr", "params": {"iv": "f190c3bd96743201aec29dcc9726f96a"}, "message": "3d8f085ecefb53c15d1f2219d4c454ddb4a69e73bde2fc57fb7b11dca2ffd4e1"}}, "description": "", "pubkey": "a7d90dbc650f95e737ed9380021bd9d204ef30a4688bdc9318ac188d6eb4f5d8e66154752682e7072e333ae611d33b87", "path": "m/12381/3600/17/0/0", "uuid": "a3ad8506-bf72-4d88-90ac-1cb24716b773", "version": 4}