{"crypto": {"kdf": {"function": "scrypt", "params": {"dklen": 32, "n": 262144, "r": 8, "p": 1, "salt": "5fee6ba6226bf0fb08da73e1b57c2f1a5ae3743e7d97009927e7a29baa47d0d0"}, "message": ""}, "checksum": {"function": "sha256", "params": {}, "message": "fbaf56cbd4a80473ba209cb604f4b61b7cf9df0cc4c33a4e1f8592c082aa5ec7"}, "cipher": {"function": "aes-128-ctr", "params": {"iv": "f190c3bd96743201aec29dcc9726f96a"}, "message": "074fcc1912d8a4fb036b64099bc90bdaf29e7f990a857061e9bca8372e434ba1"}}, "description": "", "pubkey": "818620dc30de0712b87c017cf5253d3a235e1e8ab17da07b607e44ae5339f477c9b8175903f671698f13fcb57c180f38", "path": "m/12381/3600/41/0/0", "uuid": "3edeb351-573c-4683-8602-d32ffc27fbca", "version": 4}