{"crypto": {"kdf": {"function": "scrypt", "params": {"dklen": 32, "n": 262144, "r": 8, "p": 1, "salt": "3489e120f511fb73d81bb4b52bd069ec19086ab1e9fb8017f581188c759fec18"}, "message": ""}, "checksum": {"function": "sha256", "params": {}, "message": "1e39f3875bcf46c9c7321259e63396a19c3e03ffe1644ae0ede788f8f93275a1"}, "cipher": {"function": "aes-128-ctr", "params": {"iv": "bbdbc945c422c9a9410e6b2b56af3ab3"}, "message": "fddaad9cf483ffdf41219d2d1eb6d08f9ba6b8f929e29da95703440d0ac87fd0"}}, "description": "", "pubkey": "88e69ec3fae4a83d960fbe6cd8800b819f67c65dd95c2b5d603dbc3a9ef2e52cb4e0dfd95cb07ff76ca7657a28775eba", "path": "m/12381/3600/14/0/0", "uuid": "99915e4a-bc9c-47ce-9cc3-acfe6b3c8af7", "version": 4}