{"crypto": {"kdf": {"function": "scrypt", "params": {"dklen": 32, "n": 262144, "r": 8, "p": 1, "salt": "a1d66d7acc223afe579436497f4b92c0e261d60426db64d71bf7443856291530"}, "message": ""}, "checksum": {"function": "sha256", "params": {}, "message": "f69a6b0b93ca42d6e609a65622e086642eaf3278e5a7b8bc94539b737c73d629"}, "cipher": {"function": "aes-128-ctr", "params": {"iv": "8faeb5e16f296a472c9d38a1b74a2c32"}, "message": "a86f9ab3a810ba7b21f1137a215fcccbfcde99408ddb633db9074e36c22340be"}}, "description": "", "pubkey": "8a4be7b27b916a9d2d245b9fbba1340fd60afe95d7c9cb30b4cc20f9fd1f4c42ae2b13d33363e9b414966c1772591fd4", "path": "m/12381/3600/15/0/0", "uuid": "818f3b38-edd9-4ee3-a28b-4c868de51fc8", "version": 4}