{"crypto": {"kdf": {"function": "scrypt", "params": {"dklen": 32, "n": 262144, "r": 8, "p": 1, "salt": "5fee6ba6226bf0fb08da73e1b57c2f1a5ae3743e7d97009927e7a29baa47d0d0"}, "message": ""}, "checksum": {"function": "sha256", "params": {}, "message": "eae9803d9d05e35d05ec4175271f5993d61399a2e3dddec5d1f61e1878a13ace"}, "cipher": {"function": "aes-128-ctr", "params": {"iv": "f190c3bd96743201aec29dcc9726f96a"}, "message": "2f43ff47d492762b974cd3df7d614987cf62fbd4bcccd15d93f5457aa33378b2"}}, "description": "", "pubkey": "883af9f9889b2638800540ab05476fe5ebdaa2f7fac215897d488bfeff4a3b384a1fda9e1313069d0f410b2288a2ab46", "path": "m/12381/3600/27/0/0", "uuid": "ba5584fe-5f50-4e7f-ad2b-6f448d1c6fb8", "version": 4}