{"crypto": {"kdf": {"function": "scrypt", "params": {"dklen": 32, "n": 262144, "r": 8, "p": 1, "salt": "413384c0532d17ac0d4c7b1084c9e656f249a50562f7380456bd9102b3d37a01"}, "message": ""}, "checksum": {"function": "sha256", "params": {}, "message": "f6f2436f2d6f40b2d0c11127a46c2c9dc14bdeac5e3f489a6917d719e9580b83"}, "cipher": {"function": "aes-128-ctr", "params": {"iv": "6b2033011e9501aa4ac291a2f3d9fed4"}, "message": "55b42e2bd4a1036e80cb36c08cec26e4d7071c62a0b3893628526da85d90ebf1"}}, "description": "", "pubkey": "b8c9a1dc8afb2f2b6b74ebbfd218bea362a0d1b63d5e4d65a8417aaab865b03a9ef8e78493fdee01dbe32eb29cc3d4bf", "path": "m/12381/3600/1/0/0", "uuid": "7c47f7b9-f8df-46ac-b04b-87f1d5ee58c0", "version": 4}