{"crypto": {"kdf": {"function": "scrypt", "params": {"dklen": 32, "n": 262144, "r": 8, "p": 1, "salt": "5fee6ba6226bf0fb08da73e1b57c2f1a5ae3743e7d97009927e7a29baa47d0d0"}, "message": ""}, "checksum": {"function": "sha256", "params": {}, "message": "cc6bb8c398c451b78425a71d497de8466e192fa1a87c670affb117eb4ccdebbf"}, "cipher": {"function": "aes-128-ctr", "params": {"iv": "f190c3bd96743201aec29dcc9726f96a"}, "message": "26a6f9938a28ffda8c8b8e272b738a2da4290be941853a774e9670cab64f7e95"}}, "description": "", "pubkey": "8eacd00f25f6a1005664cacb87ed530eef7f4e45c62249a3b36096af99158e1628079029f08aea1fea76c1d626a3db13", "path": "m/12381/3600/19/0/0", "uuid": "4f6e8ce0-31b6-4e22-b128-473bbfe1057c", "version": 4}