{"crypto": {"kdf": {"function": "scrypt", "params": {"dklen": 32, "n": 262144, "r": 8, "p": 1, "salt": "a1d66d7acc223afe579436497f4b92c0e261d60426db64d71bf7443856291530"}, "message": ""}, "checksum": {"function": "sha256", "params": {}, "message": "ac9425d06de6d7f109e4e927a0c1d11f16cff77086ded9f1fbdd14a9407ba8c7"}, "cipher": {"function": "aes-128-ctr", "params": {"iv": "8faeb5e16f296a472c9d38a1b74a2c32"}, "message": "8f866446e8aeb56cb197b150fc98740add2eea2ae04e37a850c0443c7931844f"}}, "description": "", "pubkey": "b7ddfcee9b43ecf29647bf8f41c18edc88a43d955a674438b484e5dd44d59386b27bc643b03ab2b3bf5f8bdcc0b2c423", "path": "m/12381/3600/12/0/0", "uuid": "02c34bbd-8947-4f24-a81d-2e08a7fd412c", "version": 4}