{"crypto": {"kdf": {"function": "scrypt", "params": {"dklen": 32, "n": 262144, "r": 8, "p": 1, "salt": "5fee6ba6226bf0fb08da73e1b57c2f1a5ae3743e7d97009927e7a29baa47d0d0"}, "message": ""}, "checksum": {"function": "sha256", "params": {}, "message": "ffb3383eeeaa423c4fab191550e4deb9156052bc4b371530639f2f6eab7a2b9d"}, "cipher": {"function": "aes-128-ctr", "params": {"iv": "f190c3bd96743201aec29dcc9726f96a"}, "message": "56a549f2f2feb3c2c65169e8565d918fa0a5f1d308e6e0738db58b02a81caec8"}}, "description": "", "pubkey": "964227d4faef5e9a83f667b4e41cd010e005f7b9abf0d2f00e6806abe3644c80b2e040d1c0937abcb8aa90eff9fc6fd4", "path": "m/12381/3600/44/0/0", "uuid": "79404665-2728-42ac-9784-7abb16802ce3", "version": 4}