{"crypto": {"kdf": {"function": "scrypt", "params": {"dklen": 32, "n": 262144, "r": 8, "p": 1, "salt": "5fee6ba6226bf0fb08da73e1b57c2f1a5ae3743e7d97009927e7a29baa47d0d0"}, "message": ""}, "checksum": {"function": "sha256", "params": {}, "message": "17d9c6fd22e6120c9212bb2bbc1dc2d276e164627eb88669b3390b98c0572ec8"}, "cipher": {"function": "aes-128-ctr", "params": {"iv": "f190c3bd96743201aec29dcc9726f96a"}, "message": "0e6ad8f84ecec9c1ef8ff17f5c4f60a743b01187ee877cdf50457b585fade4ff"}}, "description": "", "pubkey": "a4801cfaec921476a46d1e7aa5634de26f91cc88b23421f973780b7015828c899a59c00d695fe65da9777ccfc33bc9ce", "path": "m/12381/3600/38/0/0", "uuid": "8d83e441-e398-49e7-9804-a9ed381f019e", "version": 4}