{"crypto": {"kdf": {"function": "scrypt", "params": {"dklen": 32, "n": 262144, "r": 8, "p": 1, "salt": "0a809298e7faa6b714fb3d49de5cad58fa3954de982c3ce6ca19523d084dee55"}, "message": ""}, "checksum": {"function": "sha256", "params": {}, "message": "e9095f0d2ce0e5cd17c7275d1817f366369880d1a163dc972ca949c8e8c8cd08"}, "cipher": {"function": "aes-128-ctr", "params": {"iv": "532275c5866f7d6e26ce568b87b973b8"}, "message": "ff8191d5bfbfeaea5094850fbd693447add3a10ec23d455d22f598c6b588c261"}}, "description": "", "pubkey": "b7ddfcee9b43ecf29647bf8f41c18edc88a43d955a674438b484e5dd44d59386b27bc643b03ab2b3bf5f8bdcc0b2c423", "path": "m/12381/3600/12/0/0", "uuid": "973ab6d5-631a-4977-adde-a2fca2619ff7", "version": 4}