{"crypto": {"kdf": {"function": "scrypt", "params": {"dklen": 32, "n": 262144, "r": 8, "p": 1, "salt": "0a809298e7faa6b714fb3d49de5cad58fa3954de982c3ce6ca19523d084dee55"}, "message": ""}, "checksum": {"function": "sha256", "params": {}, "message": "838feb43b0d6c34f0da760469b3a98ce9e82153c37abd7ec7fcc4c7229adb82d"}, "cipher": {"function": "aes-128-ctr", "params": {"iv": "532275c5866f7d6e26ce568b87b973b8"}, "message": "d010016c5a97fde001702b5bc2f8b4cab0a8c98ac40a4a552a5c533e591a352c"}}, "description": "", "pubkey": "8c7b7c685557c6eda0c341e1ac7c3466c8f577d77e07c6b6f3e3831380bcb0498fe730693f1025e36bacb70e5b151d87", "path": "m/12381/3600/21/0/0", "uuid": "6abc1e76-7fb0-49c7-bf9b-29a9f563efc4", "version": 4}