{"crypto": {"kdf": {"function": "scrypt", "params": {"dklen": 32, "n": 262144, "r": 8, "p": 1, "salt": "0a809298e7faa6b714fb3d49de5cad58fa3954de982c3ce6ca19523d084dee55"}, "message": ""}, "checksum": {"function": "sha256", "params": {}, "message": "780087fc048cfcee82c81c1342a9a36b9d84e198badbaa920fca82557fdda05e"}, "cipher": {"function": "aes-128-ctr", "params": {"iv": "532275c5866f7d6e26ce568b87b973b8"}, "message": "ec16fde1a59d43b539cccdc75c6741d8f21cbcd9ceedae8bec647b7df5705fa7"}}, "description": "", "pubkey": "97cbbe92bf31b3e650349af3ce76f338cd4ea741d46621952a67bdba1b2f6db3e29e04b4d4ba6bd551674b99c6a700a5", "path": "m/12381/3600/6/0/0", "uuid": "3d4c9cb9-b870-42bf-a6f8-e36304a21dab", "version": 4}