{"crypto": {"kdf": {"function": "scrypt", "params": {"dklen": 32, "n": 262144, "r": 8, "p": 1, "salt": "5fee6ba6226bf0fb08da73e1b57c2f1a5ae3743e7d97009927e7a29baa47d0d0"}, "message": ""}, "checksum": {"function": "sha256", "params": {}, "message": "e1fe01b8739ef95a9e0a9f3a37cb9a540fe1b57ea10fb96aa5266a78c5111e69"}, "cipher": {"function": "aes-128-ctr", "params": {"iv": "f190c3bd96743201aec29dcc9726f96a"}, "message": "73a44c99ade959f2c032114d22c7e53e4c128665e69aa70fa8a0f24ece7c45f1"}}, "description": "", "pubkey": "97cbbe92bf31b3e650349af3ce76f338cd4ea741d46621952a67bdba1b2f6db3e29e04b4d4ba6bd551674b99c6a700a5", "path": "m/12381/3600/6/0/0", "uuid": "b876e513-4c65-472b-bfc9-21830dc82b15", "version": 4}