{"crypto": {"kdf": {"function": "scrypt", "params": {"dklen": 32, "n": 262144, "r": 8, "p": 1, "salt": "3489e120f511fb73d81bb4b52bd069ec19086ab1e9fb8017f581188c759fec18"}, "message": ""}, "checksum": {"function": "sha256", "params": {}, "message": "a480cad0dc9b9fcb1569e8af4393439c3c6128641d8f071327d5c94e23e207d4"}, "cipher": {"function": "aes-128-ctr", "params": {"iv": "bbdbc945c422c9a9410e6b2b56af3ab3"}, "message": "bf0bf9f577dbe007d402828bdfb78f85c5844159b645faf760fbbae502ebd7f4"}}, "description": "", "pubkey": "b7ddfcee9b43ecf29647bf8f41c18edc88a43d955a674438b484e5dd44d59386b27bc643b03ab2b3bf5f8bdcc0b2c423", "path": "m/12381/3600/12/0/0", "uuid": "df29ce62-0b9e-45ce-ad65-6212d8828a19", "version": 4}