{"crypto": {"kdf": {"function": "scrypt", "params": {"dklen": 32, "n": 262144, "r": 8, "p": 1, "salt": "3489e120f511fb73d81bb4b52bd069ec19086ab1e9fb8017f581188c759fec18"}, "message": ""}, "checksum": {"function": "sha256", "params": {}, "message": "53ab324b25eea1f40ccecc39f50bc39565045fa3384edbcbe7a988cfd8cee5df"}, "cipher": {"function": "aes-128-ctr", "params": {"iv": "bbdbc945c422c9a9410e6b2b56af3ab3"}, "message": "fc3ca8e7e35a0efe43bfcc4f3828719bc5e349933c8b93b5fc8582301541ef6a"}}, "description": "", "pubkey": "ac56aced615f2d8d9068a0bfb5f9634e79573a152c4cdea3a888e8619e914932567b1bca3a8943de72a1b8b8982e30fe", "path": "m/12381/3600/42/0/0", "uuid": "9df1050a-b255-4e74-b071-b237d475a848", "version": 4}