{"crypto": {"kdf": {"function": "scrypt", "params": {"dklen": 32, "n": 262144, "r": 8, "p": 1, "salt": "0a809298e7faa6b714fb3d49de5cad58fa3954de982c3ce6ca19523d084dee55"}, "message": ""}, "checksum": {"function": "sha256", "params": {}, "message": "71693c13dbe6b160f50af86dacda90ed8b0ffebcef50c11f0ba55159cf6c1466"}, "cipher": {"function": "aes-128-ctr", "params": {"iv": "532275c5866f7d6e26ce568b87b973b8"}, "message": "e10fb79b5aa510f02091793a225c7dd44da9d96f1640603cb0167d076bbd0463"}}, "description": "", "pubkey": "aaa72da79142c4ca0c81eab178d6a7cc98858520292f7bf6c102bf4cd574d2e1385c222480f7fcf27c5397b6c8d6cb73", "path": "m/12381/3600/36/0/0", "uuid": "7d31224e-4f08-425e-88b0-161fdf561dde", "version": 4}