{"crypto": {"kdf": {"function": "scrypt", "params": {"dklen": 32, "n": 262144, "r": 8, "p": 1, "salt": "413384c0532d17ac0d4c7b1084c9e656f249a50562f7380456bd9102b3d37a01"}, "message": ""}, "checksum": {"function": "sha256", "params": {}, "message": "8ce6592ea93ba798a6b07b8678daa9ed0da2cb8f6974f8132b7c6ac14ee82774"}, "cipher": {"function": "aes-128-ctr", "params": {"iv": "6b2033011e9501aa4ac291a2f3d9fed4"}, "message": "29e99ba6d7ae07c8375d01d2adfafe8bfba1c4828bc362d7ecd23aff3bf05ab3"}}, "description": "", "pubkey": "8c7b7c685557c6eda0c341e1ac7c3466c8f577d77e07c6b6f3e3831380bcb0498fe730693f1025e36bacb70e5b151d87", "path": "m/12381/3600/21/0/0", "uuid": "4e8ac984-11de-4d23-845c-1bcfa18d3f1b", "version": 4}