{"crypto": {"kdf": {"function": "scrypt", "params": {"dklen": 32, "n": 262144, "r": 8, "p": 1, "salt": "3489e120f511fb73d81bb4b52bd069ec19086ab1e9fb8017f581188c759fec18"}, "message": ""}, "checksum": {"function": "sha256", "params": {}, "message": "9447781881dd714e694e606ecec5a0d141b7ab6b6f5da89e29e821e50c75f49c"}, "cipher": {"function": "aes-128-ctr", "params": {"iv": "bbdbc945c422c9a9410e6b2b56af3ab3"}, "message": "80c00ab90aa0e0b3ea7ff78fee1df15e4d9c88eda1ef1a878e51e66121cd9d6b"}}, "description": "", "pubkey": "b420c567080a142d1a0f4d25bcfec6f448e2c760773f6c2cbbce091b4024c29b05c5000e2f6b0fbdaf1c3b6f9e3768a9", "path": "m/12381/3600/4/0/0", "uuid": "c3b26ffd-868a-4664-a1c3-4de8295680d5", "version": 4}