{"crypto": {"kdf": {"function": "scrypt", "params": {"dklen": 32, "n": 262144, "r": 8, "p": 1, "salt": "5fee6ba6226bf0fb08da73e1b57c2f1a5ae3743e7d97009927e7a29baa47d0d0"}, "message": ""}, "checksum": {"function": "sha256", "params": {}, "message": "b16676bfb093da3b09b95c27cb315dd15c3180c8064d3b624b5f49d2b091b937"}, "cipher": {"function": "aes-128-ctr", "params": {"iv": "f190c3bd96743201aec29dcc9726f96a"}, "message": "28d943b7ca07ae16e5fa99f823d4ebccecdbbf04ac6dee674fbec5d97a520b38"}}, "description": "", "pubkey": "94f9f5c1adfc092199dd7933066059218b48b9e88cd6c0d5cb003c08df006b848c9032a4341e5b039967f0aac704e34f", "path": "m/12381/3600/11/0/0", "uuid": "59c8759a-6d92-4921-8dcb-6aab41895ccb", "version": 4}