{"crypto": {"kdf": {"function": "scrypt", "params": {"dklen": 32, "n": 262144, "r": 8, "p": 1, "salt": "3489e120f511fb73d81bb4b52bd069ec19086ab1e9fb8017f581188c759fec18"}, "message": ""}, "checksum": {"function": "sha256", "params": {}, "message": "c9b998d3e79e886bdfacfbcb9625b57aa35db4c04e6346d4a5d4a4937f5dca3b"}, "cipher": {"function": "aes-128-ctr", "params": {"iv": "bbdbc945c422c9a9410e6b2b56af3ab3"}, "message": "909a694c92f3f70d85e62cdfa0260f08d8ff29ddb072f5ff6852711dee7920b9"}}, "description": "", "pubkey": "8c7b7c685557c6eda0c341e1ac7c3466c8f577d77e07c6b6f3e3831380bcb0498fe730693f1025e36bacb70e5b151d87", "path": "m/12381/3600/21/0/0", "uuid": "bcbdd184-1ccd-4cce-8a04-db71be75f874", "version": 4}