{"crypto": {"kdf": {"function": "scrypt", "params": {"dklen": 32, "n": 262144, "r": 8, "p": 1, "salt": "5fee6ba6226bf0fb08da73e1b57c2f1a5ae3743e7d97009927e7a29baa47d0d0"}, "message": ""}, "checksum": {"function": "sha256", "params": {}, "message": "90758a9c13bf2d9c163901b839e0d9475aca8a74ff21716ffc61c7be93a4108c"}, "cipher": {"function": "aes-128-ctr", "params": {"iv": "f190c3bd96743201aec29dcc9726f96a"}, "message": "0db2ddeb43cc3d8538596e2bdd7db24a358685fef553c0ad44d27ee4eb042280"}}, "description": "", "pubkey": "a7419c7dc824fe8c1a5a75b95539c30cbe681520b32a4974b666038aa4a60117d9428ec78cd5b3f0375958ffe911fa3a", "path": "m/12381/3600/25/0/0", "uuid": "aadcb701-7998-4dcb-b625-725cbd365fb4", "version": 4}