{"crypto": {"kdf": {"function": "scrypt", "params": {"dklen": 32, "n": 262144, "r": 8, "p": 1, "salt": "3489e120f511fb73d81bb4b52bd069ec19086ab1e9fb8017f581188c759fec18"}, "message": ""}, "checksum": {"function": "sha256", "params": {}, "message": "689d19e9cfaf184ea0189ea91abd1e03a547c5dc79764236c7f8077f5951e569"}, "cipher": {"function": "aes-128-ctr", "params": {"iv": "bbdbc945c422c9a9410e6b2b56af3ab3"}, "message": "8dbae5c735ee560806c7a2a8dec38006077ab4949df4df4a6d126cdc836c26cb"}}, "description": "", "pubkey": "8e7ebb0d21a59d2197c0d42fecb115fade630873995db96830174efbc5f2ab26fa6d1e5d2725738e2870c311e852e89d", "path": "m/12381/3600/0/0/0", "uuid": "dff45c26-cbc3-48a6-9852-e20525ed269f", "version": 4}