{"crypto": {"kdf": {"function": "scrypt", "params": {"dklen": 32, "n": 262144, "r": 8, "p": 1, "salt": "0a809298e7faa6b714fb3d49de5cad58fa3954de982c3ce6ca19523d084dee55"}, "message": ""}, "checksum": {"function": "sha256", "params": {}, "message": "c0a6e19f1ad57fe55717ebc0b7e1c96eea19b8bcca71af99d770af0c538c8d3a"}, "cipher": {"function": "aes-128-ctr", "params": {"iv": "532275c5866f7d6e26ce568b87b973b8"}, "message": "d8686f20ff01e5fdc0f2272560ae8c868c23d264afa811c8cb3292cc0e9a0690"}}, "description": "", "pubkey": "8a4be7b27b916a9d2d245b9fbba1340fd60afe95d7c9cb30b4cc20f9fd1f4c42ae2b13d33363e9b414966c1772591fd4", "path": "m/12381/3600/15/0/0", "uuid": "0714aa73-66e8-4674-8392-fe21b35a348d", "version": 4}