{"crypto": {"kdf": {"function": "scrypt", "params": {"dklen": 32, "n": 262144, "r": 8, "p": 1, "salt": "3489e120f511fb73d81bb4b52bd069ec19086ab1e9fb8017f581188c759fec18"}, "message": ""}, "checksum": {"function": "sha256", "params": {}, "message": "0d8ca0a8a269150e714a91bcf55b4a7d19c822ce57da4002a9233741c4de3afb"}, "cipher": {"function": "aes-128-ctr", "params": {"iv": "bbdbc945c422c9a9410e6b2b56af3ab3"}, "message": "90b0c1319dd3eb4f702fac2502c01fddbcdeb35297083229ea4ef68ef04d94f5"}}, "description": "", "pubkey": "99355830c5fad9dd23eb01b397903b8394fe353b19872792c6ee47cb4edbc0dae97290c0d04e14c9465e2bccbd605fa6", "path": "m/12381/3600/30/0/0", "uuid": "e8a5f9ea-b3c5-4dfe-ba99-834c96b629fe", "version": 4}