{"crypto": {"kdf": {"function": "scrypt", "params": {"dklen": 32, "n": 262144, "r": 8, "p": 1, "salt": "0a809298e7faa6b714fb3d49de5cad58fa3954de982c3ce6ca19523d084dee55"}, "message": ""}, "checksum": {"function": "sha256", "params": {}, "message": "e5ffa5e7a60ee240445b33da1bfd7165352982c73b52fe071cb85df5dbbcdcfd"}, "cipher": {"function": "aes-128-ctr", "params": {"iv": "532275c5866f7d6e26ce568b87b973b8"}, "message": "e9ca25fb3df3561846302a9c6332897c7d1dcc609328bdb795bcc521c72455ba"}}, "description": "", "pubkey": "a6ea3274da99f73f5dd22b477d598d547675d3a9890bb2b28be467555664a5127a4150b7da1ebb05abca1f6335fb3a58", "path": "m/12381/3600/5/0/0", "uuid": "0d89dd99-c4c8-4840-af8a-171ba0ce2c85", "version": 4}