{"crypto": {"kdf": {"function": "scrypt", "params": {"dklen": 32, "n": 262144, "r": 8, "p": 1, "salt": "3489e120f511fb73d81bb4b52bd069ec19086ab1e9fb8017f581188c759fec18"}, "message": ""}, "checksum": {"function": "sha256", "params": {}, "message": "3f754670ebcc51c8408f218a1ff66f3fee4c7ca77cf9c31386c43eca6fe0e3e1"}, "cipher": {"function": "aes-128-ctr", "params": {"iv": "bbdbc945c422c9a9410e6b2b56af3ab3"}, "message": "d8cafbf193d4b6841711258ab675b130dd9a7d2383a0ea00f2d1ddc2ae1f0bc8"}}, "description": "", "pubkey": "b9e8f6d06272710e5dd70fe48ed0b6fa34fd9de8014fdf4fce678001ae758cf00b6d7f5fd8a13396d31f21201aaf1c14", "path": "m/12381/3600/48/0/0", "uuid": "aebf78ab-424b-40e4-84a4-cf12bf146902", "version": 4}