{"crypto": {"kdf": {"function": "scrypt", "params": {"dklen": 32, "n": 262144, "r": 8, "p": 1, "salt": "0a809298e7faa6b714fb3d49de5cad58fa3954de982c3ce6ca19523d084dee55"}, "message": ""}, "checksum": {"function": "sha256", "params": {}, "message": "c0bdfd585379e3ea100d854d528fca312e13764ed078388e1572bea898a45e97"}, "cipher": {"function": "aes-128-ctr", "params": {"iv": "532275c5866f7d6e26ce568b87b973b8"}, "message": "c8c0f09c18247eafab5357e9ef0038fe5c803f3ccb8a145682b655051d5bf737"}}, "description": "", "pubkey": "93e2fa539aaa50a2b12b0ea7aa871476cc9a13e87bc6d016c0b6ac311313cf4202cf614de2ea995c009015ff593a7151", "path": "m/12381/3600/13/0/0", "uuid": "a36fc514-1bdd-4b83-8e4f-49b75de1ddfc", "version": 4}