{"crypto": {"kdf": {"function": "scrypt", "params": {"dklen": 32, "n": 262144, "r": 8, "p": 1, "salt": "5fee6ba6226bf0fb08da73e1b57c2f1a5ae3743e7d97009927e7a29baa47d0d0"}, "message": ""}, "checksum": {"function": "sha256", "params": {}, "message": "a2e5ff235e2e2712f4001d630b6c39e31591d40f8d9709998fd59139af35f173"}, "cipher": {"function": "aes-128-ctr", "params": {"iv": "f190c3bd96743201aec29dcc9726f96a"}, "message": "7ebd06e352d10ab7d96fa5b05cfcd932f3a7e3d33e3769b8f4d2f43450b11e35"}}, "description": "", "pubkey": "aaa72da79142c4ca0c81eab178d6a7cc98858520292f7bf6c102bf4cd574d2e1385c222480f7fcf27c5397b6c8d6cb73", "path": "m/12381/3600/36/0/0", "uuid": "f66d140d-bd3c-4d92-a8aa-68167fae9c1c", "version": 4}