{"crypto": {"kdf": {"function": "scrypt", "params": {"dklen": 32, "n": 262144, "r": 8, "p": 1, "salt": "5fee6ba6226bf0fb08da73e1b57c2f1a5ae3743e7d97009927e7a29baa47d0d0"}, "message": ""}, "checksum": {"function": "sha256", "params": {}, "message": "f5b3ead3d0088fec2a34280d554d0f3707c57dcfac26bca7a586e3764af6fbb1"}, "cipher": {"function": "aes-128-ctr", "params": {"iv": "f190c3bd96743201aec29dcc9726f96a"}, "message": "7778da7c22229e150ae3df66f6dc653a01040ea4ff8a21aa1df4e5d8ff30768a"}}, "description": "", "pubkey": "a4d556fb9ad8dda955749e2e01d8ad0918c156f289a83a9db6c6f2e8ee200637a8dfca4ad13d4972f0303b5710c6fa00", "path": "m/12381/3600/18/0/0", "uuid": "4cf544c8-72f3-40a0-92b2-133820e30f04", "version": 4}