{"crypto": {"kdf": {"function": "scrypt", "params": {"dklen": 32, "n": 262144, "r": 8, "p": 1, "salt": "5fee6ba6226bf0fb08da73e1b57c2f1a5ae3743e7d97009927e7a29baa47d0d0"}, "message": ""}, "checksum": {"function": "sha256", "params": {}, "message": "5305d354ff6267ddb74f64749b03c55be340ffcf7bc3fe79a8a7f8c8d93e20b5"}, "cipher": {"function": "aes-128-ctr", "params": {"iv": "f190c3bd96743201aec29dcc9726f96a"}, "message": "5d1aad51eb262b3697ad7e3844653badb0163b067c8060fa3c44270cdcf15061"}}, "description": "", "pubkey": "ac4911d02690526494a8c8f9da40a840c9d475cd5a35f63f347f5771c8908171adc9cfccb7f789682882cb3a75cb8ffb", "path": "m/12381/3600/24/0/0", "uuid": "565d1057-a750-4a32-9a5e-ad75b40abd43", "version": 4}