{"crypto": {"kdf": {"function": "scrypt", "params": {"dklen": 32, "n": 262144, "r": 8, "p": 1, "salt": "413384c0532d17ac0d4c7b1084c9e656f249a50562f7380456bd9102b3d37a01"}, "message": ""}, "checksum": {"function": "sha256", "params": {}, "message": "f67c3c4759d0d45280849155c7c57123a0e2e40cef1abf2d0429d79767134924"}, "cipher": {"function": "aes-128-ctr", "params": {"iv": "6b2033011e9501aa4ac291a2f3d9fed4"}, "message": "1e8233c1d1a49cdef8884754a5e67e54b4af476ad26d65a42cfccf5607eebafb"}}, "description": "", "pubkey": "94ed3c4c15d23ce732756b6f0700cac49c34cdddbfd87b5feb728fdff1be9f29b52fe6a14f419c0ecd314b23b16a6df0", "path": "m/12381/3600/34/0/0", "uuid": "fbcefac0-e107-4722-83a6-3c64f0d509f8", "version": 4}