{"crypto": {"kdf": {"function": "scrypt", "params": {"dklen": 32, "n": 262144, "r": 8, "p": 1, "salt": "0a809298e7faa6b714fb3d49de5cad58fa3954de982c3ce6ca19523d084dee55"}, "message": ""}, "checksum": {"function": "sha256", "params": {}, "message": "25c9e9a4cf068eddd9b3a3ba2dc18da5a35282a14f4d838682a37ed46819ee5d"}, "cipher": {"function": "aes-128-ctr", "params": {"iv": "532275c5866f7d6e26ce568b87b973b8"}, "message": "e3d5ca71bfafd2971a9a687f119aa84f1bdfc9ad58ccda28928925a3375e36b0"}}, "description": "", "pubkey": "8b71b81603efaca769b8a435c0449a314048ae04d4c49468b190c6b7496e09462188165d86a74b345fe9bc314d949f4d", "path": "m/12381/3600/9/0/0", "uuid": "3b3d012c-1ce0-4f9c-b7f4-5d002b61a3c6", "version": 4}