{"crypto": {"kdf": {"function": "scrypt", "params": {"dklen": 32, "n": 262144, "r": 8, "p": 1, "salt": "5fee6ba6226bf0fb08da73e1b57c2f1a5ae3743e7d97009927e7a29baa47d0d0"}, "message": ""}, "checksum": {"function": "sha256", "params": {}, "message": "31cf9df23e32aa21b1856a4fa3daf7eef1feeb0feb36c7a41dd8ab3906e8f395"}, "cipher": {"function": "aes-128-ctr", "params": {"iv": "f190c3bd96743201aec29dcc9726f96a"}, "message": "5c0f43aa81e2a8af4cd68cfe8b822adddfa75501dc8668ebade9b0d0f98cf0a6"}}, "description": "", "pubkey": "8fc34aac4529007a96a5354d3aa1bd814160f62afe90b53f54636e9dd6a781714f453afef065f4824a1d93d33b525e0f", "path": "m/12381/3600/37/0/0", "uuid": "e9fcc50e-d92a-46b0-8a47-89d3d561e5e5", "version": 4}