{"crypto": {"kdf": {"function": "scrypt", "params": {"dklen": 32, "n": 262144, "r": 8, "p": 1, "salt": "3489e120f511fb73d81bb4b52bd069ec19086ab1e9fb8017f581188c759fec18"}, "message": ""}, "checksum": {"function": "sha256", "params": {}, "message": "faa4f1b88e1ad85fd24ac7ea4e99b10dd9d2fa355cb427a0f9f07d0ac7fa9aed"}, "cipher": {"function": "aes-128-ctr", "params": {"iv": "bbdbc945c422c9a9410e6b2b56af3ab3"}, "message": "822274092b363b9ceac5a536581b2489664fe1ed208fd6d43a8e8c1c509e5fa2"}}, "description": "", "pubkey": "ac4911d02690526494a8c8f9da40a840c9d475cd5a35f63f347f5771c8908171adc9cfccb7f789682882cb3a75cb8ffb", "path": "m/12381/3600/24/0/0", "uuid": "521debee-9ac9-4caf-ad75-bdf9303441a1", "version": 4}