{"crypto": {"kdf": {"function": "scrypt", "params": {"dklen": 32, "n": 262144, "r": 8, "p": 1, "salt": "a1d66d7acc223afe579436497f4b92c0e261d60426db64d71bf7443856291530"}, "message": ""}, "checksum": {"function": "sha256", "params": {}, "message": "01e091e4ebea2b734912d696e055eacb48ba76158ce6bd8653b4846e8d9fe75f"}, "cipher": {"function": "aes-128-ctr", "params": {"iv": "8faeb5e16f296a472c9d38a1b74a2c32"}, "message": "b04d970a95d5b5d88feac454cd320ad15536239ef7e4d7d8be6a18b85a17ced0"}}, "description": "", "pubkey": "b420c567080a142d1a0f4d25bcfec6f448e2c760773f6c2cbbce091b4024c29b05c5000e2f6b0fbdaf1c3b6f9e3768a9", "path": "m/12381/3600/4/0/0", "uuid": "0617b53a-b72b-4fdf-816a-0f8f36f51897", "version": 4}