{"crypto": {"kdf": {"function": "scrypt", "params": {"dklen": 32, "n": 262144, "r": 8, "p": 1, "salt": "5fee6ba6226bf0fb08da73e1b57c2f1a5ae3743e7d97009927e7a29baa47d0d0"}, "message": ""}, "checksum": {"function": "sha256", "params": {}, "message": "d01dab444a130a6454ec4ae8c65f038973a08ea3b39b5c44bd413003fea2c6dd"}, "cipher": {"function": "aes-128-ctr", "params": {"iv": "f190c3bd96743201aec29dcc9726f96a"}, "message": "603320adb7cbf0ada96a5985c3c990a113dd9bb2ea4a4cd9663111f58e84d837"}}, "description": "", "pubkey": "b7ddfcee9b43ecf29647bf8f41c18edc88a43d955a674438b484e5dd44d59386b27bc643b03ab2b3bf5f8bdcc0b2c423", "path": "m/12381/3600/12/0/0", "uuid": "0e76e65f-8fe0-4bc9-9619-205914f22923", "version": 4}