{"crypto": {"kdf": {"function": "scrypt", "params": {"dklen": 32, "n": 262144, "r": 8, "p": 1, "salt": "5fee6ba6226bf0fb08da73e1b57c2f1a5ae3743e7d97009927e7a29baa47d0d0"}, "message": ""}, "checksum": {"function": "sha256", "params": {}, "message": "a669acbd79790d588ce8f20f13ef9c2ccbcf4eb2777dd3840eff601ccc0aa978"}, "cipher": {"function": "aes-128-ctr", "params": {"iv": "f190c3bd96743201aec29dcc9726f96a"}, "message": "40a390600eda3f01d70e1d853e1e9b84500aaee31f4fb76304f67c4b66bb857d"}}, "description": "", "pubkey": "b6be5873a889870fa5d002fca10b484965045293a7bd5a72952d7420873d1144487fce7df4f2e223722957a3c16387f4", "path": "m/12381/3600/7/0/0", "uuid": "1ad33c3f-e321-4cc1-8f7e-b6a7cd4e749f", "version": 4}