{"crypto": {"kdf": {"function": "scrypt", "params": {"dklen": 32, "n": 262144, "r": 8, "p": 1, "salt": "a1d66d7acc223afe579436497f4b92c0e261d60426db64d71bf7443856291530"}, "message": ""}, "checksum": {"function": "sha256", "params": {}, "message": "5da9c6c7fe8dc741458805743a20537d59c24de9f00c17c015d7264e0925c8fd"}, "cipher": {"function": "aes-128-ctr", "params": {"iv": "8faeb5e16f296a472c9d38a1b74a2c32"}, "message": "efbfd2a8cd9a13a618b658e919b1c4ea0ee6a5a90f39c492545b78222ad3a864"}}, "description": "", "pubkey": "8e6a1befcaefdfac599d9bdf62844530044a8be94de8fd3ded975e0c2c6f5397eac4ad04fb9a782f56763d4fbd6addd2", "path": "m/12381/3600/49/0/0", "uuid": "ec8a0a50-7c5e-403f-adc7-d871d1b555b2", "version": 4}