{"crypto": {"kdf": {"function": "scrypt", "params": {"dklen": 32, "n": 262144, "r": 8, "p": 1, "salt": "5fee6ba6226bf0fb08da73e1b57c2f1a5ae3743e7d97009927e7a29baa47d0d0"}, "message": ""}, "checksum": {"function": "sha256", "params": {}, "message": "ed75d5b680d759820509add2da4a756b68ca206f494b08d8cd97c29e22e355fe"}, "cipher": {"function": "aes-128-ctr", "params": {"iv": "f190c3bd96743201aec29dcc9726f96a"}, "message": "13d3304a0e276cd310c0448bef4befd2dff91499bf1bcc0130b3b5a44f77efcd"}}, "description": "", "pubkey": "85ec440de6da51d6024939d5e0ccecae18ad3038267bf200413aa508aa805eb403514c27ab53bd872ac81f4983fb5d76", "path": "m/12381/3600/45/0/0", "uuid": "3fa3b2a8-dc54-4703-9a1d-e951fadab78c", "version": 4}