{"crypto": {"kdf": {"function": "scrypt", "params": {"dklen": 32, "n": 262144, "r": 8, "p": 1, "salt": "9c0bafee5bf3ea485ea254ac38ea6b2d72a9f5273dac7d7fb24cd03e8fe1d05b"}, "message": ""}, "checksum": {"function": "sha256", "params": {}, "message": "66eda16a77ea64c2ee057956fca572d5648ee0fdbce4c342c46800107d6f63b6"}, "cipher": {"function": "aes-128-ctr", "params": {"iv": "6e42231e041ec9ef9bb3a7fc1c5c4e7d"}, "message": "121b414605c12ad8150f831323bc455b34657d5bae178a53d1f1c9cbe8ff8478"}}, "description": "", "pubkey": "ab98cc5c3db8db7cb2e716a92883a73a4e851fdcf8a951420d5094e7dcc42086eff04ed2fc2dad637388ae8f80a68d2c", "path": "m/12381/3600/45/0/0", "uuid": "a802c572-00f5-45b2-a0bb-666e836eb3f2", "version": 4}