{"crypto": {"kdf": {"function": "scrypt", "params": {"dklen": 32, "n": 262144, "r": 8, "p": 1, "salt": "e2a98651fa8ef0100876db56d6368102c34a4e9bb923adf3d5d5766ac80142fb"}, "message": ""}, "checksum": {"function": "sha256", "params": {}, "message": "23a429eed1e58e07bdac6f51d9d15946cf6d3a2f61809c75bfdd678d87f1c1a0"}, "cipher": {"function": "aes-128-ctr", "params": {"iv": "f6db09be2c00208086f91c971ef150f9"}, "message": "f0e12d159cc0845a6e0dd93c6e9bcd86d8a29b8c7bfec6295ef653a7c69bd773"}}, "description": "", "pubkey": "ab98cc5c3db8db7cb2e716a92883a73a4e851fdcf8a951420d5094e7dcc42086eff04ed2fc2dad637388ae8f80a68d2c", "path": "m/12381/3600/45/0/0", "uuid": "6dd50743-64dc-4cdd-b0bc-1588a1e1b6ba", "version": 4}