{"crypto": {"kdf": {"function": "scrypt", "params": {"dklen": 32, "n": 262144, "r": 8, "p": 1, "salt": "9c0bafee5bf3ea485ea254ac38ea6b2d72a9f5273dac7d7fb24cd03e8fe1d05b"}, "message": ""}, "checksum": {"function": "sha256", "params": {}, "message": "3719c64ffdc6a5127e6904c5e2b14dd419ce2209523c1dfa8a63ce3db6f71ed8"}, "cipher": {"function": "aes-128-ctr", "params": {"iv": "6e42231e041ec9ef9bb3a7fc1c5c4e7d"}, "message": "708ef2a210c33feccd0d07f9a3356744ce106bfa5de6021296f2b0f0da9f01c2"}}, "description": "", "pubkey": "ace93069109488b26f002331ff1da15bf1abba17d8c776b0c3d32364f9d847b5858e51bf12ff7146120e032121c8d57e", "path": "m/12381/3600/85/0/0", "uuid": "4021f920-b896-4b60-8195-89b710b9940d", "version": 4}