{"crypto": {"kdf": {"function": "scrypt", "params": {"dklen": 32, "n": 262144, "r": 8, "p": 1, "salt": "04560872b6ebd1f1aecabcecdb5ac6676214491a88cb452050cb03281d5c3ea8"}, "message": ""}, "checksum": {"function": "sha256", "params": {}, "message": "23f32b533c30523d3417e9d00dcecaece61f02186488fd38820749b332e0e787"}, "cipher": {"function": "aes-128-ctr", "params": {"iv": "c7e037336cf8dd0d4ac025f04b5d3f53"}, "message": "094c937b2b6b05c0ab4c47b4d488df2b52d2d1463f67c225f05f37d5ede810f4"}}, "description": "", "pubkey": "b69c6ba3b2045da55a08ece8b96d85ce624afe3067806a0b06a3b6da838fe4aab78a09a9d4eb2e69530ab0b0edbf06c4", "path": "m/12381/3600/31/0/0", "uuid": "be6c6d84-67ac-4c4e-aecc-a70dbdc98b30", "version": 4}