{"crypto": {"kdf": {"function": "scrypt", "params": {"dklen": 32, "n": 262144, "r": 8, "p": 1, "salt": "b67c6cf05ca7f9389516041107d7564803a44ff10aa686ba0b3b99e3ed183258"}, "message": ""}, "checksum": {"function": "sha256", "params": {}, "message": "7af99a9aead4ff6126e2acbeab04671325a2d14f5707d7a359346eda62d2d788"}, "cipher": {"function": "aes-128-ctr", "params": {"iv": "5c688661df07ac2266693f4b91ac208d"}, "message": "51dcad1efec1a03df247044e2fc4a5278ddabda8269ea50925279a13e48ea2eb"}}, "description": "", "pubkey": "81f6bfdcd28ecf8439da2677dfd113c72c7bbd540bf7f179ba90ab84307f8256c399963c1c98ce345e708fb50adb22ac", "path": "m/12381/3600/14/0/0", "uuid": "fe696425-46ee-45b1-bf75-47e4133c1e94", "version": 4}