{"crypto": {"kdf": {"function": "scrypt", "params": {"dklen": 32, "n": 262144, "r": 8, "p": 1, "salt": "e2a98651fa8ef0100876db56d6368102c34a4e9bb923adf3d5d5766ac80142fb"}, "message": ""}, "checksum": {"function": "sha256", "params": {}, "message": "8c456b36c2f41b670061cd3c6189cfd5d827db572d675ad92aff9e9831897b7f"}, "cipher": {"function": "aes-128-ctr", "params": {"iv": "f6db09be2c00208086f91c971ef150f9"}, "message": "c4efca7e9fe21237efb3b525b883dbfc55d3d1c1e35a01d87ec8cc524e282839"}}, "description": "", "pubkey": "8792551d1b4e50ba5d2db120bb061516f74a37dedb4ec06e806bdc696fdcb0cae9a7f0eef46f493d7c337baaa84e9f13", "path": "m/12381/3600/67/0/0", "uuid": "3bf17bd5-bd13-44d2-bf95-e256e29d2fb3", "version": 4}