{"crypto": {"kdf": {"function": "scrypt", "params": {"dklen": 32, "n": 262144, "r": 8, "p": 1, "salt": "9c0bafee5bf3ea485ea254ac38ea6b2d72a9f5273dac7d7fb24cd03e8fe1d05b"}, "message": ""}, "checksum": {"function": "sha256", "params": {}, "message": "f65d1c894e5edfa73041bc1307468c384e9b9b77e851bf44e3ba1b3ca4901b21"}, "cipher": {"function": "aes-128-ctr", "params": {"iv": "6e42231e041ec9ef9bb3a7fc1c5c4e7d"}, "message": "2615a62d06e3bcb594b1ef0af5a45321b914371636b34da2f1cf563e604c7b32"}}, "description": "", "pubkey": "8792551d1b4e50ba5d2db120bb061516f74a37dedb4ec06e806bdc696fdcb0cae9a7f0eef46f493d7c337baaa84e9f13", "path": "m/12381/3600/67/0/0", "uuid": "27c5ee71-43b7-4222-ab93-2cbb486e55ca", "version": 4}