{"crypto": {"kdf": {"function": "scrypt", "params": {"dklen": 32, "n": 262144, "r": 8, "p": 1, "salt": "9c0bafee5bf3ea485ea254ac38ea6b2d72a9f5273dac7d7fb24cd03e8fe1d05b"}, "message": ""}, "checksum": {"function": "sha256", "params": {}, "message": "362f384d354e06f7784b4525c03e61eee91a1b3e3530967f1e3719b59881c0d9"}, "cipher": {"function": "aes-128-ctr", "params": {"iv": "6e42231e041ec9ef9bb3a7fc1c5c4e7d"}, "message": "1b7feb765c7c6cedbdc8b7aba1278b9ce0969ddb0adc1d7234f332c421dcea42"}}, "description": "", "pubkey": "854057619b5119ee932b44e45c6564e9c638bc1863b641ff1199fbd368b27b066c93ec12e7ca10f2f67d98f2be5a6784", "path": "m/12381/3600/80/0/0", "uuid": "96b8a2c4-adf7-465a-96ca-78644d1b0a36", "version": 4}