{"crypto": {"kdf": {"function": "scrypt", "params": {"dklen": 32, "n": 262144, "r": 8, "p": 1, "salt": "04560872b6ebd1f1aecabcecdb5ac6676214491a88cb452050cb03281d5c3ea8"}, "message": ""}, "checksum": {"function": "sha256", "params": {}, "message": "e9e26e4d50891ba8aac341248341d411d44f0fe9987a0550a5823b68091a8e74"}, "cipher": {"function": "aes-128-ctr", "params": {"iv": "c7e037336cf8dd0d4ac025f04b5d3f53"}, "message": "3cb312780cae64053283c96e75ec140d60e31426a0053b49cac7ee0b066ee19c"}}, "description": "", "pubkey": "b66a556291effd6e8730b46dcbcfa792f5c66b25358fab91bcf29a1be40fa9d8da72d27e364c1a59341b3ee1c5e897f1", "path": "m/12381/3600/33/0/0", "uuid": "d0f9493d-3dd6-4aae-a381-3fe39daf87ca", "version": 4}