{"crypto": {"kdf": {"function": "scrypt", "params": {"dklen": 32, "n": 262144, "r": 8, "p": 1, "salt": "0f0c58899d075d9fe2ce382ab18f1ca30ce9c2aedae763296be281ff2d8d5431"}, "message": ""}, "checksum": {"function": "sha256", "params": {}, "message": "486cebce06a3c6ac3da05644e6c854ab470b66e9a2e507ee5c3bab9a5d8c7e5a"}, "cipher": {"function": "aes-128-ctr", "params": {"iv": "9cbab45dc2c527973973805f7e527f37"}, "message": "3eef293843d6a020a76c2b9a76412d54a8f7bd74a7ee9fdd7d62b11127d254f5"}}, "description": "", "pubkey": "a91196760c98bb03816bdc16c6ca15a095e8bc43577204e8a7281b87a91ef98877922ac55866c9cec294a740e28d8dac", "path": "m/12381/3600/0/0/0", "uuid": "7aefbd34-0393-49f1-8f8e-a73f018b087c", "version": 4}