{"crypto": {"kdf": {"function": "scrypt", "params": {"dklen": 32, "n": 262144, "r": 8, "p": 1, "salt": "0f0c58899d075d9fe2ce382ab18f1ca30ce9c2aedae763296be281ff2d8d5431"}, "message": ""}, "checksum": {"function": "sha256", "params": {}, "message": "50f64c953b18e8b651bc62f7f4bfc26384352d5a2576c66ec51fafe0ea25712e"}, "cipher": {"function": "aes-128-ctr", "params": {"iv": "9cbab45dc2c527973973805f7e527f37"}, "message": "5f8ab79fdccb32b94e40075ed85e8e017b4707d7292b96c38d0f472f918a750a"}}, "description": "", "pubkey": "8d84bae5d7b7143ea0d66444a77321c8179bd3ab3f19646a11d35aeb4be76b6d1b9ce8456e7403f99219d5c6546539b3", "path": "m/12381/3600/1/0/0", "uuid": "7e41bc8d-1baf-4fbd-8055-7dced571f00b", "version": 4}