{"crypto": {"kdf": {"function": "scrypt", "params": {"dklen": 32, "n": 262144, "r": 8, "p": 1, "salt": "0f0c58899d075d9fe2ce382ab18f1ca30ce9c2aedae763296be281ff2d8d5431"}, "message": ""}, "checksum": {"function": "sha256", "params": {}, "message": "f9f1606e946b74060a3f9cdd4156c8b828ed3783b8e41669cf2fd4e1f0843981"}, "cipher": {"function": "aes-128-ctr", "params": {"iv": "9cbab45dc2c527973973805f7e527f37"}, "message": "34131f219dd78c0db91787d99c48edb6605741d98034ab6a7cd859bbda6e6612"}}, "description": "", "pubkey": "abfa2b712187b31d7e74a4451e88a69ee6bd7915ed48f4475f16cfa15262eba89c1b3fb1cd704ee499ea5355110db2ce", "path": "m/12381/3600/2/0/0", "uuid": "dcfc0f0c-1aae-4d6a-b21c-c0ec5bbb360c", "version": 4}