{"crypto": {"kdf": {"function": "scrypt", "params": {"dklen": 32, "n": 262144, "r": 8, "p": 1, "salt": "d39fd9a6c95be5e511c03968bcadcbc6b8033955e19b5fdacca13d3ef09f0317"}, "message": ""}, "checksum": {"function": "sha256", "params": {}, "message": "7cfa97caa28e851d1e6db9d9104fcac1549fc44ead736207ac1080c837103c1a"}, "cipher": {"function": "aes-128-ctr", "params": {"iv": "c296383d27b10c2a1d73921267905105"}, "message": "8bf502f3db9b98785b64a5a36662c49a8fcde3e8ce311cd31ea36d77f26a87f0"}}, "description": "", "pubkey": "a7d90dbc650f95e737ed9380021bd9d204ef30a4688bdc9318ac188d6eb4f5d8e66154752682e7072e333ae611d33b87", "path": "m/12381/3600/17/0/0", "uuid": "f7ca157d-bb4d-4ef7-b35e-9bc4fbfa08fb", "version": 4}