{"crypto": {"kdf": {"function": "scrypt", "params": {"dklen": 32, "n": 262144, "r": 8, "p": 1, "salt": "2111edbf0a1c6e6cc7216e2650c7ee3ab63a48af8a1332f52ba07d4c53382ab2"}, "message": ""}, "checksum": {"function": "sha256", "params": {}, "message": "008404feadc73995a38ce455da3113abe3c22c97cd42dd3fe37ec63cf8bc03b0"}, "cipher": {"function": "aes-128-ctr", "params": {"iv": "22fcf9678d9d3451b7b70064c7aff1a4"}, "message": "6e1d0ffae399ab12b2fcb1e601249a1eb1b645e131d0966f81f3ab7b45493abc"}}, "description": "", "pubkey": "b91cdfcd26b1032384c4497762cf2d0efbbd21e14788dfec76b8bcb847e1b5e9d9f943c7bbfe0ac8825b4a13db1d814e", "path": "m/12381/3600/130/0/0", "uuid": "6e90393c-5e92-400a-86a0-766f8026f13f", "version": 4}