{"crypto": {"kdf": {"function": "scrypt", "params": {"dklen": 32, "n": 262144, "r": 8, "p": 1, "salt": "2111edbf0a1c6e6cc7216e2650c7ee3ab63a48af8a1332f52ba07d4c53382ab2"}, "message": ""}, "checksum": {"function": "sha256", "params": {}, "message": "62ee39e3aed82ac99332a5a0731d8a428db8b6ca501da59a13f185492c0244d4"}, "cipher": {"function": "aes-128-ctr", "params": {"iv": "22fcf9678d9d3451b7b70064c7aff1a4"}, "message": "3c071c94c0409bdd8923f47cc1eb077c3e06ab2d3ce6d909ef5b0b628b07cdd4"}}, "description": "", "pubkey": "97e8c925c63a5260dce4ca1882c1a419019a8f83f7b47dad711b640235b4133772aa77aeab7f8ebfb2cd4c0b80cfbcc1", "path": "m/12381/3600/128/0/0", "uuid": "64c32522-e0d0-4cb5-b03e-af457b5ca708", "version": 4}