{"crypto": {"kdf": {"function": "scrypt", "params": {"dklen": 32, "n": 262144, "r": 8, "p": 1, "salt": "86fc628ffbb6fe1647d97787ff2b1f7dde45524602d2ee281eb76e41d12b3b74"}, "message": ""}, "checksum": {"function": "sha256", "params": {}, "message": "c0307e0031aecb4552a4e9eb1ca645eefeccb0bb42a2d512e5709fe27d063b1b"}, "cipher": {"function": "aes-128-ctr", "params": {"iv": "6b1d26d94bab44b274b04cefb95e293f"}, "message": "d35fc3ad82f37f44d39a7842e9da2a10d24d6eddb82088c06b5e0649976dd7f2"}}, "description": "", "pubkey": "abfa2b712187b31d7e74a4451e88a69ee6bd7915ed48f4475f16cfa15262eba89c1b3fb1cd704ee499ea5355110db2ce", "path": "m/12381/3600/2/0/0", "uuid": "a4372dca-ef6d-4748-af8d-a5cf2cd12b69", "version": 4}