{"crypto": {"kdf": {"function": "scrypt", "params": {"dklen": 32, "n": 262144, "r": 8, "p": 1, "salt": "86fc628ffbb6fe1647d97787ff2b1f7dde45524602d2ee281eb76e41d12b3b74"}, "message": ""}, "checksum": {"function": "sha256", "params": {}, "message": "0d3e6accbedcb863795ce807431ab051d6d699772f7f29982864d6a7c72cfd38"}, "cipher": {"function": "aes-128-ctr", "params": {"iv": "6b1d26d94bab44b274b04cefb95e293f"}, "message": "9ca84762c0f9b03d372091a386c7b5b6b9cbff5a268cea4ec21e0fdbba198db8"}}, "description": "", "pubkey": "a72a780a4a6c53b77ee6cd5c7207e832d5dff81541cf20bd192f31375c3476cb9f7999532662cc2f16b5754b642e6b15", "path": "m/12381/3600/3/0/0", "uuid": "7f2205b9-40a5-42c1-a1f1-76de20e77dc0", "version": 4}