{"crypto": {"kdf": {"function": "scrypt", "params": {"dklen": 32, "n": 262144, "r": 8, "p": 1, "salt": "04560872b6ebd1f1aecabcecdb5ac6676214491a88cb452050cb03281d5c3ea8"}, "message": ""}, "checksum": {"function": "sha256", "params": {}, "message": "6a53a91ef3bfc18613e6e063ac08f646bfe298ad5de419f31f8e632e341e8df2"}, "cipher": {"function": "aes-128-ctr", "params": {"iv": "c7e037336cf8dd0d4ac025f04b5d3f53"}, "message": "60d7b0556584a64171cbd910f14ecdfad21253107b3cf558a59cf4bc8f9ab443"}}, "description": "", "pubkey": "8eb636bab5a8daeb747d7fa5bfe77cee8738233449c399fd41cf0877ff47523617c661b4d6994627316f479d0213a020", "path": "m/12381/3600/24/0/0", "uuid": "c6575afe-61b8-460b-8ff8-18835bce6cf1", "version": 4}