{"crypto": {"kdf": {"function": "scrypt", "params": {"dklen": 32, "n": 262144, "r": 8, "p": 1, "salt": "9c0bafee5bf3ea485ea254ac38ea6b2d72a9f5273dac7d7fb24cd03e8fe1d05b"}, "message": ""}, "checksum": {"function": "sha256", "params": {}, "message": "dd73fa1a524cc3567b71466bdcc03e526a335b2510f3f1751eff1476c8d6fced"}, "cipher": {"function": "aes-128-ctr", "params": {"iv": "6e42231e041ec9ef9bb3a7fc1c5c4e7d"}, "message": "36f6c3a1bcf5030fe8c832b37254f4f046ef04e0384d34e655e4e57626b38dea"}}, "description": "", "pubkey": "8b96da38e3d681a0bb04e57615003c68a1e339a780ed8813dce10f59cc76979c96c5d55c6e3d1e545d258814fc357733", "path": "m/12381/3600/36/0/0", "uuid": "10a89cd4-b3a1-4880-b0b7-c59a1890d062", "version": 4}