{"crypto": {"kdf": {"function": "scrypt", "params": {"dklen": 32, "n": 262144, "r": 8, "p": 1, "salt": "85e6d813be8aff30fe4d6ff9a8c66701462bea0ace48ae9119c5ce37bf3cbee6"}, "message": ""}, "checksum": {"function": "sha256", "params": {}, "message": "3c4dbf5f0b8510ef175c024be7aecb44f939c11cf117bb5a8e15ab4f50da8ea3"}, "cipher": {"function": "aes-128-ctr", "params": {"iv": "cf239913a84dab91df8c5ac88e26e888"}, "message": "5a26b4c445c8701f78c3d2c48f629b6192e85bbaabaa867370668bf096ea956f"}}, "description": "", "pubkey": "a4d556fb9ad8dda955749e2e01d8ad0918c156f289a83a9db6c6f2e8ee200637a8dfca4ad13d4972f0303b5710c6fa00", "path": "m/12381/3600/18/0/0", "uuid": "b637b843-d210-45f4-8ed2-0a5ef9f0fd12", "version": 4}