{"crypto": {"kdf": {"function": "scrypt", "params": {"dklen": 32, "n": 262144, "r": 8, "p": 1, "salt": "2111edbf0a1c6e6cc7216e2650c7ee3ab63a48af8a1332f52ba07d4c53382ab2"}, "message": ""}, "checksum": {"function": "sha256", "params": {}, "message": "a9f95fdcc85ed24c394d8ad76ce8ee554e0c289a882cc412440b8da829456bfb"}, "cipher": {"function": "aes-128-ctr", "params": {"iv": "22fcf9678d9d3451b7b70064c7aff1a4"}, "message": "324213c8bd975e87bfbf859833dd8743313be58db8ceafcb784981fa1c51a098"}}, "description": "", "pubkey": "8e691025c83d2b09981b4198346eaac712900261e06a8ccd6dfffbc99c4746b3b1e5a6d5ce08505530352bb0623a776e", "path": "m/12381/3600/76/0/0", "uuid": "b08c141c-dc6f-4b2c-afe8-91440e766c19", "version": 4}