{"crypto": {"kdf": {"function": "scrypt", "params": {"dklen": 32, "n": 262144, "r": 8, "p": 1, "salt": "2111edbf0a1c6e6cc7216e2650c7ee3ab63a48af8a1332f52ba07d4c53382ab2"}, "message": ""}, "checksum": {"function": "sha256", "params": {}, "message": "863895aad4d7327022578bd4387d9b6ab6ec1b4b4c7f8d4d8f90a742c631ae57"}, "cipher": {"function": "aes-128-ctr", "params": {"iv": "22fcf9678d9d3451b7b70064c7aff1a4"}, "message": "67556921af251b6830ea3e2f8fadfc46d2d154ede97cf90f025cbae5e23b0ad4"}}, "description": "", "pubkey": "95782ef1d6c8930d07110d1c4569c0bebf3811f08cb54ae8e55a32ed7ba2b9e433a3238c26384b2beb1a48e5bdb45e48", "path": "m/12381/3600/175/0/0", "uuid": "f2e4e637-4972-4cdf-bf16-9d6228a3dff2", "version": 4}