{"crypto": {"kdf": {"function": "scrypt", "params": {"dklen": 32, "n": 262144, "r": 8, "p": 1, "salt": "85e6d813be8aff30fe4d6ff9a8c66701462bea0ace48ae9119c5ce37bf3cbee6"}, "message": ""}, "checksum": {"function": "sha256", "params": {}, "message": "31257d9522604f5a0178a40e731b62fde1aeac0d300a56e46e84408474c51bf7"}, "cipher": {"function": "aes-128-ctr", "params": {"iv": "cf239913a84dab91df8c5ac88e26e888"}, "message": "559776cb330392bb457bbcf5cdfa6ea8d24425c0e1f3e37bc324418c37d22cd7"}}, "description": "", "pubkey": "94ed3c4c15d23ce732756b6f0700cac49c34cdddbfd87b5feb728fdff1be9f29b52fe6a14f419c0ecd314b23b16a6df0", "path": "m/12381/3600/34/0/0", "uuid": "3268320d-4430-4c00-8522-9f7e2acebfe3", "version": 4}