{"crypto": {"kdf": {"function": "scrypt", "params": {"dklen": 32, "n": 262144, "r": 8, "p": 1, "salt": "85e6d813be8aff30fe4d6ff9a8c66701462bea0ace48ae9119c5ce37bf3cbee6"}, "message": ""}, "checksum": {"function": "sha256", "params": {}, "message": "ba730fd5b146ac0af802d17094dde6177888fb2eb4dc9b0c82601bf7aae362f8"}, "cipher": {"function": "aes-128-ctr", "params": {"iv": "cf239913a84dab91df8c5ac88e26e888"}, "message": "51480c5c8593789087c3da7bb4676a318e8ab8cf4ee181b5463bf46ae3238a8b"}}, "description": "", "pubkey": "9671aae4c62c2e9390e1069e05ff156d78912136ff7c759ea070d0a820931cb9c80937527959348d876d074773c501af", "path": "m/12381/3600/23/0/0", "uuid": "2cb59f46-0cb5-4171-a3af-dbe3baf44b03", "version": 4}