{"crypto": {"kdf": {"function": "scrypt", "params": {"dklen": 32, "n": 262144, "r": 8, "p": 1, "salt": "85e6d813be8aff30fe4d6ff9a8c66701462bea0ace48ae9119c5ce37bf3cbee6"}, "message": ""}, "checksum": {"function": "sha256", "params": {}, "message": "b5d3a473881fab8119e568636658c520c486f09c45bac213c16875ac65035e03"}, "cipher": {"function": "aes-128-ctr", "params": {"iv": "cf239913a84dab91df8c5ac88e26e888"}, "message": "61fec924ec348346c608dfa0ad4f6847d63e0e6ab6e7e59b43d01b9342e39355"}}, "description": "", "pubkey": "b1c870177ab24fe3ba89daff46a232bf46c91392ddfa5323c1de042fc5dd11ed7ee16d6744ec2025a9df6042d1f31da8", "path": "m/12381/3600/3/0/0", "uuid": "31c46fc3-c7d8-4354-bfb4-34b327c27cc5", "version": 4}