{"crypto": {"kdf": {"function": "scrypt", "params": {"dklen": 32, "n": 262144, "r": 8, "p": 1, "salt": "85e6d813be8aff30fe4d6ff9a8c66701462bea0ace48ae9119c5ce37bf3cbee6"}, "message": ""}, "checksum": {"function": "sha256", "params": {}, "message": "3288671e17414283a5b3723f4975bc4f04e044aec5490e02bdc986ea822f58a3"}, "cipher": {"function": "aes-128-ctr", "params": {"iv": "cf239913a84dab91df8c5ac88e26e888"}, "message": "5f2bf244e8d078cce5cb76d6cbc34a4c23bfeacbca2ad00a12ce3ad8bd2200fe"}}, "description": "", "pubkey": "8735cc1bafa233f77c0aca39e6cd0bb598176890895e6f96c9880f4af64357fbfc697235cd8b3ab18646e7a5a4372dff", "path": "m/12381/3600/32/0/0", "uuid": "295aeaf9-1dbd-4991-8761-5a60ad91ad5f", "version": 4}