{"crypto": {"kdf": {"function": "scrypt", "params": {"dklen": 32, "n": 262144, "r": 8, "p": 1, "salt": "85e6d813be8aff30fe4d6ff9a8c66701462bea0ace48ae9119c5ce37bf3cbee6"}, "message": ""}, "checksum": {"function": "sha256", "params": {}, "message": "21553e8cd28596ce472d68eab6b5e7883639c669bd68c1f8e14e4e2d8a802bc5"}, "cipher": {"function": "aes-128-ctr", "params": {"iv": "cf239913a84dab91df8c5ac88e26e888"}, "message": "0403bd443cd7791a008191d17b65cae865ab0d5523c3fbdcde9120e53dbd577f"}}, "description": "", "pubkey": "97ffc73b8301329c25f1a128244abfb5c56c817a049b3dedaf418089ab132834fb99c30256f934b1ac430b0dcd9ba97c", "path": "m/12381/3600/16/0/0", "uuid": "6d695cf4-91af-487c-a41e-e1e86f9a86d2", "version": 4}