{"crypto": {"kdf": {"function": "scrypt", "params": {"dklen": 32, "n": 262144, "r": 8, "p": 1, "salt": "85e6d813be8aff30fe4d6ff9a8c66701462bea0ace48ae9119c5ce37bf3cbee6"}, "message": ""}, "checksum": {"function": "sha256", "params": {}, "message": "4207d8e95c1f925a8e92e751995d47edfa4b2f4c6db65d79687209d6247e2c3e"}, "cipher": {"function": "aes-128-ctr", "params": {"iv": "cf239913a84dab91df8c5ac88e26e888"}, "message": "7044c3e98cccc53ce58d739a3ddbc5f623fa6e1828a0c72351d64924b52bb384"}}, "description": "", "pubkey": "ac4911d02690526494a8c8f9da40a840c9d475cd5a35f63f347f5771c8908171adc9cfccb7f789682882cb3a75cb8ffb", "path": "m/12381/3600/24/0/0", "uuid": "1c134de4-e97e-4874-bf4d-fe2b31868ef2", "version": 4}