{"crypto": {"kdf": {"function": "scrypt", "params": {"dklen": 32, "n": 262144, "r": 8, "p": 1, "salt": "85e6d813be8aff30fe4d6ff9a8c66701462bea0ace48ae9119c5ce37bf3cbee6"}, "message": ""}, "checksum": {"function": "sha256", "params": {}, "message": "5f6327851bfd0be13447908e12296b6b6b1fe85c066630501c1a1c814885743e"}, "cipher": {"function": "aes-128-ctr", "params": {"iv": "cf239913a84dab91df8c5ac88e26e888"}, "message": "02f36850b062ddceb4727449de2593da287adb0afac3bbf44819c659ff92f2df"}}, "description": "", "pubkey": "8b8d242767213c162850183fcb42fae279cbf2aaa21daabe8e203e813ece0ee7c8589363a32378d24d64b604af55a929", "path": "m/12381/3600/29/0/0", "uuid": "95493cdb-1988-4b7d-8df6-c9e79f4de699", "version": 4}