{"crypto": {"kdf": {"function": "scrypt", "params": {"dklen": 32, "n": 262144, "r": 8, "p": 1, "salt": "85e6d813be8aff30fe4d6ff9a8c66701462bea0ace48ae9119c5ce37bf3cbee6"}, "message": ""}, "checksum": {"function": "sha256", "params": {}, "message": "46e19240a6dfaa31385f0df4732d697ed5beb37ad71cbcdd8ddbd81ee813ffc8"}, "cipher": {"function": "aes-128-ctr", "params": {"iv": "cf239913a84dab91df8c5ac88e26e888"}, "message": "0fbc1a7c5379017f4e694b817b7631f0de13370c21cd8c5e3c5b8135ef7d93f6"}}, "description": "", "pubkey": "88e69ec3fae4a83d960fbe6cd8800b819f67c65dd95c2b5d603dbc3a9ef2e52cb4e0dfd95cb07ff76ca7657a28775eba", "path": "m/12381/3600/14/0/0", "uuid": "df4459ed-1b87-4672-b5c1-cc0065b67098", "version": 4}