{"crypto": {"kdf": {"function": "scrypt", "params": {"dklen": 32, "n": 262144, "r": 8, "p": 1, "salt": "f61bf38d501076255aa5766f8fd84330a3ceec550b8f9ca4611be7f453f524da"}, "message": ""}, "checksum": {"function": "sha256", "params": {}, "message": "35055b294a5989c5b5aeca44daae6fa22d35b7a9629babf85622fd5e4ea8466f"}, "cipher": {"function": "aes-128-ctr", "params": {"iv": "0ac01059e04307fd89bb4e286db896c7"}, "message": "875f89bb175b9b98139e1cb969e717fa4effd2444b706da43b49bbde25d4c313"}}, "description": "", "pubkey": "98362cf7378133787f7eb35fdb77c1e5b256bdf162ae1f9ef91568beb8bc73ca88d012c9419fdbf94427f1002bae18b4", "path": "m/12381/3600/37/0/0", "uuid": "c5bf1e76-3b2a-4ef8-9a15-a7796f5982ef", "version": 4}