{"crypto": {"kdf": {"function": "scrypt", "params": {"dklen": 32, "n": 262144, "r": 8, "p": 1, "salt": "e2a98651fa8ef0100876db56d6368102c34a4e9bb923adf3d5d5766ac80142fb"}, "message": ""}, "checksum": {"function": "sha256", "params": {}, "message": "4b21dd7311d02c97a583755e754113d741578ff38cd601846d8f6f7f612f2f35"}, "cipher": {"function": "aes-128-ctr", "params": {"iv": "f6db09be2c00208086f91c971ef150f9"}, "message": "c9d92f3f275c2afd2a34ac10dc393eb7975d33cb1d8becd49bad6396ead44c4f"}}, "description": "", "pubkey": "ae175246b3bb58fc8c5277a0cd67e7fc411bed68dbebd4755d1e2efb6796e98a370a042b8dd02879f08c5d0368e8614a", "path": "m/12381/3600/5/0/0", "uuid": "b1c0d2ab-1ae0-49db-9ed9-f14a4598d8d2", "version": 4}