{"crypto": {"kdf": {"function": "scrypt", "params": {"dklen": 32, "n": 262144, "r": 8, "p": 1, "salt": "9c0bafee5bf3ea485ea254ac38ea6b2d72a9f5273dac7d7fb24cd03e8fe1d05b"}, "message": ""}, "checksum": {"function": "sha256", "params": {}, "message": "1345054a9acb47ef626021d09872249cf6ccd525998e8cb953e76660af7cbce2"}, "cipher": {"function": "aes-128-ctr", "params": {"iv": "6e42231e041ec9ef9bb3a7fc1c5c4e7d"}, "message": "2b23436cbe5d847f5136f63f911eb66a7b9ad51cc862a0ae14aaf9fac4b01f44"}}, "description": "", "pubkey": "ae175246b3bb58fc8c5277a0cd67e7fc411bed68dbebd4755d1e2efb6796e98a370a042b8dd02879f08c5d0368e8614a", "path": "m/12381/3600/5/0/0", "uuid": "71e5ce44-d3bd-44cc-93f8-bdce93d938b1", "version": 4}