{"crypto": {"kdf": {"function": "scrypt", "params": {"dklen": 32, "n": 262144, "r": 8, "p": 1, "salt": "85e6d813be8aff30fe4d6ff9a8c66701462bea0ace48ae9119c5ce37bf3cbee6"}, "message": ""}, "checksum": {"function": "sha256", "params": {}, "message": "1e2fd446b8bc4b226491d5c27e50deacbe1868c0ab547196d3144602ff93ed55"}, "cipher": {"function": "aes-128-ctr", "params": {"iv": "cf239913a84dab91df8c5ac88e26e888"}, "message": "10d166e6a911bdcb2f3f2fbbad7aaa86274acb6de9c25b8e96e97ff4cb253704"}}, "description": "", "pubkey": "a7d90dbc650f95e737ed9380021bd9d204ef30a4688bdc9318ac188d6eb4f5d8e66154752682e7072e333ae611d33b87", "path": "m/12381/3600/17/0/0", "uuid": "e923ae7f-b034-4bf9-8afa-629df7b4c470", "version": 4}