{"crypto": {"kdf": {"function": "scrypt", "params": {"dklen": 32, "n": 262144, "r": 8, "p": 1, "salt": "2111edbf0a1c6e6cc7216e2650c7ee3ab63a48af8a1332f52ba07d4c53382ab2"}, "message": ""}, "checksum": {"function": "sha256", "params": {}, "message": "61080d0e25e39fe4e8cca81d393b19f5f700370da80b56c63cc41adf1940d9f6"}, "cipher": {"function": "aes-128-ctr", "params": {"iv": "22fcf9678d9d3451b7b70064c7aff1a4"}, "message": "7448884738fc864da97ff63976c5fc79ad5212560d0b9b83de8c1c990dcfd4e5"}}, "description": "", "pubkey": "a0d256f064eb7f41413fe06d2fb924ea6c7d426dc6c8e29075c8256d3ff5ae001dffeda58b9dcc8e234cd4cfe0e4b4cb", "path": "m/12381/3600/85/0/0", "uuid": "2def819d-59dd-47e8-bfd3-29838ce82828", "version": 4}