{"crypto": {"kdf": {"function": "scrypt", "params": {"dklen": 32, "n": 262144, "r": 8, "p": 1, "salt": "85e6d813be8aff30fe4d6ff9a8c66701462bea0ace48ae9119c5ce37bf3cbee6"}, "message": ""}, "checksum": {"function": "sha256", "params": {}, "message": "5253c2b7179a26aff99ef2558446a188226e51e00f7791263e503cb913a7dab5"}, "cipher": {"function": "aes-128-ctr", "params": {"iv": "cf239913a84dab91df8c5ac88e26e888"}, "message": "5efa2221ca03b7f8b2121cef5b791b65dffed37bb2ba00d6c5329c66a7a6a614"}}, "description": "", "pubkey": "97cbbe92bf31b3e650349af3ce76f338cd4ea741d46621952a67bdba1b2f6db3e29e04b4d4ba6bd551674b99c6a700a5", "path": "m/12381/3600/6/0/0", "uuid": "72d82597-b4a0-4f69-ac84-f2eb75ca2519", "version": 4}