{"crypto": {"kdf": {"function": "scrypt", "params": {"dklen": 32, "n": 262144, "r": 8, "p": 1, "salt": "2111edbf0a1c6e6cc7216e2650c7ee3ab63a48af8a1332f52ba07d4c53382ab2"}, "message": ""}, "checksum": {"function": "sha256", "params": {}, "message": "37d63fdecaf332b8f9bf16e0f8e7fb8ab1fe78dd0c62e577c4079496d1288c08"}, "cipher": {"function": "aes-128-ctr", "params": {"iv": "22fcf9678d9d3451b7b70064c7aff1a4"}, "message": "3b92a722a9ad289d2bad4101c4d5e2f500489f311d38da2b1eaaa81ec75a84ad"}}, "description": "", "pubkey": "b72323d2b87f8dcbc3240b397e7ce8b65b0fc1f95ae923c25fc3dc27b2583a864d7a12269dcaf7ded3ec9bbd575d7d52", "path": "m/12381/3600/147/0/0", "uuid": "a0460dbc-6fc5-4c2c-b1fd-dd58f238ee43", "version": 4}