{"crypto": {"kdf": {"function": "scrypt", "params": {"dklen": 32, "n": 262144, "r": 8, "p": 1, "salt": "9c0bafee5bf3ea485ea254ac38ea6b2d72a9f5273dac7d7fb24cd03e8fe1d05b"}, "message": ""}, "checksum": {"function": "sha256", "params": {}, "message": "89dd8d62958f6653aaa9b5f08d6e6f66b2d680a224d367821bba171516955610"}, "cipher": {"function": "aes-128-ctr", "params": {"iv": "6e42231e041ec9ef9bb3a7fc1c5c4e7d"}, "message": "5471d372c2ba9dee2c33fe10d22220f9c7a6d7ecd7bf5613ee8b7f4b98d80c2f"}}, "description": "", "pubkey": "8c308ae639273ed08a6e5aed6e4b9600d990271edd2057809f205f21dd065fcc07a6ee0d3e40d2695edb719bb96cab6d", "path": "m/12381/3600/34/0/0", "uuid": "a6a6cd99-8639-4b43-a90c-c2e2102a84df", "version": 4}