{"crypto": {"kdf": {"function": "scrypt", "params": {"dklen": 32, "n": 262144, "r": 8, "p": 1, "salt": "9c0bafee5bf3ea485ea254ac38ea6b2d72a9f5273dac7d7fb24cd03e8fe1d05b"}, "message": ""}, "checksum": {"function": "sha256", "params": {}, "message": "cd031422088ef0de8a1065e04d108fe766976d7efaf984ce1e293af998c1fa23"}, "cipher": {"function": "aes-128-ctr", "params": {"iv": "6e42231e041ec9ef9bb3a7fc1c5c4e7d"}, "message": "004bb6aeecd103344727747527c15fec1ecaec6c3b325ac5faa0c550ae7f39e3"}}, "description": "", "pubkey": "a22c82fabb418f0f5eb78024a8bb7beddb9b637201c988a21d75c2a356ebe64129e2a6b7e87f286fc4369cc87aa461c2", "path": "m/12381/3600/88/0/0", "uuid": "8752fd57-e0f3-4af9-b847-db2459d47165", "version": 4}