{"crypto": {"kdf": {"function": "scrypt", "params": {"dklen": 32, "n": 262144, "r": 8, "p": 1, "salt": "e2a98651fa8ef0100876db56d6368102c34a4e9bb923adf3d5d5766ac80142fb"}, "message": ""}, "checksum": {"function": "sha256", "params": {}, "message": "0d70a0453b07004dbea73398d006d84b7a827ab4779672cae98e56f61ad15709"}, "cipher": {"function": "aes-128-ctr", "params": {"iv": "f6db09be2c00208086f91c971ef150f9"}, "message": "e2b1dafd75d0adb63c252e5a6ae6d731f20d0abbeedb16bf75a75f3c801b6ae8"}}, "description": "", "pubkey": "a22c82fabb418f0f5eb78024a8bb7beddb9b637201c988a21d75c2a356ebe64129e2a6b7e87f286fc4369cc87aa461c2", "path": "m/12381/3600/88/0/0", "uuid": "1d9d8dea-42ac-482f-b6a3-b1ba8554e145", "version": 4}