{"crypto": {"kdf": {"function": "scrypt", "params": {"dklen": 32, "n": 262144, "r": 8, "p": 1, "salt": "e2a98651fa8ef0100876db56d6368102c34a4e9bb923adf3d5d5766ac80142fb"}, "message": ""}, "checksum": {"function": "sha256", "params": {}, "message": "dd3bd6bb264f08736e0f028568712a46a9486b8c3d465faf5aa04403fbae926f"}, "cipher": {"function": "aes-128-ctr", "params": {"iv": "f6db09be2c00208086f91c971ef150f9"}, "message": "99452393204afbce2acff3c19daef7adfb905b3bb543763d717314cf0e47f94b"}}, "description": "", "pubkey": "99a029a99898ba10fbbb761b75e4b8882d775bfa527f03ea8832aa68f78fc884a178a306be94eac9d81d8ba4a4023b50", "path": "m/12381/3600/71/0/0", "uuid": "c2de028a-52e1-495d-b8ac-9267e9ed5a3d", "version": 4}