{"crypto": {"kdf": {"function": "scrypt", "params": {"dklen": 32, "n": 262144, "r": 8, "p": 1, "salt": "9c0bafee5bf3ea485ea254ac38ea6b2d72a9f5273dac7d7fb24cd03e8fe1d05b"}, "message": ""}, "checksum": {"function": "sha256", "params": {}, "message": "5252a5b83037e4ad6a44f9e2b5cf93b79717850267b70d300e56c13a113cd2ce"}, "cipher": {"function": "aes-128-ctr", "params": {"iv": "6e42231e041ec9ef9bb3a7fc1c5c4e7d"}, "message": "7bbf4fc0b94b554c51cda9eed0897f701757bdec60aa3a47fe748ea32023aa40"}}, "description": "", "pubkey": "99a029a99898ba10fbbb761b75e4b8882d775bfa527f03ea8832aa68f78fc884a178a306be94eac9d81d8ba4a4023b50", "path": "m/12381/3600/71/0/0", "uuid": "2298a6b0-d933-4be7-b791-5d22fd1f3d9e", "version": 4}