{"crypto": {"kdf": {"function": "scrypt", "params": {"dklen": 32, "n": 262144, "r": 8, "p": 1, "salt": "9c0bafee5bf3ea485ea254ac38ea6b2d72a9f5273dac7d7fb24cd03e8fe1d05b"}, "message": ""}, "checksum": {"function": "sha256", "params": {}, "message": "612d8e2dea3aeaf45c3ceef7504bf549c4a9192a91f50fe596b3fd23f7033d54"}, "cipher": {"function": "aes-128-ctr", "params": {"iv": "6e42231e041ec9ef9bb3a7fc1c5c4e7d"}, "message": "20cd597902f7a12a2c5a64e53e26f9a16975a9e0f6f02365e1dc4d5fbc081b93"}}, "description": "", "pubkey": "88baa84f10e1b32381c57a41d155a4410cfb8ea80cb453c83b681fc441dcad4ff112f0bde949cea8dd18c5583e3f1b81", "path": "m/12381/3600/35/0/0", "uuid": "ca9b4069-3c17-47aa-9bae-2950799ca394", "version": 4}