{"crypto": {"kdf": {"function": "scrypt", "params": {"dklen": 32, "n": 262144, "r": 8, "p": 1, "salt": "2111edbf0a1c6e6cc7216e2650c7ee3ab63a48af8a1332f52ba07d4c53382ab2"}, "message": ""}, "checksum": {"function": "sha256", "params": {}, "message": "c2c55700ca16daedbf054e9ddb5a74c65371b7ba68d2c219ed5f8ad1ff5dab56"}, "cipher": {"function": "aes-128-ctr", "params": {"iv": "22fcf9678d9d3451b7b70064c7aff1a4"}, "message": "7511eac18f4a4424dbdac001db2f8f64bd64653d1aeba4473500fac62062f262"}}, "description": "", "pubkey": "a2a4448a4a2df0947d9c837768737a1fe778bfeffe2f9f0bfdeb8963d4502c853636b0eb5598edeb12d914dd61796bfd", "path": "m/12381/3600/174/0/0", "uuid": "b4a1332e-9ca8-4c9b-bb70-05f8a7b78f4d", "version": 4}