{"crypto": {"kdf": {"function": "scrypt", "params": {"dklen": 32, "n": 262144, "r": 8, "p": 1, "salt": "e2a98651fa8ef0100876db56d6368102c34a4e9bb923adf3d5d5766ac80142fb"}, "message": ""}, "checksum": {"function": "sha256", "params": {}, "message": "cdf39406b65a9461afdd1856dd30cd5d3eb08b7eac70a068a03904ad2a057692"}, "cipher": {"function": "aes-128-ctr", "params": {"iv": "f6db09be2c00208086f91c971ef150f9"}, "message": "e85ebb144c014139dd22f7940cefff07e5c83181496ed7364c27be8ef5875708"}}, "description": "", "pubkey": "a3b9f6a139c2ceac365bacfd211276a4414a4cfd3f7a5f935421b7ef27dfcad43f0e53eaabf3dd7ef72e15ee601ca5cc", "path": "m/12381/3600/12/0/0", "uuid": "869d560c-c89d-49f3-9c86-b131c91da83b", "version": 4}