{"crypto": {"kdf": {"function": "scrypt", "params": {"dklen": 32, "n": 262144, "r": 8, "p": 1, "salt": "9c0bafee5bf3ea485ea254ac38ea6b2d72a9f5273dac7d7fb24cd03e8fe1d05b"}, "message": ""}, "checksum": {"function": "sha256", "params": {}, "message": "5c5098d33d703cb81366a23e3215c9a13e5bc18563f5617dec6fa8118de338a9"}, "cipher": {"function": "aes-128-ctr", "params": {"iv": "6e42231e041ec9ef9bb3a7fc1c5c4e7d"}, "message": "0aa4d747d500efbba620adbb41c877da090fd7569c879b4cc32024e2dbe30403"}}, "description": "", "pubkey": "a3b9f6a139c2ceac365bacfd211276a4414a4cfd3f7a5f935421b7ef27dfcad43f0e53eaabf3dd7ef72e15ee601ca5cc", "path": "m/12381/3600/12/0/0", "uuid": "ff58bca4-39b6-4257-8048-3f100654964d", "version": 4}