{"crypto": {"kdf": {"function": "scrypt", "params": {"dklen": 32, "n": 262144, "r": 8, "p": 1, "salt": "85e6d813be8aff30fe4d6ff9a8c66701462bea0ace48ae9119c5ce37bf3cbee6"}, "message": ""}, "checksum": {"function": "sha256", "params": {}, "message": "20c32cdfb53a9d12ca38e6dac89573564d9de2d1635347c3ea88e758d21bca26"}, "cipher": {"function": "aes-128-ctr", "params": {"iv": "cf239913a84dab91df8c5ac88e26e888"}, "message": "2aac4c11342e48241859f326d3b5504f982ff2d68b8ffbf7998918fa4baae7ee"}}, "description": "", "pubkey": "b9e8f6d06272710e5dd70fe48ed0b6fa34fd9de8014fdf4fce678001ae758cf00b6d7f5fd8a13396d31f21201aaf1c14", "path": "m/12381/3600/48/0/0", "uuid": "b96c86e6-de18-4a6f-a6ea-11b99ee393c4", "version": 4}