{"crypto": {"kdf": {"function": "scrypt", "params": {"dklen": 32, "n": 262144, "r": 8, "p": 1, "salt": "85e6d813be8aff30fe4d6ff9a8c66701462bea0ace48ae9119c5ce37bf3cbee6"}, "message": ""}, "checksum": {"function": "sha256", "params": {}, "message": "117713fbcee7d73ce26f51a2f9336da6fda985fd7fc710d6126a6e31df39027a"}, "cipher": {"function": "aes-128-ctr", "params": {"iv": "cf239913a84dab91df8c5ac88e26e888"}, "message": "5c2fe863a6bf4f17cc20614778f119f7aaf426fa1ab892c62236e0352cea95b6"}}, "description": "", "pubkey": "99d82eb32398ad65ad4d1701e9d3594cd3be0edba87f6696d88310f015b2d61cd3f693b4a2b9ef31310958c7986e43d4", "path": "m/12381/3600/33/0/0", "uuid": "58e97cd9-79ec-47f2-9f23-5c360ecb081c", "version": 4}