{"crypto": {"kdf": {"function": "scrypt", "params": {"dklen": 32, "n": 262144, "r": 8, "p": 1, "salt": "f61bf38d501076255aa5766f8fd84330a3ceec550b8f9ca4611be7f453f524da"}, "message": ""}, "checksum": {"function": "sha256", "params": {}, "message": "13d18c4e22720c23c6c7bab8ccc3edf86478946b78c3a8f84cc2185e7a7a9506"}, "cipher": {"function": "aes-128-ctr", "params": {"iv": "0ac01059e04307fd89bb4e286db896c7"}, "message": "c84abca3172850e9d41e90bcd85b31baa552be70a5015f40bc96001a8852b83a"}}, "description": "", "pubkey": "8c001aed7b292eb1586c49d5fda1a934daff5b7896d0564f794ba10c6ab3c8819d7de63096732b9ddcda6ee43f8c83c4", "path": "m/12381/3600/21/0/0", "uuid": "1fc3c2a4-897e-4543-9c5d-4a5ec29c78f4", "version": 4}