{"crypto": {"kdf": {"function": "scrypt", "params": {"dklen": 32, "n": 262144, "r": 8, "p": 1, "salt": "9c0bafee5bf3ea485ea254ac38ea6b2d72a9f5273dac7d7fb24cd03e8fe1d05b"}, "message": ""}, "checksum": {"function": "sha256", "params": {}, "message": "c03f02aca4167160d52c08eaa9d527b3dfa10bea94896a1d7658f68f7e8a2d9c"}, "cipher": {"function": "aes-128-ctr", "params": {"iv": "6e42231e041ec9ef9bb3a7fc1c5c4e7d"}, "message": "1be42ac6cd72c0ee556221cad7a08a83555354d930707300abdd8e2b45dd1095"}}, "description": "", "pubkey": "85d9e6d674a31c5e53876ef8e5cd4be2b9738fe37fc03d7aeb171cb4929135e0fd2ecd6b40b483d54309e37d23e020f5", "path": "m/12381/3600/48/0/0", "uuid": "784ffc2e-459b-481e-b270-d1ed0d62ba8b", "version": 4}