{"crypto": {"kdf": {"function": "scrypt", "params": {"dklen": 32, "n": 262144, "r": 8, "p": 1, "salt": "9c0bafee5bf3ea485ea254ac38ea6b2d72a9f5273dac7d7fb24cd03e8fe1d05b"}, "message": ""}, "checksum": {"function": "sha256", "params": {}, "message": "db4efe4d4ac94e6440d17020739943b89d820eb16f0fb4b4e5b229bcd36cf27b"}, "cipher": {"function": "aes-128-ctr", "params": {"iv": "6e42231e041ec9ef9bb3a7fc1c5c4e7d"}, "message": "76e569f40099cfb5b378328d5c5eddd1cc1d4fdb1386b0e39e74c8bd4dca0d3b"}}, "description": "", "pubkey": "a1c5450eb1489e580a43f67b4c65bf8441a82a878fa8737e3079e35513311f6695b2018f3e8e086368536dea7de904d1", "path": "m/12381/3600/51/0/0", "uuid": "6ff49ead-acda-4d0e-886b-c6e7ada566b8", "version": 4}