{"crypto": {"kdf": {"function": "scrypt", "params": {"dklen": 32, "n": 262144, "r": 8, "p": 1, "salt": "9c0bafee5bf3ea485ea254ac38ea6b2d72a9f5273dac7d7fb24cd03e8fe1d05b"}, "message": ""}, "checksum": {"function": "sha256", "params": {}, "message": "bd43fb2bb8e67e3f8d4bc39fe7f467552e4958c203d56e75209a7a10ddc232b4"}, "cipher": {"function": "aes-128-ctr", "params": {"iv": "6e42231e041ec9ef9bb3a7fc1c5c4e7d"}, "message": "19ac876827864bcad947f56693ad0d5e0be8274111d1c80db144c80db1a183be"}}, "description": "", "pubkey": "8d84bae5d7b7143ea0d66444a77321c8179bd3ab3f19646a11d35aeb4be76b6d1b9ce8456e7403f99219d5c6546539b3", "path": "m/12381/3600/1/0/0", "uuid": "7f2317ad-7ee8-47dd-8655-681292abcf7c", "version": 4}