{"crypto": {"kdf": {"function": "scrypt", "params": {"dklen": 32, "n": 262144, "r": 8, "p": 1, "salt": "04560872b6ebd1f1aecabcecdb5ac6676214491a88cb452050cb03281d5c3ea8"}, "message": ""}, "checksum": {"function": "sha256", "params": {}, "message": "371af8b061e8c818b21e97cd3f27cf7dc3601fddb1c310910e490ac1fd2a1e74"}, "cipher": {"function": "aes-128-ctr", "params": {"iv": "c7e037336cf8dd0d4ac025f04b5d3f53"}, "message": "00ddaac73ac1b3c6d083cca7cd6024e900f48d218cf2e6fcd81bf6e4884beb0d"}}, "description": "", "pubkey": "a7580c2c604ae20d3ca21dbc5a6a07382835a8c6ff245ac1d07c3fc08c218727572d6a7913c758962ca811f270174309", "path": "m/12381/3600/15/0/0", "uuid": "f4127e53-73df-48fb-a53c-7d9b710f63df", "version": 4}