{"crypto": {"kdf": {"function": "scrypt", "params": {"dklen": 32, "n": 262144, "r": 8, "p": 1, "salt": "9c0bafee5bf3ea485ea254ac38ea6b2d72a9f5273dac7d7fb24cd03e8fe1d05b"}, "message": ""}, "checksum": {"function": "sha256", "params": {}, "message": "94796ca490448ff783742fb4bffe9eb75ece69d8c12491f1fd0c842c098fcffd"}, "cipher": {"function": "aes-128-ctr", "params": {"iv": "6e42231e041ec9ef9bb3a7fc1c5c4e7d"}, "message": "51cce9fbfcc8dcb244477b601f47abab23629d3fce84625d38e077ac79205ec7"}}, "description": "", "pubkey": "95899838836ea50231f608188fce859a130e0659a8d5fafe62311e50fa1578e2514cc597852599d50fa8761ef49c27d3", "path": "m/12381/3600/21/0/0", "uuid": "e41ddf2f-0416-42fa-b863-74aea2fe3011", "version": 4}