{"crypto": {"kdf": {"function": "scrypt", "params": {"dklen": 32, "n": 262144, "r": 8, "p": 1, "salt": "2111edbf0a1c6e6cc7216e2650c7ee3ab63a48af8a1332f52ba07d4c53382ab2"}, "message": ""}, "checksum": {"function": "sha256", "params": {}, "message": "0937a3d6801adcb628afe1e8c62012e078ca5560973f5bdf0ae99df04e8c1c26"}, "cipher": {"function": "aes-128-ctr", "params": {"iv": "22fcf9678d9d3451b7b70064c7aff1a4"}, "message": "6c2bcc1ace74027400e159c5aa0fa3b8830b85eb715f93cf8fcee3cad714532a"}}, "description": "", "pubkey": "b2ea3fe6a2c7041faab9fa31544bcbe50f2f1d44d954737c14f15d57c1c4fd0d74997f145d9a7e868912bfcfe347e18f", "path": "m/12381/3600/198/0/0", "uuid": "883258e4-8dd2-41c4-a5f9-21c6ddb87e0c", "version": 4}