{"crypto": {"kdf": {"function": "scrypt", "params": {"dklen": 32, "n": 262144, "r": 8, "p": 1, "salt": "e2a98651fa8ef0100876db56d6368102c34a4e9bb923adf3d5d5766ac80142fb"}, "message": ""}, "checksum": {"function": "sha256", "params": {}, "message": "edf465488a74694b8b7f46b179fe4b8dcbaae12ad0b1f3a72feb8b4a5de6b713"}, "cipher": {"function": "aes-128-ctr", "params": {"iv": "f6db09be2c00208086f91c971ef150f9"}, "message": "e0355ca7c3306b55cb678e391ba3af498f7fcf9f238c32ce2b2af09c0bf2adaa"}}, "description": "", "pubkey": "b88e4a2c252418bd06088cb81151a0912d2da44d49b329d88fd94cc1d8eed7e46cb8c21eb3b8ae0fb4599f63c22de719", "path": "m/12381/3600/60/0/0", "uuid": "f1029703-d4b3-419a-8c62-f8d2ae2c5d6f", "version": 4}