{"crypto": {"kdf": {"function": "scrypt", "params": {"dklen": 32, "n": 262144, "r": 8, "p": 1, "salt": "9c0bafee5bf3ea485ea254ac38ea6b2d72a9f5273dac7d7fb24cd03e8fe1d05b"}, "message": ""}, "checksum": {"function": "sha256", "params": {}, "message": "b2b6d753b3582503bf4dfb4d8a943d75eef7a507f60e8bee83c3387b436f94aa"}, "cipher": {"function": "aes-128-ctr", "params": {"iv": "6e42231e041ec9ef9bb3a7fc1c5c4e7d"}, "message": "02cf30f45a31c5d7b065d4165684279463b82948f6657eb4a42d6af02596fea1"}}, "description": "", "pubkey": "b88e4a2c252418bd06088cb81151a0912d2da44d49b329d88fd94cc1d8eed7e46cb8c21eb3b8ae0fb4599f63c22de719", "path": "m/12381/3600/60/0/0", "uuid": "40932501-f537-4c8c-a319-e69ef9a093f1", "version": 4}