{"crypto": {"kdf": {"function": "scrypt", "params": {"dklen": 32, "n": 262144, "r": 8, "p": 1, "salt": "2111edbf0a1c6e6cc7216e2650c7ee3ab63a48af8a1332f52ba07d4c53382ab2"}, "message": ""}, "checksum": {"function": "sha256", "params": {}, "message": "0dbb73d33d1e022ff9282fc767e2ffe43868c9228e1e2b3bd37606abeaee2538"}, "cipher": {"function": "aes-128-ctr", "params": {"iv": "22fcf9678d9d3451b7b70064c7aff1a4"}, "message": "2e33ba3fc6ecfc5f73bf41fbfcb264b529cdc86598040111a716dbc9384418c3"}}, "description": "", "pubkey": "aa9f9db39a07851b459ada6ab71a1fc121f58f9bce7ea672070cb0af4856ad2530b982242a8c9097eca6d8eb8eca1cfb", "path": "m/12381/3600/31/0/0", "uuid": "55245db5-41f3-43f8-9d89-56d32656d2fd", "version": 4}