{"crypto": {"kdf": {"function": "scrypt", "params": {"dklen": 32, "n": 262144, "r": 8, "p": 1, "salt": "9c0bafee5bf3ea485ea254ac38ea6b2d72a9f5273dac7d7fb24cd03e8fe1d05b"}, "message": ""}, "checksum": {"function": "sha256", "params": {}, "message": "dd518236e540ea75cc6a91711e22cca2d02c6c417305b6f254c9f131a1e81e55"}, "cipher": {"function": "aes-128-ctr", "params": {"iv": "6e42231e041ec9ef9bb3a7fc1c5c4e7d"}, "message": "033ca3c1b8ec01423b9c08e2310555a2089efc484b0e0d5932482412d53bab08"}}, "description": "", "pubkey": "af2d20e85a16021c261552139e386a34b36a2f3084febef658fbc0ee1f32fa732a8e504832458cedae276d45a927ff84", "path": "m/12381/3600/38/0/0", "uuid": "cdfee084-39cb-4d85-84d7-2a590c53bcb1", "version": 4}