{"crypto": {"kdf": {"function": "scrypt", "params": {"dklen": 32, "n": 262144, "r": 8, "p": 1, "salt": "2111edbf0a1c6e6cc7216e2650c7ee3ab63a48af8a1332f52ba07d4c53382ab2"}, "message": ""}, "checksum": {"function": "sha256", "params": {}, "message": "47d87390e797d39da7f9cfc8cd30888e85d103f964ecdc00aa61daf05f5d3bc4"}, "cipher": {"function": "aes-128-ctr", "params": {"iv": "22fcf9678d9d3451b7b70064c7aff1a4"}, "message": "516198d84e00df269a88c1e065053b8dbb5a6012f2247790deb544db32bb8a61"}}, "description": "", "pubkey": "b9cdc3d96e0e90bc4c7ae6699aeae965dbebbd4eef96b22bbd586fc56d7a75cb43a1a7cbbd61081428980f6f034d70d6", "path": "m/12381/3600/115/0/0", "uuid": "7df8ba86-3ae3-4622-9fc4-62e9fb128556", "version": 4}