{"crypto": {"kdf": {"function": "scrypt", "params": {"dklen": 32, "n": 262144, "r": 8, "p": 1, "salt": "9c0bafee5bf3ea485ea254ac38ea6b2d72a9f5273dac7d7fb24cd03e8fe1d05b"}, "message": ""}, "checksum": {"function": "sha256", "params": {}, "message": "c4c1a03467b3596639c0ee784d2798c0b36714b2880917f5bdac6977e2978412"}, "cipher": {"function": "aes-128-ctr", "params": {"iv": "6e42231e041ec9ef9bb3a7fc1c5c4e7d"}, "message": "3dc2ab1924903a07caaa9c00b8a6f14f7b7ef0c82662972ae9d3df0bd731caec"}}, "description": "", "pubkey": "a72a780a4a6c53b77ee6cd5c7207e832d5dff81541cf20bd192f31375c3476cb9f7999532662cc2f16b5754b642e6b15", "path": "m/12381/3600/3/0/0", "uuid": "24b1d8bd-9b10-4638-8a5a-81009b481796", "version": 4}