{"crypto": {"kdf": {"function": "scrypt", "params": {"dklen": 32, "n": 262144, "r": 8, "p": 1, "salt": "a7740943edfbc9d9a745a3f08c5ad4f3734e71db29f6741f2a96c2b2c6ad88f9"}, "message": ""}, "checksum": {"function": "sha256", "params": {}, "message": "d7da726cf06feb324ec8554dfdc39cc9833e1a04f75221b12697b18cc002af6c"}, "cipher": {"function": "aes-128-ctr", "params": {"iv": "ff78d9727a864b0dd66d77bda3a016a8"}, "message": "4990380f939dc63ce5ca2388e34dd25fd6b6dce5798d5d30f8185619b8a9b1f2"}}, "description": "", "pubkey": "8088b2ecfa56b343cae3f3e490155498b003a8bab114ebd41458f41f0cbc686321e9b84434d2f12eb68a18d2b9e0568a", "path": "m/12381/3600/1/0/0", "uuid": "04bd0e2a-282c-4d11-a8ca-64b7f28de64a", "version": 4}