{"crypto": {"kdf": {"function": "scrypt", "params": {"dklen": 32, "n": 262144, "r": 8, "p": 1, "salt": "a7740943edfbc9d9a745a3f08c5ad4f3734e71db29f6741f2a96c2b2c6ad88f9"}, "message": ""}, "checksum": {"function": "sha256", "params": {}, "message": "c4a4e9a6b6dee051bd46f2c0c5ba9e583ff5e7fd665b3eff31d45eb72bfd35bc"}, "cipher": {"function": "aes-128-ctr", "params": {"iv": "ff78d9727a864b0dd66d77bda3a016a8"}, "message": "77475bb0272d35477fbfd9b9ae0b66394f9c27d600e656c0fcd06a5d45e4acac"}}, "description": "", "pubkey": "95c02d1c94f0b8c97fb9e7692bf7e3f68b06c740c068e5f8e87f1ad4aabd65203b66739449cf6b105b9052b7ae5289b0", "path": "m/12381/3600/2/0/0", "uuid": "68c321c0-1601-4970-9cce-d7dd5d04b4bf", "version": 4}