{"crypto": {"kdf": {"function": "scrypt", "params": {"dklen": 32, "n": 262144, "r": 8, "p": 1, "salt": "f61bf38d501076255aa5766f8fd84330a3ceec550b8f9ca4611be7f453f524da"}, "message": ""}, "checksum": {"function": "sha256", "params": {}, "message": "27c779d4689553ecb063c6df5acff4771f60893bbf05ad846e7577b390d67de8"}, "cipher": {"function": "aes-128-ctr", "params": {"iv": "0ac01059e04307fd89bb4e286db896c7"}, "message": "f9f5d182cf80ef3a11b009f5e0a5ea7dfa228c341189c86fdf359463d0c5739d"}}, "description": "", "pubkey": "8ba4d46b78decbe48b0c4090e5b4314edce07d231eeb03e47cb50cf6d3fc75cb08ed950101c1383de8587760d41cee72", "path": "m/12381/3600/20/0/0", "uuid": "b4522b1a-6a6e-44a2-bdbc-26ba993487eb", "version": 4}