{"crypto": {"kdf": {"function": "scrypt", "params": {"dklen": 32, "n": 262144, "r": 8, "p": 1, "salt": "04560872b6ebd1f1aecabcecdb5ac6676214491a88cb452050cb03281d5c3ea8"}, "message": ""}, "checksum": {"function": "sha256", "params": {}, "message": "db3f59bf78ac1cac6204f666637b87de297eef90cdcf8fe0832dba519a498ce4"}, "cipher": {"function": "aes-128-ctr", "params": {"iv": "c7e037336cf8dd0d4ac025f04b5d3f53"}, "message": "5f496182c147b1fe0c0440d40d0574d4b7a677878e0ff65fcddcf9306f8ea5f7"}}, "description": "", "pubkey": "8ba4d46b78decbe48b0c4090e5b4314edce07d231eeb03e47cb50cf6d3fc75cb08ed950101c1383de8587760d41cee72", "path": "m/12381/3600/20/0/0", "uuid": "66f42104-aae2-4ac6-99ca-e83b3b810366", "version": 4}