{"crypto": {"kdf": {"function": "scrypt", "params": {"dklen": 32, "n": 262144, "r": 8, "p": 1, "salt": "9c0bafee5bf3ea485ea254ac38ea6b2d72a9f5273dac7d7fb24cd03e8fe1d05b"}, "message": ""}, "checksum": {"function": "sha256", "params": {}, "message": "ddec32c9de9fc10700ea80a6d2f5700ea22138b25e003b7ac6e8d82c35c88bfc"}, "cipher": {"function": "aes-128-ctr", "params": {"iv": "6e42231e041ec9ef9bb3a7fc1c5c4e7d"}, "message": "41b1bccb5b725deb15acc69f23198c67b35aff60b1f664e75cc9fbe568a498d0"}}, "description": "", "pubkey": "81d67da39f3acf469df18c99ac0600477e06c24b4879ac74dc61a5f97e8189da27846039eceb10937c41d7fac5901ed6", "path": "m/12381/3600/93/0/0", "uuid": "47635c60-4da4-4a27-b02d-cd0f28c772bd", "version": 4}