{"crypto": {"kdf": {"function": "scrypt", "params": {"dklen": 32, "n": 262144, "r": 8, "p": 1, "salt": "2111edbf0a1c6e6cc7216e2650c7ee3ab63a48af8a1332f52ba07d4c53382ab2"}, "message": ""}, "checksum": {"function": "sha256", "params": {}, "message": "6585ff3b5ca4c739d53dc56d68bc1c93c6d829e84a7dbafa70a92bb52fa2787f"}, "cipher": {"function": "aes-128-ctr", "params": {"iv": "22fcf9678d9d3451b7b70064c7aff1a4"}, "message": "278b1d1866afe97459e75bbdaa5fed2f6c5f3c6b1388e5166b9259a340a8e976"}}, "description": "", "pubkey": "97ffc73b8301329c25f1a128244abfb5c56c817a049b3dedaf418089ab132834fb99c30256f934b1ac430b0dcd9ba97c", "path": "m/12381/3600/16/0/0", "uuid": "25d9a330-809e-41e2-9fd4-9f6f82456cc7", "version": 4}