{"crypto":{"kdf":{"function":"scrypt","params":{"dklen":32,"n":2,"r":8,"p":1,"salt":"01030305"},"message":""},"checksum":{"function":"sha256","params":{},"message":"ada5212257b278b4688591d432351a537acafac9060cac1b2acdf570299cc598"},"cipher":{"function":"aes-128-ctr","params":{"iv":"d17c11dcd361d504b7130af197dee4d7"},"message":"bcfc736bd16d67248614872a06771c527ac0cfd8c1684cc02c02544639fe0a68"}},"uuid":"06fc2ab1-d23d-46b6-b51b-63f7b9d4b00a","path":"","pubkey":"a3a32b0f8b4ddb83f1a0a853d81dd725dfe577d4f4c3db8ece52ce2b026eca84815c1a7e8e92a4de3d755733bf7e4a9b","version":4,"description":null,"name":null}