{"crypto": {"kdf": {"function": "scrypt", "params": {"dklen": 32, "n": 262144, "r": 8, "p": 1, "salt": "85e6d813be8aff30fe4d6ff9a8c66701462bea0ace48ae9119c5ce37bf3cbee6"}, "message": ""}, "checksum": {"function": "sha256", "params": {}, "message": "054927f8ba12caa38899545cfccbcd8a6dc7b6b00d964eaf3530b89cbb07cc0d"}, "cipher": {"function": "aes-128-ctr", "params": {"iv": "cf239913a84dab91df8c5ac88e26e888"}, "message": "71512d12e60846a53ef6815cf23cd4864c4b001f88a6cf32c07bdef890561343"}}, "description": "", "pubkey": "8fc34aac4529007a96a5354d3aa1bd814160f62afe90b53f54636e9dd6a781714f453afef065f4824a1d93d33b525e0f", "path": "m/12381/3600/37/0/0", "uuid": "83c33dfa-19d5-4316-89e9-1dbdeaf6a038", "version": 4}