{"crypto": {"kdf": {"function": "scrypt", "params": {"dklen": 32, "n": 262144, "r": 8, "p": 1, "salt": "2111edbf0a1c6e6cc7216e2650c7ee3ab63a48af8a1332f52ba07d4c53382ab2"}, "message": ""}, "checksum": {"function": "sha256", "params": {}, "message": "b351758bd33a84b5f4d6f321722042dfcc0ace48ccc0a05e1568e5db2480a03a"}, "cipher": {"function": "aes-128-ctr", "params": {"iv": "22fcf9678d9d3451b7b70064c7aff1a4"}, "message": "4f6c501d5442422d7def63b4f66256cd1ca4f1ee795f3cd76234bae7645537d6"}}, "description": "", "pubkey": "8422cd873873715e5c37c4dc851930db0b8cadc8c18a2e8d1ea31ad186fad5f36626dcfac8f269d58971ee26887c01dd", "path": "m/12381/3600/183/0/0", "uuid": "1e2b4582-66ff-48b4-b27b-396f315dd1c3", "version": 4}