{"crypto": {"kdf": {"function": "scrypt", "params": {"dklen": 32, "n": 262144, "r": 8, "p": 1, "salt": "2111edbf0a1c6e6cc7216e2650c7ee3ab63a48af8a1332f52ba07d4c53382ab2"}, "message": ""}, "checksum": {"function": "sha256", "params": {}, "message": "9014b089ece692717859d66af73a964d85fa29459d17ac14a7dc308fc3d7670d"}, "cipher": {"function": "aes-128-ctr", "params": {"iv": "22fcf9678d9d3451b7b70064c7aff1a4"}, "message": "0924ec4d6e56d84a413f394a028f778891dbc3e8bbc4e53d2c8a61bc36bf59e7"}}, "description": "", "pubkey": "b9e8f6d06272710e5dd70fe48ed0b6fa34fd9de8014fdf4fce678001ae758cf00b6d7f5fd8a13396d31f21201aaf1c14", "path": "m/12381/3600/48/0/0", "uuid": "16995e1c-c674-4d05-af98-ee052168b55a", "version": 4}