{"crypto": {"kdf": {"function": "scrypt", "params": {"dklen": 32, "n": 262144, "r": 8, "p": 1, "salt": "d39fd9a6c95be5e511c03968bcadcbc6b8033955e19b5fdacca13d3ef09f0317"}, "message": ""}, "checksum": {"function": "sha256", "params": {}, "message": "dbc71b8642afd6554b97ad0a5475f5544f13f486053ad2ee8b04030cd5a42d67"}, "cipher": {"function": "aes-128-ctr", "params": {"iv": "c296383d27b10c2a1d73921267905105"}, "message": "876939c1cd2d2ca0e1266867efd7f7790c8aabf3fa4adde8cdb3a42a0d107f2b"}}, "description": "", "pubkey": "b91b39357f45f3cb9e6ab8055c9569b09adf769a84b16a8fb6f3483a78b3311451d435742fd1ae9f8d27e534c049c0f0", "path": "m/12381/3600/28/0/0", "uuid": "dcabd414-dc37-4f1f-a2fd-08710806994b", "version": 4}