{"crypto": {"kdf": {"function": "scrypt", "params": {"dklen": 32, "n": 262144, "r": 8, "p": 1, "salt": "2111edbf0a1c6e6cc7216e2650c7ee3ab63a48af8a1332f52ba07d4c53382ab2"}, "message": ""}, "checksum": {"function": "sha256", "params": {}, "message": "9f426814cf781b2265b9b0cec83ac0506becfcba0637e0b91d3eb87b73aac83e"}, "cipher": {"function": "aes-128-ctr", "params": {"iv": "22fcf9678d9d3451b7b70064c7aff1a4"}, "message": "58738716cf6ccda6ed17ae26fed948133abd95f36c8d596055249c6cbcd3f324"}}, "description": "", "pubkey": "964227d4faef5e9a83f667b4e41cd010e005f7b9abf0d2f00e6806abe3644c80b2e040d1c0937abcb8aa90eff9fc6fd4", "path": "m/12381/3600/44/0/0", "uuid": "ac02f764-c0cf-4ea2-a502-d6847b18e41a", "version": 4}