{"crypto": {"kdf": {"function": "scrypt", "params": {"dklen": 32, "n": 262144, "r": 8, "p": 1, "salt": "d3de6befb437a376657dfbb3574cb3460a86bb1bde11211d863c244888fe7374"}, "message": ""}, "checksum": {"function": "sha256", "params": {}, "message": "c8d0e2724caae6d85c7b29bb5a5da0824563f7806aa0da6179d55cee71ecc5da"}, "cipher": {"function": "aes-128-ctr", "params": {"iv": "29981de9877fcd84f24b779ac581e1b4"}, "message": "24f65abf67d478b9610a06af62fe998bfec980033ae2717da0879c5db2ba92ac"}}, "description": "", "pubkey": "b420c567080a142d1a0f4d25bcfec6f448e2c760773f6c2cbbce091b4024c29b05c5000e2f6b0fbdaf1c3b6f9e3768a9", "path": "m/12381/3600/4/0/0", "uuid": "ac9a75cc-b789-4abf-9415-c0f87dde6a53", "version": 4}