{"crypto": {"kdf": {"function": "scrypt", "params": {"dklen": 32, "n": 262144, "r": 8, "p": 1, "salt": "413384c0532d17ac0d4c7b1084c9e656f249a50562f7380456bd9102b3d37a01"}, "message": ""}, "checksum": {"function": "sha256", "params": {}, "message": "81d786f5fb3e0d71447dd2f39ccdacd356af6e4662791c97f6abf39d10e3bb28"}, "cipher": {"function": "aes-128-ctr", "params": {"iv": "6b2033011e9501aa4ac291a2f3d9fed4"}, "message": "1812a56048f6ff5379fb281addcc34572195ff1bdf3ba569e7ddddffa476f3fa"}}, "description": "", "pubkey": "86aefa7bc4eb3a8027bc4c10ec78ab36b48b7d7f541d9f5da295c979110dd8318a34bfcdd03dc1bce4ab8f78a0546b0c", "path": "m/12381/3600/46/0/0", "uuid": "b2880536-83ba-4520-86bd-5e02f337165d", "version": 4}