{"crypto": {"kdf": {"function": "scrypt", "params": {"dklen": 32, "n": 262144, "r": 8, "p": 1, "salt": "9c0bafee5bf3ea485ea254ac38ea6b2d72a9f5273dac7d7fb24cd03e8fe1d05b"}, "message": ""}, "checksum": {"function": "sha256", "params": {}, "message": "ff0001f2511acde1c0c51f8286177cada8b01e23469aa3645ad63f07f06efac9"}, "cipher": {"function": "aes-128-ctr", "params": {"iv": "6e42231e041ec9ef9bb3a7fc1c5c4e7d"}, "message": "38df6992f03b5e0e7bf6ddeead6db2218ba05b8f959cb6742abb40e0b8d2cba4"}}, "description": "", "pubkey": "897727a58d0dcdf3c378d786e7e8078075c8799a991a24b5e90d5620f055938080c560e6f98a20732221be8ddbba4bb7", "path": "m/12381/3600/31/0/0", "uuid": "ecbc2155-0932-4430-bda5-8c0e16339fb1", "version": 4}