{"crypto": {"kdf": {"function": "scrypt", "params": {"dklen": 32, "n": 262144, "r": 8, "p": 1, "salt": "e2a98651fa8ef0100876db56d6368102c34a4e9bb923adf3d5d5766ac80142fb"}, "message": ""}, "checksum": {"function": "sha256", "params": {}, "message": "8439bd8b5dd94e617f8684dbf458d11ad6b1cca58c3a09000f48b29e14711ce0"}, "cipher": {"function": "aes-128-ctr", "params": {"iv": "f6db09be2c00208086f91c971ef150f9"}, "message": "da2505c1693af08c00f487c1e04a3afc6767bd584075fa0ea5bcda8c96b698af"}}, "description": "", "pubkey": "897727a58d0dcdf3c378d786e7e8078075c8799a991a24b5e90d5620f055938080c560e6f98a20732221be8ddbba4bb7", "path": "m/12381/3600/31/0/0", "uuid": "6a8da6ae-c565-4e5e-bbdf-ed7ee8aea536", "version": 4}