{"crypto": {"kdf": {"function": "scrypt", "params": {"dklen": 32, "n": 262144, "r": 8, "p": 1, "salt": "d39fd9a6c95be5e511c03968bcadcbc6b8033955e19b5fdacca13d3ef09f0317"}, "message": ""}, "checksum": {"function": "sha256", "params": {}, "message": "840d1ef929c72e50d505d584ba2998ae9b3ba91af8dbe6721667c55b73c12e8f"}, "cipher": {"function": "aes-128-ctr", "params": {"iv": "c296383d27b10c2a1d73921267905105"}, "message": "85850f34448c28b8496347792fe85804196b564db4de48b44fc0f1f154e3cd29"}}, "description": "", "pubkey": "b8c9a1dc8afb2f2b6b74ebbfd218bea362a0d1b63d5e4d65a8417aaab865b03a9ef8e78493fdee01dbe32eb29cc3d4bf", "path": "m/12381/3600/1/0/0", "uuid": "e2f75b21-b637-4099-8da0-28d7fb66c3db", "version": 4}