{"crypto": {"kdf": {"function": "scrypt", "params": {"dklen": 32, "n": 262144, "r": 8, "p": 1, "salt": "2111edbf0a1c6e6cc7216e2650c7ee3ab63a48af8a1332f52ba07d4c53382ab2"}, "message": ""}, "checksum": {"function": "sha256", "params": {}, "message": "c98b11fae2e35af1bf7dc9c2dccb09ea01aa5b045a6be1a3a22246fe6c16a05b"}, "cipher": {"function": "aes-128-ctr", "params": {"iv": "22fcf9678d9d3451b7b70064c7aff1a4"}, "message": "64603288b1655414d94ff2e0914e50ab30acf9e7092890bc79dfcd9fa4c3ec35"}}, "description": "", "pubkey": "aef0c5f356f596cf018efab35bba0621a7edaa57d1c164d4e23c1db764466d1c221cf6ae68db3681f2df15787bedee4e", "path": "m/12381/3600/170/0/0", "uuid": "15e12f0a-cc04-46c8-9eaf-b6cba090bf13", "version": 4}