{"crypto": {"kdf": {"function": "scrypt", "params": {"dklen": 32, "n": 262144, "r": 8, "p": 1, "salt": "9c0bafee5bf3ea485ea254ac38ea6b2d72a9f5273dac7d7fb24cd03e8fe1d05b"}, "message": ""}, "checksum": {"function": "sha256", "params": {}, "message": "f7acd6cc4a6bea964888428e7ef96f990110bd2c52f6e426207a38e739258a0c"}, "cipher": {"function": "aes-128-ctr", "params": {"iv": "6e42231e041ec9ef9bb3a7fc1c5c4e7d"}, "message": "706ec1b6ce81c0eb07384f3485573d4b494464c242b74da67433f37f1da999dd"}}, "description": "", "pubkey": "a897b74fe5239c011dce001243784dcb031fc5a0ddd77971cb346fb7bc27dee659d7c7b6f00a2e385ecd63bd6ede2270", "path": "m/12381/3600/32/0/0", "uuid": "d18d7004-0120-415b-8965-b088d282392f", "version": 4}