{"crypto": {"kdf": {"function": "scrypt", "params": {"dklen": 32, "n": 262144, "r": 8, "p": 1, "salt": "d3de6befb437a376657dfbb3574cb3460a86bb1bde11211d863c244888fe7374"}, "message": ""}, "checksum": {"function": "sha256", "params": {}, "message": "8e59db29f77c146df233bea2bd8182b37f34c708360e8d1794076a27f1156b9f"}, "cipher": {"function": "aes-128-ctr", "params": {"iv": "29981de9877fcd84f24b779ac581e1b4"}, "message": "48f18cc7fc886ba1b905eaed0dd3bfb2470cf9d3000f75e482045c761b6e9e3c"}}, "description": "", "pubkey": "b8c9a1dc8afb2f2b6b74ebbfd218bea362a0d1b63d5e4d65a8417aaab865b03a9ef8e78493fdee01dbe32eb29cc3d4bf", "path": "m/12381/3600/1/0/0", "uuid": "bfb7f5f0-dfd4-47a3-a1b7-b33918a3008b", "version": 4}