{"crypto": {"kdf": {"function": "scrypt", "params": {"dklen": 32, "n": 262144, "r": 8, "p": 1, "salt": "2111edbf0a1c6e6cc7216e2650c7ee3ab63a48af8a1332f52ba07d4c53382ab2"}, "message": ""}, "checksum": {"function": "sha256", "params": {}, "message": "cf91410ed1d3cd9a96083d9eceecc1dd2ed12194a4f7315667bf42712dcc299b"}, "cipher": {"function": "aes-128-ctr", "params": {"iv": "22fcf9678d9d3451b7b70064c7aff1a4"}, "message": "27e0ae28a3f51414ce84965bfa0f615064085db53f0ccff7736cdc532b1fcc46"}}, "description": "", "pubkey": "b2d88e19492adda9f3395c22035fb1cf756b5916b1983a3f8d047bc7b09ade456eab2a454728ca72da2e282187ddc17a", "path": "m/12381/3600/69/0/0", "uuid": "22c9597e-3bcc-4a2b-8024-44619bc6017a", "version": 4}