{"crypto": {"kdf": {"function": "scrypt", "params": {"dklen": 32, "n": 262144, "r": 8, "p": 1, "salt": "2111edbf0a1c6e6cc7216e2650c7ee3ab63a48af8a1332f52ba07d4c53382ab2"}, "message": ""}, "checksum": {"function": "sha256", "params": {}, "message": "2947fa3159d0da1b57639b469735b603e01ffde445dca2c1ca61fef1f3b45cf9"}, "cipher": {"function": "aes-128-ctr", "params": {"iv": "22fcf9678d9d3451b7b70064c7aff1a4"}, "message": "5ceec2e5f7bb6e35bcd8f631fbc24d4b12dc496c39a5d6cdf711f8263c8b8901"}}, "description": "", "pubkey": "85b63a12aa4cb46981ff21e34b1576ca1572c07e29f5e03f2daa375d8eedd7e9b3dca44b7d797ef058941c6fbd2600cf", "path": "m/12381/3600/135/0/0", "uuid": "3430f9ba-3099-49d8-b1ce-ae9523e54619", "version": 4}