{"crypto": {"kdf": {"function": "scrypt", "params": {"dklen": 32, "n": 262144, "r": 8, "p": 1, "salt": "04560872b6ebd1f1aecabcecdb5ac6676214491a88cb452050cb03281d5c3ea8"}, "message": ""}, "checksum": {"function": "sha256", "params": {}, "message": "5fa494f9db757da2d2fe2c7da205409e1ee15a06a8c9ae4de2df471e0d176eac"}, "cipher": {"function": "aes-128-ctr", "params": {"iv": "c7e037336cf8dd0d4ac025f04b5d3f53"}, "message": "227e555afd6c976dbb1fd5c884bbb58e572b0d0920c59847cb4c1d92525f3885"}}, "description": "", "pubkey": "a4a75d2521015cf3a751d4cd6d2e4a5b85c7d56917d1612ce99119d9151f6d48b119965a8900a26eee9d9bad562c41b5", "path": "m/12381/3600/7/0/0", "uuid": "57df5e7b-7136-46d6-ab58-dc85059f465b", "version": 4}