{"crypto": {"kdf": {"function": "scrypt", "params": {"dklen": 32, "n": 262144, "r": 8, "p": 1, "salt": "e2a98651fa8ef0100876db56d6368102c34a4e9bb923adf3d5d5766ac80142fb"}, "message": ""}, "checksum": {"function": "sha256", "params": {}, "message": "f0eeb4c0a8b8c30bfccd9e161e6d994756d087000b1c7a5856f60cc9197538b8"}, "cipher": {"function": "aes-128-ctr", "params": {"iv": "f6db09be2c00208086f91c971ef150f9"}, "message": "dae6c4a24f84cd3a09f25d58171c89c50dae382c9f602fdb46c6b2b3aa541a4a"}}, "description": "", "pubkey": "97b9d8199e3d7f32555b6d079346e1a4e72ab446882054b839f34445d41c39fefdf98acf81b371aa843b817dc706e6a2", "path": "m/12381/3600/26/0/0", "uuid": "d24134b5-2b39-4ac9-ad9b-9a48eef3bedb", "version": 4}