{"crypto": {"kdf": {"function": "scrypt", "params": {"dklen": 32, "n": 262144, "r": 8, "p": 1, "salt": "e2a98651fa8ef0100876db56d6368102c34a4e9bb923adf3d5d5766ac80142fb"}, "message": ""}, "checksum": {"function": "sha256", "params": {}, "message": "0037424e2a06d7adad777886369093a671b36ec7f7932b1b60fb72fdd5e7da57"}, "cipher": {"function": "aes-128-ctr", "params": {"iv": "f6db09be2c00208086f91c971ef150f9"}, "message": "9a0a970fee9c58d1e8bd16bd9a2a0d6e66ec8a144beddd7d084526ab61627cce"}}, "description": "", "pubkey": "b5e3e99778324e12220c86058a7d9a128414bfd2ccd46123fc7b8e99bf8b61c07efc034fa757c80fbadfa3effadd0b72", "path": "m/12381/3600/18/0/0", "uuid": "347013fc-1725-4c98-bf9d-3003023513fa", "version": 4}