{"crypto": {"kdf": {"function": "scrypt", "params": {"dklen": 32, "n": 262144, "r": 8, "p": 1, "salt": "9c0bafee5bf3ea485ea254ac38ea6b2d72a9f5273dac7d7fb24cd03e8fe1d05b"}, "message": ""}, "checksum": {"function": "sha256", "params": {}, "message": "2f8536b6765072a2748801ba241c5e7d1d3ed9616fa71946c219ce017e774903"}, "cipher": {"function": "aes-128-ctr", "params": {"iv": "6e42231e041ec9ef9bb3a7fc1c5c4e7d"}, "message": "78f0fb5c779df65393bf4c92d70d85b38a2b6cc39e0491078742bcc74f062fc5"}}, "description": "", "pubkey": "b5e3e99778324e12220c86058a7d9a128414bfd2ccd46123fc7b8e99bf8b61c07efc034fa757c80fbadfa3effadd0b72", "path": "m/12381/3600/18/0/0", "uuid": "4a612b51-0b29-452d-a10b-77f42a00dba8", "version": 4}