{"crypto": {"kdf": {"function": "scrypt", "params": {"dklen": 32, "n": 262144, "r": 8, "p": 1, "salt": "9c0bafee5bf3ea485ea254ac38ea6b2d72a9f5273dac7d7fb24cd03e8fe1d05b"}, "message": ""}, "checksum": {"function": "sha256", "params": {}, "message": "02ec9316acfe19b584d1277e34ca0bd2815e27be17e5fb3ed2fc04ba1a1ca742"}, "cipher": {"function": "aes-128-ctr", "params": {"iv": "6e42231e041ec9ef9bb3a7fc1c5c4e7d"}, "message": "2dae55a36673bdfba836d830ffba984552cedd4a6e760a486185dfcbd31b2a6e"}}, "description": "", "pubkey": "811604e0f98f7c3c2070c9d0dd6527bb3f9fb4ae5b77da7b561f20cb1382733052b19188b5c777867c6bb848d2835da4", "path": "m/12381/3600/40/0/0", "uuid": "af698d8f-d96e-411d-8d3f-dfd9811af352", "version": 4}