{"crypto": {"kdf": {"function": "scrypt", "params": {"dklen": 32, "n": 262144, "r": 8, "p": 1, "salt": "d3de6befb437a376657dfbb3574cb3460a86bb1bde11211d863c244888fe7374"}, "message": ""}, "checksum": {"function": "sha256", "params": {}, "message": "f6086ade5fe4928cfc4edbab751f37350538d12859a3f05dfbaa76bbdc2404e8"}, "cipher": {"function": "aes-128-ctr", "params": {"iv": "29981de9877fcd84f24b779ac581e1b4"}, "message": "37ae2ec226bae5ec4235f82c446ce1ed20de897125c59f96065ea497342170b4"}}, "description": "", "pubkey": "b1c870177ab24fe3ba89daff46a232bf46c91392ddfa5323c1de042fc5dd11ed7ee16d6744ec2025a9df6042d1f31da8", "path": "m/12381/3600/3/0/0", "uuid": "3d8a4810-52f2-4b31-afc5-6b273aba396d", "version": 4}