{"crypto": {"kdf": {"function": "scrypt", "params": {"dklen": 32, "n": 262144, "r": 8, "p": 1, "salt": "04560872b6ebd1f1aecabcecdb5ac6676214491a88cb452050cb03281d5c3ea8"}, "message": ""}, "checksum": {"function": "sha256", "params": {}, "message": "31084df7aea158bf77b00140a975f022463dd9d7a07afaa56a7d776231b48c4a"}, "cipher": {"function": "aes-128-ctr", "params": {"iv": "c7e037336cf8dd0d4ac025f04b5d3f53"}, "message": "38ea25344b5f8e61e89fb823c47ec3985d4702da5e33c37dc5bbde0ead4ad719"}}, "description": "", "pubkey": "81f6bfdcd28ecf8439da2677dfd113c72c7bbd540bf7f179ba90ab84307f8256c399963c1c98ce345e708fb50adb22ac", "path": "m/12381/3600/14/0/0", "uuid": "bd7dbe6d-1c92-465f-a99e-22aca9af3ace", "version": 4}