{"crypto": {"kdf": {"function": "scrypt", "params": {"dklen": 32, "n": 262144, "r": 8, "p": 1, "salt": "9c0bafee5bf3ea485ea254ac38ea6b2d72a9f5273dac7d7fb24cd03e8fe1d05b"}, "message": ""}, "checksum": {"function": "sha256", "params": {}, "message": "d4edfd346a9debe291ad45e5d5583da97b8673e47128a9b18039f34ae04b3e35"}, "cipher": {"function": "aes-128-ctr", "params": {"iv": "6e42231e041ec9ef9bb3a7fc1c5c4e7d"}, "message": "24c5dec51950a1ae4f95575a90b20bdb39b7633cb5eff38f26bc365fb2007e4e"}}, "description": "", "pubkey": "8baedef87d0517f07f33692f2fb4bffb7d0584105a6bf550956da5e44ea691a053ef23a91ca42ddedd7ea909165c7464", "path": "m/12381/3600/53/0/0", "uuid": "922751f2-577d-4244-88e2-f79380bf93cb", "version": 4}