{"crypto": {"kdf": {"function": "scrypt", "params": {"dklen": 32, "n": 262144, "r": 8, "p": 1, "salt": "85e6d813be8aff30fe4d6ff9a8c66701462bea0ace48ae9119c5ce37bf3cbee6"}, "message": ""}, "checksum": {"function": "sha256", "params": {}, "message": "4cac1fb9a28de231a867325a1fc753ec779041a0a9b60aaad30313b6eec3d951"}, "cipher": {"function": "aes-128-ctr", "params": {"iv": "cf239913a84dab91df8c5ac88e26e888"}, "message": "021d91ffb3789821e56cde7d04dfb7dc5c8eaecae8ec7684fe672b52cae99b57"}}, "description": "", "pubkey": "883af9f9889b2638800540ab05476fe5ebdaa2f7fac215897d488bfeff4a3b384a1fda9e1313069d0f410b2288a2ab46", "path": "m/12381/3600/27/0/0", "uuid": "b11cd3cb-4f8f-4501-8ec4-0bfb198eb1ae", "version": 4}