{"crypto": {"kdf": {"function": "scrypt", "params": {"dklen": 32, "n": 262144, "r": 8, "p": 1, "salt": "86fc628ffbb6fe1647d97787ff2b1f7dde45524602d2ee281eb76e41d12b3b74"}, "message": ""}, "checksum": {"function": "sha256", "params": {}, "message": "854810eeef5f5d4c47f7930270e8eeb7c03fde95d6c36e39e15ad57288d3e545"}, "cipher": {"function": "aes-128-ctr", "params": {"iv": "6b1d26d94bab44b274b04cefb95e293f"}, "message": "b8c66b13c3efc1f024cdf8c5adcc49a7c95d28d3113fb5699a8918dddc89c4ea"}}, "description": "", "pubkey": "8d84bae5d7b7143ea0d66444a77321c8179bd3ab3f19646a11d35aeb4be76b6d1b9ce8456e7403f99219d5c6546539b3", "path": "m/12381/3600/1/0/0", "uuid": "310ec980-3c6b-4290-adcf-f8a11ef8f4ac", "version": 4}