{"crypto": {"kdf": {"function": "scrypt", "params": {"dklen": 32, "n": 262144, "r": 8, "p": 1, "salt": "e6790198682ce01e8987822e417442662746b97a7c9732aa06878ff59c2ecad4"}, "message": ""}, "checksum": {"function": "sha256", "params": {}, "message": "b7c5290c426279afb4d9d2f086eb39c65f837963c71e743a8d1b797e0ac05c3c"}, "cipher": {"function": "aes-128-ctr", "params": {"iv": "4bf17a659e4dcbc3dbf364454a9b0db0"}, "message": "1d07cdc389206aa86977413d5dd49a6477e8f1226be0d4b927c55b2b69b0d595"}}, "description": "", "pubkey": "ac1744bdaeb169a15e61fefc5ef9d0163cdd29bbdc8ab6255bf996ff3abacda5c8397ffc322efafa5fdbbc8a5b234810", "path": "m/12381/3600/41/0/0", "uuid": "e8f3517a-be56-4cc2-a4fe-83e88850a145", "version": 4}