{"crypto": {"kdf": {"function": "scrypt", "params": {"dklen": 32, "n": 262144, "r": 8, "p": 1, "salt": "c3c067cde9abafdad5d3b8b660473f3ba49bb399e5e82d7127a7ea12982a7ae6"}, "message": ""}, "checksum": {"function": "sha256", "params": {}, "message": "f50d0b34e695bd3e2246f48ced165260b23e9b79f4d2e19d930a0a70eaf33fb0"}, "cipher": {"function": "aes-128-ctr", "params": {"iv": "815f8fa069fdd49703bba4c4c08de103"}, "message": "d835b1e804c61ef6ef599150854c0be49fab97c7d49db9edeeb99a8a611046bd"}}, "description": "", "pubkey": "8c001aed7b292eb1586c49d5fda1a934daff5b7896d0564f794ba10c6ab3c8819d7de63096732b9ddcda6ee43f8c83c4", "path": "m/12381/3600/21/0/0", "uuid": "44c2a2f1-3d4f-43b2-9049-2f0b9d887502", "version": 4}