{"crypto": {"kdf": {"function": "scrypt", "params": {"dklen": 32, "n": 262144, "r": 8, "p": 1, "salt": "c3c067cde9abafdad5d3b8b660473f3ba49bb399e5e82d7127a7ea12982a7ae6"}, "message": ""}, "checksum": {"function": "sha256", "params": {}, "message": "7040a7e2947d92aa1ba778fff3c856c14db4f219d2d4d71ce1eabdadb441dafd"}, "cipher": {"function": "aes-128-ctr", "params": {"iv": "815f8fa069fdd49703bba4c4c08de103"}, "message": "835a02008d733e14fb0f35750ba17d731ba99dcd02c4ddcc41de962ee5eb68ff"}}, "description": "", "pubkey": "998efd2bedc7925cd930fd3a3427adbce185c0fc37177f3555a37564e23921bdfcff5458ec91748fd379111b64c974a5", "path": "m/12381/3600/9/0/0", "uuid": "636ee3e1-0cfd-4f00-82a2-de49d39338e0", "version": 4}