{"crypto": {"kdf": {"function": "scrypt", "params": {"dklen": 32, "n": 262144, "r": 8, "p": 1, "salt": "f61bf38d501076255aa5766f8fd84330a3ceec550b8f9ca4611be7f453f524da"}, "message": ""}, "checksum": {"function": "sha256", "params": {}, "message": "d73dd5a55ce75f5b72f5ddd18a7279484b591d1fdb838c61b6f66b6bb52f5aa7"}, "cipher": {"function": "aes-128-ctr", "params": {"iv": "0ac01059e04307fd89bb4e286db896c7"}, "message": "9ff5c174f8fd9fccf4f505a0ce39a387d95216496983cb59a4aac28bfadfd8ef"}}, "description": "", "pubkey": "b87734662f79ab94cec1bcdf1e9ec879609d88da218990f143d9b5ee7960f18648d819de1b72bfd480c714fe060aa384", "path": "m/12381/3600/46/0/0", "uuid": "260f837f-c78e-4c56-a73d-6bf61a1a3759", "version": 4}