{"crypto": {"kdf": {"function": "scrypt", "params": {"dklen": 32, "n": 262144, "r": 8, "p": 1, "salt": "f61bf38d501076255aa5766f8fd84330a3ceec550b8f9ca4611be7f453f524da"}, "message": ""}, "checksum": {"function": "sha256", "params": {}, "message": "d01ef9e4d31c00923db35b9ded46051a8119254cda9af21fbc891fbb9e18a159"}, "cipher": {"function": "aes-128-ctr", "params": {"iv": "0ac01059e04307fd89bb4e286db896c7"}, "message": "89856566a5e52624d3b70a34cd8bf3b7be6dad70f17fba0067b00dafb0d3af0c"}}, "description": "", "pubkey": "a0096f250801b5911ce4ecf7eb35d380f6ab6b62b243954ed72a47d715e82c49e2d8fdb1eca62ebf3ce6a03759b64600", "path": "m/12381/3600/48/0/0", "uuid": "eb1c3345-a09c-4ef0-ab7f-ad464d66cb60", "version": 4}