{"crypto": {"kdf": {"function": "scrypt", "params": {"dklen": 32, "n": 262144, "r": 8, "p": 1, "salt": "b3c28933b02bffd4d53664b6d7c5991f6ae002327b8267bbc9510eea5546c36c"}, "message": ""}, "checksum": {"function": "sha256", "params": {}, "message": "f6caa77742245ac307cb5f0ad9ef111ad642fb89aff703122e3c51692ea8a23f"}, "cipher": {"function": "aes-128-ctr", "params": {"iv": "2d7e706a680d77c5df73105b704a030d"}, "message": "1cf36b1995fcf19cb62c8ab9c08bcbcd3233fb0b9919df8aadeef82a6731ae14"}}, "description": "", "pubkey": "b1b22a21772d471fcba8a94d56d2620e7479c179708ceb6e21ce3361ffb93c913050baab45b9c436f4e96af40e6a8181", "path": "m/12381/3600/28/0/0", "uuid": "4af08d9d-bcfa-402d-a1f7-b48b67effa7c", "version": 4}