{"crypto": {"kdf": {"function": "scrypt", "params": {"dklen": 32, "n": 262144, "r": 8, "p": 1, "salt": "f61bf38d501076255aa5766f8fd84330a3ceec550b8f9ca4611be7f453f524da"}, "message": ""}, "checksum": {"function": "sha256", "params": {}, "message": "a63dbf9ad053d59248f5db203da9856e93a3ef03dc4e6ecfe42e2ff8f2b6864d"}, "cipher": {"function": "aes-128-ctr", "params": {"iv": "0ac01059e04307fd89bb4e286db896c7"}, "message": "a92b9b8b3e378c5b6bbaa9f583b586824a95606cd66f2c456ea5e764cd246526"}}, "description": "", "pubkey": "875da731e279390d344efc5954b1d610acf40f2bb91031826fbc013ea70867e7e0c92f3176ae7520dd327d80134707a6", "path": "m/12381/3600/35/0/0", "uuid": "bfedf7d2-9823-4ad8-aacd-97fa82a2abf3", "version": 4}