{"crypto": {"kdf": {"function": "scrypt", "params": {"dklen": 32, "n": 262144, "r": 8, "p": 1, "salt": "c3c067cde9abafdad5d3b8b660473f3ba49bb399e5e82d7127a7ea12982a7ae6"}, "message": ""}, "checksum": {"function": "sha256", "params": {}, "message": "01d6117b889fc5fd5a30d25e5419d9ee1a8129c231ac2a7a25c1f66ba8085d15"}, "cipher": {"function": "aes-128-ctr", "params": {"iv": "815f8fa069fdd49703bba4c4c08de103"}, "message": "88f232513012ece585b68a129ea385fe2f0a43f70bb704daf3ec35eea207e7bc"}}, "description": "", "pubkey": "918139cee5ac0ef76c60188c5c205f7bbb85e3ec2a0d444ae1d2e00fb3b8a9d92d50f19ffad47d011659fad0c1d44b46", "path": "m/12381/3600/0/0/0", "uuid": "beb2c6a9-11c7-4641-857b-0a257fa7f734", "version": 4}