{"crypto": {"kdf": {"function": "scrypt", "params": {"dklen": 32, "n": 262144, "r": 8, "p": 1, "salt": "c3c067cde9abafdad5d3b8b660473f3ba49bb399e5e82d7127a7ea12982a7ae6"}, "message": ""}, "checksum": {"function": "sha256", "params": {}, "message": "722279be19be698e1e8d033a8876ad4b8c01a4fb00f516bb8c1dc082a5d8b700"}, "cipher": {"function": "aes-128-ctr", "params": {"iv": "815f8fa069fdd49703bba4c4c08de103"}, "message": "8f8acc3feb13d1d3cfb2044c932e99d9e3ab3ffe181f2df4f685581b139d2668"}}, "description": "", "pubkey": "b87734662f79ab94cec1bcdf1e9ec879609d88da218990f143d9b5ee7960f18648d819de1b72bfd480c714fe060aa384", "path": "m/12381/3600/46/0/0", "uuid": "de3cd4f2-4455-4880-982d-da2bde034e53", "version": 4}