{"crypto": {"kdf": {"function": "scrypt", "params": {"dklen": 32, "n": 262144, "r": 8, "p": 1, "salt": "e6790198682ce01e8987822e417442662746b97a7c9732aa06878ff59c2ecad4"}, "message": ""}, "checksum": {"function": "sha256", "params": {}, "message": "6bcacf903852fa2dcf150455b1d6cf2e952650f01b172cbd66e4dc699236cb3f"}, "cipher": {"function": "aes-128-ctr", "params": {"iv": "4bf17a659e4dcbc3dbf364454a9b0db0"}, "message": "3e29dc4420504d9b38fc9830614e613181b84ca190b23bbfb34d2585bae64322"}}, "description": "", "pubkey": "ada543b9cd9d5a81d9c04ad208b4f18bf4e72fb4c9ef45364deed57f03eb4ceacd17ab7a9de7bed4f587e30f5aac824e", "path": "m/12381/3600/49/0/0", "uuid": "e5d6ba75-1c98-4525-85e6-e18d6b4c5620", "version": 4}