{"crypto": {"kdf": {"function": "scrypt", "params": {"dklen": 32, "n": 262144, "r": 8, "p": 1, "salt": "c3c067cde9abafdad5d3b8b660473f3ba49bb399e5e82d7127a7ea12982a7ae6"}, "message": ""}, "checksum": {"function": "sha256", "params": {}, "message": "f32df9dc800514f9fcb2c98e0c7d60c8b0bb00fa6693f48b3c0a7d50b0e2f05c"}, "cipher": {"function": "aes-128-ctr", "params": {"iv": "815f8fa069fdd49703bba4c4c08de103"}, "message": "972084f004b5d58728d91d5534f02da47406fbf33aec8b096966214ecc963d94"}}, "description": "", "pubkey": "98362cf7378133787f7eb35fdb77c1e5b256bdf162ae1f9ef91568beb8bc73ca88d012c9419fdbf94427f1002bae18b4", "path": "m/12381/3600/37/0/0", "uuid": "58863bdc-97d5-43df-8758-b32dd5defb13", "version": 4}