{"crypto": {"kdf": {"function": "scrypt", "params": {"dklen": 32, "n": 262144, "r": 8, "p": 1, "salt": "c3c067cde9abafdad5d3b8b660473f3ba49bb399e5e82d7127a7ea12982a7ae6"}, "message": ""}, "checksum": {"function": "sha256", "params": {}, "message": "ffdb8ac9d37800daa2713e4f957e844877dac45c73059ce926cb3093b5cdc176"}, "cipher": {"function": "aes-128-ctr", "params": {"iv": "815f8fa069fdd49703bba4c4c08de103"}, "message": "8e5b354c1d91472469540265a4e8ae9eed2411bc73d9caf7ff8406af76141b87"}}, "description": "", "pubkey": "b125ce7fb1b7ac9ccf442aa40743e6ea32dbf7657854f73dc96470d964a3f79120b0d6801561f67e0313b9c4ce5ce3bb", "path": "m/12381/3600/32/0/0", "uuid": "d59df88b-aa51-4752-ada1-2f452565735f", "version": 4}