{"crypto": {"kdf": {"function": "scrypt", "params": {"dklen": 32, "n": 262144, "r": 8, "p": 1, "salt": "b3c28933b02bffd4d53664b6d7c5991f6ae002327b8267bbc9510eea5546c36c"}, "message": ""}, "checksum": {"function": "sha256", "params": {}, "message": "46b858dfdd173cd61eb3b2dfd2ed1b100ca6c6c6b825bb12721e63e339b1badb"}, "cipher": {"function": "aes-128-ctr", "params": {"iv": "2d7e706a680d77c5df73105b704a030d"}, "message": "13e0acac50daf8ea43ee0f36663eee183eaee30554a366f53d0a8d6313cc73aa"}}, "description": "", "pubkey": "b125ce7fb1b7ac9ccf442aa40743e6ea32dbf7657854f73dc96470d964a3f79120b0d6801561f67e0313b9c4ce5ce3bb", "path": "m/12381/3600/32/0/0", "uuid": "329d3bdb-d54a-48b4-bc13-76320ad1ca3f", "version": 4}