{"crypto": {"kdf": {"function": "scrypt", "params": {"dklen": 32, "n": 262144, "r": 8, "p": 1, "salt": "c3c067cde9abafdad5d3b8b660473f3ba49bb399e5e82d7127a7ea12982a7ae6"}, "message": ""}, "checksum": {"function": "sha256", "params": {}, "message": "b0376cba1e95556912d9c2f44c51adefd247d740b57ac9ce7f7abbc9a29ba5fb"}, "cipher": {"function": "aes-128-ctr", "params": {"iv": "815f8fa069fdd49703bba4c4c08de103"}, "message": "d01fdb648cbcf05eadc6cbee6facf814e108ed96f9b1700c88e8eeecf27b1213"}}, "description": "", "pubkey": "93fc5ae1a40d1f3aeb3ca7edb4308d14c22c70f5a6d7495743a639385e40ec7fe966dd08ee2ee46491fe027188eb55d9", "path": "m/12381/3600/11/0/0", "uuid": "2ebe1088-0a1a-4328-a965-8e3a9e1d1972", "version": 4}