{"crypto": {"kdf": {"function": "scrypt", "params": {"dklen": 32, "n": 262144, "r": 8, "p": 1, "salt": "c3c067cde9abafdad5d3b8b660473f3ba49bb399e5e82d7127a7ea12982a7ae6"}, "message": ""}, "checksum": {"function": "sha256", "params": {}, "message": "c4806bef4c004c7851e6bd8ac94f8566d70cc159d7aed24ac6d6ed6f73b901cc"}, "cipher": {"function": "aes-128-ctr", "params": {"iv": "815f8fa069fdd49703bba4c4c08de103"}, "message": "93869d8de7b3041fe888e19dfa25a50c332bd30edb8ab1e696674f9a35710d9a"}}, "description": "", "pubkey": "91c2e6cc9cc54c3bfda2de07374dc6ddef204da110c74f092d1626b52148f0f4d83bd99f685c53366457847108cdd3bb", "path": "m/12381/3600/27/0/0", "uuid": "68aee262-38e0-4244-ad74-bf0fe3fff1db", "version": 4}