{"crypto": {"kdf": {"function": "scrypt", "params": {"dklen": 32, "n": 262144, "r": 8, "p": 1, "salt": "e6790198682ce01e8987822e417442662746b97a7c9732aa06878ff59c2ecad4"}, "message": ""}, "checksum": {"function": "sha256", "params": {}, "message": "786b8d73993c2cf07c088dec7f6f243f7d12ea16eeaca9b1dce6b654da651811"}, "cipher": {"function": "aes-128-ctr", "params": {"iv": "4bf17a659e4dcbc3dbf364454a9b0db0"}, "message": "04bc9a81c6378e0ade0c08d9613e37e220bdf7c21de01b75b154604268d95344"}}, "description": "", "pubkey": "9694fc7be282443218d50df82f968fddb1b1d8ce721d4ced7dd5941378d53ec155e97848944d9cd6f36c1e21db944fc7", "path": "m/12381/3600/29/0/0", "uuid": "f6d4bf28-caf6-458a-b90e-bbb2ccd429db", "version": 4}