{"crypto": {"kdf": {"function": "scrypt", "params": {"dklen": 32, "n": 262144, "r": 8, "p": 1, "salt": "c3c067cde9abafdad5d3b8b660473f3ba49bb399e5e82d7127a7ea12982a7ae6"}, "message": ""}, "checksum": {"function": "sha256", "params": {}, "message": "d1831edebfc885cd4e3ac8df2a70663f6bf046b49055358d443a942cc457ba8c"}, "cipher": {"function": "aes-128-ctr", "params": {"iv": "815f8fa069fdd49703bba4c4c08de103"}, "message": "bee677329ae85b286f0e22d56ea3bb5fc7ab6bbe1175eff8097f01f24b8c4df3"}}, "description": "", "pubkey": "8987db1ef89c493b4694c62cd80cd2375e825406b42b39fa556296496285340541b9ea1ac7e913324cab6573a1c849db", "path": "m/12381/3600/22/0/0", "uuid": "71f8ff98-e48a-4913-9712-5fe408403ba0", "version": 4}