{"crypto": {"kdf": {"function": "scrypt", "params": {"dklen": 32, "n": 262144, "r": 8, "p": 1, "salt": "c3c067cde9abafdad5d3b8b660473f3ba49bb399e5e82d7127a7ea12982a7ae6"}, "message": ""}, "checksum": {"function": "sha256", "params": {}, "message": "a7b97193a22b349b0a2b35604f0fe7bc605832647baa65f4ad3ae40648e114c7"}, "cipher": {"function": "aes-128-ctr", "params": {"iv": "815f8fa069fdd49703bba4c4c08de103"}, "message": "f1fe9db037d97a1abfe58e86453f77575c7bf203922593dd2b33e9469437681f"}}, "description": "", "pubkey": "a3ab78157bbc6bac4acc389fdc95a021e2fd2bea57e22e7e9a01c1c0b19799c4382befd23a4d62e57563b9899e9cf860", "path": "m/12381/3600/47/0/0", "uuid": "195bdae7-baa5-422e-9f4d-09d8961fe93e", "version": 4}