{"crypto": {"kdf": {"function": "scrypt", "params": {"dklen": 32, "n": 262144, "r": 8, "p": 1, "salt": "b3c28933b02bffd4d53664b6d7c5991f6ae002327b8267bbc9510eea5546c36c"}, "message": ""}, "checksum": {"function": "sha256", "params": {}, "message": "c70c55122c29de6f4d1108e096514dca77d2957856972c1c3d47d906c040e885"}, "cipher": {"function": "aes-128-ctr", "params": {"iv": "2d7e706a680d77c5df73105b704a030d"}, "message": "655a32e886a9b6f67220b78c9e5bdc5f284ad335514b6413f2264b8518d4b6a8"}}, "description": "", "pubkey": "a1db6770e22b8b91027b9dc2d1edcfd51ec5eb21d6bc2390c698d7d39ffd8aabbcbabf8261507c5d52172b9ae0c2ecd6", "path": "m/12381/3600/36/0/0", "uuid": "0193c35c-3a4d-46c0-9cdf-1ebbbaf7ee1c", "version": 4}