{"crypto": {"kdf": {"function": "scrypt", "params": {"dklen": 32, "n": 262144, "r": 8, "p": 1, "salt": "c3c067cde9abafdad5d3b8b660473f3ba49bb399e5e82d7127a7ea12982a7ae6"}, "message": ""}, "checksum": {"function": "sha256", "params": {}, "message": "37fdd7e95eff0ee285cbe9b877e700e8e41804f099581a9cd3a997ac2b734b0f"}, "cipher": {"function": "aes-128-ctr", "params": {"iv": "815f8fa069fdd49703bba4c4c08de103"}, "message": "9d3ae5d9aa1800adda796bf889e35c43152b9564a8ddecfddf417fe8fd2f94e6"}}, "description": "", "pubkey": "8474b236633e2e80055b5c24cce998f0ca0c1f252ed3b17bb2348eabe53e3486402e8f6d4be0a8cfd51dfbc8c06b6920", "path": "m/12381/3600/5/0/0", "uuid": "dbcaf76d-2538-4a22-b756-c865c7cd103e", "version": 4}