{"crypto": {"kdf": {"function": "scrypt", "params": {"dklen": 32, "n": 262144, "r": 8, "p": 1, "salt": "f61bf38d501076255aa5766f8fd84330a3ceec550b8f9ca4611be7f453f524da"}, "message": ""}, "checksum": {"function": "sha256", "params": {}, "message": "c208edfc7d9f02dc18fda27928f7f11f580cc425150c49a057e7ff0d64a805dc"}, "cipher": {"function": "aes-128-ctr", "params": {"iv": "0ac01059e04307fd89bb4e286db896c7"}, "message": "bf4aaf975684e0a4797eae98813db44698ab8e980a12576f2bd06e58e96fe453"}}, "description": "", "pubkey": "b9113abacbc1f255368b1df65e04afe0e4d76513c35e37160d5428f3ce571ea010fb01f91f3cb6b440dd3f40fbe075d3", "path": "m/12381/3600/25/0/0", "uuid": "8f361bcb-d494-43c9-ab16-df3bfc9805d9", "version": 4}