{"crypto": {"kdf": {"function": "scrypt", "params": {"dklen": 32, "n": 262144, "r": 8, "p": 1, "salt": "b3c28933b02bffd4d53664b6d7c5991f6ae002327b8267bbc9510eea5546c36c"}, "message": ""}, "checksum": {"function": "sha256", "params": {}, "message": "114ab369ea1f8d38b9b7853da93117edfe9c652fef0750de8ce757f2d922ae28"}, "cipher": {"function": "aes-128-ctr", "params": {"iv": "2d7e706a680d77c5df73105b704a030d"}, "message": "4ff59a2030fe67401c2052e512fdf0edd0da560fa4b8cac629c18f5e278f8ae1"}}, "description": "", "pubkey": "a7402948fb165d67066a890377a20953fdd725f2cff8268bc52ccb755fd64e19e47a14959e929fff14e3a29efb2be9fb", "path": "m/12381/3600/42/0/0", "uuid": "f7146c75-d599-4cba-85ea-e534bc3acc7f", "version": 4}