{"crypto": {"kdf": {"function": "scrypt", "params": {"dklen": 32, "n": 262144, "r": 8, "p": 1, "salt": "e6790198682ce01e8987822e417442662746b97a7c9732aa06878ff59c2ecad4"}, "message": ""}, "checksum": {"function": "sha256", "params": {}, "message": "8abbd6228993ffe42cdc505ccf9a27c7e3df25c458331b432739125d880e2b0d"}, "cipher": {"function": "aes-128-ctr", "params": {"iv": "4bf17a659e4dcbc3dbf364454a9b0db0"}, "message": "60ea0058541f840042cc830a2cac11ff64783b6f9a9dfbd5554f286590adfa06"}}, "description": "", "pubkey": "a3ab78157bbc6bac4acc389fdc95a021e2fd2bea57e22e7e9a01c1c0b19799c4382befd23a4d62e57563b9899e9cf860", "path": "m/12381/3600/47/0/0", "uuid": "b1d3fa61-bd9f-4ea5-afca-e4a9421c486d", "version": 4}