{"crypto": {"kdf": {"function": "scrypt", "params": {"dklen": 32, "n": 262144, "r": 8, "p": 1, "salt": "c3c067cde9abafdad5d3b8b660473f3ba49bb399e5e82d7127a7ea12982a7ae6"}, "message": ""}, "checksum": {"function": "sha256", "params": {}, "message": "6d39f7a62c4dbb176a46065f58db39f7fb09c97af4cefb2fb2f41fc5316def7a"}, "cipher": {"function": "aes-128-ctr", "params": {"iv": "815f8fa069fdd49703bba4c4c08de103"}, "message": "b3270009e6f6ba5bcfff08c30330c081247d869126a74b8c6797848521897baf"}}, "description": "", "pubkey": "a769db35989379d290aea43074c23ceb026731b3b013956220579b5214b4212f309792bc76d7261fafb8c1687d3b0ed0", "path": "m/12381/3600/3/0/0", "uuid": "da34a7fd-b3f2-4de0-9091-db5d77423ac2", "version": 4}