{"crypto": {"kdf": {"function": "scrypt", "params": {"dklen": 32, "n": 262144, "r": 8, "p": 1, "salt": "b3c28933b02bffd4d53664b6d7c5991f6ae002327b8267bbc9510eea5546c36c"}, "message": ""}, "checksum": {"function": "sha256", "params": {}, "message": "7240a43bcce6ea6219941d0e7621b2e7a071629a56fcd76e6cbec631bedf7c96"}, "cipher": {"function": "aes-128-ctr", "params": {"iv": "2d7e706a680d77c5df73105b704a030d"}, "message": "2234b7d07b09aad5a705022aa6e93b5af625f1fbf607b6ba72174bdade395034"}}, "description": "", "pubkey": "b69c6ba3b2045da55a08ece8b96d85ce624afe3067806a0b06a3b6da838fe4aab78a09a9d4eb2e69530ab0b0edbf06c4", "path": "m/12381/3600/31/0/0", "uuid": "5b8ac3f1-81bb-421e-af3f-3613f9b1029a", "version": 4}