{"crypto": {"kdf": {"function": "scrypt", "params": {"dklen": 32, "n": 262144, "r": 8, "p": 1, "salt": "c3c067cde9abafdad5d3b8b660473f3ba49bb399e5e82d7127a7ea12982a7ae6"}, "message": ""}, "checksum": {"function": "sha256", "params": {}, "message": "3dbfe250e9aeaa5070aa1e1fb6c57e6e7bc7f62f91d8a937ff4a25b231a57b09"}, "cipher": {"function": "aes-128-ctr", "params": {"iv": "815f8fa069fdd49703bba4c4c08de103"}, "message": "94bde811e04587b69dec9d05340c11792056df0dcedf40da8b8aea5104561068"}}, "description": "", "pubkey": "a4a75d2521015cf3a751d4cd6d2e4a5b85c7d56917d1612ce99119d9151f6d48b119965a8900a26eee9d9bad562c41b5", "path": "m/12381/3600/7/0/0", "uuid": "5cb1f2ab-c608-4a43-827e-4ec0243cc6a6", "version": 4}