{"crypto": {"kdf": {"function": "scrypt", "params": {"dklen": 32, "n": 262144, "r": 8, "p": 1, "salt": "b3c28933b02bffd4d53664b6d7c5991f6ae002327b8267bbc9510eea5546c36c"}, "message": ""}, "checksum": {"function": "sha256", "params": {}, "message": "13cdba29b10000d634fae24fdcf0094fee4a0a5c17b70069341789553b6541e7"}, "cipher": {"function": "aes-128-ctr", "params": {"iv": "2d7e706a680d77c5df73105b704a030d"}, "message": "08139e89e8bacfde099f0806ca7b11cccb34cc173222df7f0da62aad099ba970"}}, "description": "", "pubkey": "9694fc7be282443218d50df82f968fddb1b1d8ce721d4ced7dd5941378d53ec155e97848944d9cd6f36c1e21db944fc7", "path": "m/12381/3600/29/0/0", "uuid": "d36f1c14-aa64-4508-afba-baa5c47baea3", "version": 4}