{"crypto": {"kdf": {"function": "scrypt", "params": {"dklen": 32, "n": 262144, "r": 8, "p": 1, "salt": "f61bf38d501076255aa5766f8fd84330a3ceec550b8f9ca4611be7f453f524da"}, "message": ""}, "checksum": {"function": "sha256", "params": {}, "message": "337ef16e664fe829eb4348fc6928b3c4d5b2a45ef8aa0e3cc7ccfe5516bf2ce5"}, "cipher": {"function": "aes-128-ctr", "params": {"iv": "0ac01059e04307fd89bb4e286db896c7"}, "message": "bf424ce75078fd9efe92945055ca3dc78342ac7ae996b51a9f1e7e36573e2fbc"}}, "description": "", "pubkey": "ada543b9cd9d5a81d9c04ad208b4f18bf4e72fb4c9ef45364deed57f03eb4ceacd17ab7a9de7bed4f587e30f5aac824e", "path": "m/12381/3600/49/0/0", "uuid": "fe6848e7-c3c4-4e7b-b9b9-46179e22e729", "version": 4}