{"crypto": {"kdf": {"function": "scrypt", "params": {"dklen": 32, "n": 262144, "r": 8, "p": 1, "salt": "c3c067cde9abafdad5d3b8b660473f3ba49bb399e5e82d7127a7ea12982a7ae6"}, "message": ""}, "checksum": {"function": "sha256", "params": {}, "message": "6e9c7e8fca06555035dba47646c2fb6fbeb2dc662cabd67dcceee5938b4a88cb"}, "cipher": {"function": "aes-128-ctr", "params": {"iv": "815f8fa069fdd49703bba4c4c08de103"}, "message": "efc465a11ccd17029fe28e8ea5a7f08ab8daadb1804a69af2ec54ffcdcede2e9"}}, "description": "", "pubkey": "a81ee46a80665e8d03764964ae742f8d7a932069640106512ab2fc67feeffd73547e26e30e4267bfa19f6706169f1442", "path": "m/12381/3600/39/0/0", "uuid": "52852f48-fca8-4f90-a13c-d38ddbdbc20c", "version": 4}