{"crypto": {"kdf": {"function": "scrypt", "params": {"dklen": 32, "n": 262144, "r": 8, "p": 1, "salt": "c3c067cde9abafdad5d3b8b660473f3ba49bb399e5e82d7127a7ea12982a7ae6"}, "message": ""}, "checksum": {"function": "sha256", "params": {}, "message": "6af05636ceeb88b4c41a8693dacf4f5decf3628dade61cb0b085a0079caf7deb"}, "cipher": {"function": "aes-128-ctr", "params": {"iv": "815f8fa069fdd49703bba4c4c08de103"}, "message": "ae3ce5ed152a9fed2b35ee1a1e6e7ed6560ac62f49d5ec93a1deb7500c8efbe1"}}, "description": "", "pubkey": "992f5464d246230c8ece487efb3d58dacf1a514625187838d7093e5e5b9e0bbecaf95cddfa1d094e22c271971d4bbe60", "path": "m/12381/3600/43/0/0", "uuid": "56c782be-bf9e-45d0-b262-e832185c0f2f", "version": 4}