{"crypto": {"kdf": {"function": "scrypt", "params": {"dklen": 32, "n": 262144, "r": 8, "p": 1, "salt": "c3c067cde9abafdad5d3b8b660473f3ba49bb399e5e82d7127a7ea12982a7ae6"}, "message": ""}, "checksum": {"function": "sha256", "params": {}, "message": "f7b3347a1bb05e8943945d14876f9ce4a2c18603044d19abf07503dcedc33786"}, "cipher": {"function": "aes-128-ctr", "params": {"iv": "815f8fa069fdd49703bba4c4c08de103"}, "message": "8e29987f56769ebace6cf0ee74c9676f2a3ad0deb0291be0857d29cdfb43fff4"}}, "description": "", "pubkey": "81f6bfdcd28ecf8439da2677dfd113c72c7bbd540bf7f179ba90ab84307f8256c399963c1c98ce345e708fb50adb22ac", "path": "m/12381/3600/14/0/0", "uuid": "11b18d08-e4eb-4ce8-83f8-badeb35521bb", "version": 4}