{"crypto": {"kdf": {"function": "scrypt", "params": {"dklen": 32, "n": 262144, "r": 8, "p": 1, "salt": "b3c28933b02bffd4d53664b6d7c5991f6ae002327b8267bbc9510eea5546c36c"}, "message": ""}, "checksum": {"function": "sha256", "params": {}, "message": "bb8c5a3db17f22fd6b1a43cc11475c63cf904878bd78cf0a2151eb41680538ea"}, "cipher": {"function": "aes-128-ctr", "params": {"iv": "2d7e706a680d77c5df73105b704a030d"}, "message": "0e3d046daaf8bbd1c232ecce38f3e58ae0a121b7fcf01de454e9c45650a965b7"}}, "description": "", "pubkey": "91c2e6cc9cc54c3bfda2de07374dc6ddef204da110c74f092d1626b52148f0f4d83bd99f685c53366457847108cdd3bb", "path": "m/12381/3600/27/0/0", "uuid": "5f5f5e96-0574-4f0c-a587-ac322d6ed4bb", "version": 4}