{"crypto": {"kdf": {"function": "scrypt", "params": {"dklen": 32, "n": 262144, "r": 8, "p": 1, "salt": "b3c28933b02bffd4d53664b6d7c5991f6ae002327b8267bbc9510eea5546c36c"}, "message": ""}, "checksum": {"function": "sha256", "params": {}, "message": "31872c67d439174d39022fef60dd159b9db5ef58e9a6bca11f00a4cc9b4dc6a4"}, "cipher": {"function": "aes-128-ctr", "params": {"iv": "2d7e706a680d77c5df73105b704a030d"}, "message": "755acb3e8db9ebd4d0ca0e53c1dd8b30c69517ab42ba2b2e60ca3ce715233be2"}}, "description": "", "pubkey": "aaa2077ee84a1d6666fbdbd9f5866e045da3fe6dc72c526e3e76354639b19ff5bedfcffa6f504f183964583f1f2138ab", "path": "m/12381/3600/23/0/0", "uuid": "d1d7c34b-7382-4d14-9380-a15457e218b1", "version": 4}