{"crypto": {"kdf": {"function": "scrypt", "params": {"dklen": 32, "n": 262144, "r": 8, "p": 1, "salt": "e6790198682ce01e8987822e417442662746b97a7c9732aa06878ff59c2ecad4"}, "message": ""}, "checksum": {"function": "sha256", "params": {}, "message": "639209006debeab337f656e8f28d2a90a6097bb000c4a73e60a9396dc997e8aa"}, "cipher": {"function": "aes-128-ctr", "params": {"iv": "4bf17a659e4dcbc3dbf364454a9b0db0"}, "message": "2e9bb3d85584eb01709602f50dac1d741dacca2ed9c572b0cee50135bf7baa00"}}, "description": "", "pubkey": "b69c6ba3b2045da55a08ece8b96d85ce624afe3067806a0b06a3b6da838fe4aab78a09a9d4eb2e69530ab0b0edbf06c4", "path": "m/12381/3600/31/0/0", "uuid": "3a5ba8ce-1959-49be-a218-3cd0f0f04a9d", "version": 4}