{"crypto": {"kdf": {"function": "scrypt", "params": {"dklen": 32, "n": 262144, "r": 8, "p": 1, "salt": "b3c28933b02bffd4d53664b6d7c5991f6ae002327b8267bbc9510eea5546c36c"}, "message": ""}, "checksum": {"function": "sha256", "params": {}, "message": "da6302a07e754640222563f7e91b0965e3394e5347b713d4b19de4416922679c"}, "cipher": {"function": "aes-128-ctr", "params": {"iv": "2d7e706a680d77c5df73105b704a030d"}, "message": "3286d84c0edd0c4fef6f98efca0b471f6a317774bf70ffb50fbf6f6adba4b916"}}, "description": "", "pubkey": "ada543b9cd9d5a81d9c04ad208b4f18bf4e72fb4c9ef45364deed57f03eb4ceacd17ab7a9de7bed4f587e30f5aac824e", "path": "m/12381/3600/49/0/0", "uuid": "0cc78cb7-7fb9-43cb-ba42-102acc27359b", "version": 4}