{"crypto": {"kdf": {"function": "scrypt", "params": {"dklen": 32, "n": 262144, "r": 8, "p": 1, "salt": "f61bf38d501076255aa5766f8fd84330a3ceec550b8f9ca4611be7f453f524da"}, "message": ""}, "checksum": {"function": "sha256", "params": {}, "message": "3d70adbffa4fd51a6accbe18e0a16e0ca10db798431e74c38416f8a50d1c40b9"}, "cipher": {"function": "aes-128-ctr", "params": {"iv": "0ac01059e04307fd89bb4e286db896c7"}, "message": "ebac32689056dc6efeda38c9e49f3a9b82f06a4e586404c81caede4f44aab260"}}, "description": "", "pubkey": "b23eef27c2c632686544890d609c15f8aebbdf2fc30151583c9efce795c4d70b292187c125eb62d76e22343ae2568a89", "path": "m/12381/3600/44/0/0", "uuid": "142ab8a2-0226-4865-9ca3-6b8490f96d0c", "version": 4}