{"crypto": {"kdf": {"function": "scrypt", "params": {"dklen": 32, "n": 262144, "r": 8, "p": 1, "salt": "c3c067cde9abafdad5d3b8b660473f3ba49bb399e5e82d7127a7ea12982a7ae6"}, "message": ""}, "checksum": {"function": "sha256", "params": {}, "message": "190746f569d4de072506be47e6065f6dee62d5e159c0a0be2487ce4dd84f1d8c"}, "cipher": {"function": "aes-128-ctr", "params": {"iv": "815f8fa069fdd49703bba4c4c08de103"}, "message": "e98adcc9dc6ea1252af70819bdb2d023c0dba58360152ec28d1a0ef339878d1a"}}, "description": "", "pubkey": "8ba4d46b78decbe48b0c4090e5b4314edce07d231eeb03e47cb50cf6d3fc75cb08ed950101c1383de8587760d41cee72", "path": "m/12381/3600/20/0/0", "uuid": "6de26f0e-f109-4864-ad48-ddc4a6fc0836", "version": 4}