{"crypto": {"kdf": {"function": "scrypt", "params": {"dklen": 32, "n": 262144, "r": 8, "p": 1, "salt": "b3c28933b02bffd4d53664b6d7c5991f6ae002327b8267bbc9510eea5546c36c"}, "message": ""}, "checksum": {"function": "sha256", "params": {}, "message": "119c347abfb34ae7fbf4729aa0e29ea31d22cbbecbb7012fc3620c6e86c16b73"}, "cipher": {"function": "aes-128-ctr", "params": {"iv": "2d7e706a680d77c5df73105b704a030d"}, "message": "2ba58e6c6aa31cd3dcca8939bf01c098a403ad9c459292635a538aebbb9aabcd"}}, "description": "", "pubkey": "a7580c2c604ae20d3ca21dbc5a6a07382835a8c6ff245ac1d07c3fc08c218727572d6a7913c758962ca811f270174309", "path": "m/12381/3600/15/0/0", "uuid": "ba6e6f68-cd15-40da-be12-47d607fa575f", "version": 4}