{"crypto": {"kdf": {"function": "scrypt", "params": {"dklen": 32, "n": 262144, "r": 8, "p": 1, "salt": "b3c28933b02bffd4d53664b6d7c5991f6ae002327b8267bbc9510eea5546c36c"}, "message": ""}, "checksum": {"function": "sha256", "params": {}, "message": "38e64c0a159198b56b75a83fa52ed4ff231758231015f0bc3cfc525aaf7930e6"}, "cipher": {"function": "aes-128-ctr", "params": {"iv": "2d7e706a680d77c5df73105b704a030d"}, "message": "4b41888ae666add7f5ffbd04d64215869559558834d66604ac9f9f7aa7b45676"}}, "description": "", "pubkey": "b992bec3d856550ea7346846d98ecedf28e9dfebfabc27a9d26df464f87e3910c2dc6afdf8174a2db5fd8f70bafd0c42", "path": "m/12381/3600/10/0/0", "uuid": "4ba846dd-dafd-4dff-bed8-30ff9e8c3443", "version": 4}