{"crypto": {"kdf": {"function": "scrypt", "params": {"dklen": 32, "n": 262144, "r": 8, "p": 1, "salt": "c3c067cde9abafdad5d3b8b660473f3ba49bb399e5e82d7127a7ea12982a7ae6"}, "message": ""}, "checksum": {"function": "sha256", "params": {}, "message": "7104af75aa439b428423accae034d9f404a9d5b7a6bcdd92dee8db098bbb81b3"}, "cipher": {"function": "aes-128-ctr", "params": {"iv": "815f8fa069fdd49703bba4c4c08de103"}, "message": "a2e1629f763fd264c6a0019f22ad22321b4ebb05c55197e4b4bd787dd5823442"}}, "description": "", "pubkey": "8fe133a345372a0219578b31cb4355bafd254c7cd9e6337640c4d0f6421ed6d4db1efb447b28534807d080066939ef87", "path": "m/12381/3600/1/0/0", "uuid": "a0bf0d1b-6213-4d84-bb9e-bd87f300ebc7", "version": 4}