{"crypto": {"kdf": {"function": "scrypt", "params": {"dklen": 32, "n": 262144, "r": 8, "p": 1, "salt": "e6790198682ce01e8987822e417442662746b97a7c9732aa06878ff59c2ecad4"}, "message": ""}, "checksum": {"function": "sha256", "params": {}, "message": "211f651e8c6f2f6d43c771fc85cecc2d8399d6a6c5cdda08b4bde77404d5eba4"}, "cipher": {"function": "aes-128-ctr", "params": {"iv": "4bf17a659e4dcbc3dbf364454a9b0db0"}, "message": "47ee8c82c8ebec03226cbddb7d0733a87ed06e5d1b14a20e106dd595c6f6ac42"}}, "description": "", "pubkey": "b992bec3d856550ea7346846d98ecedf28e9dfebfabc27a9d26df464f87e3910c2dc6afdf8174a2db5fd8f70bafd0c42", "path": "m/12381/3600/10/0/0", "uuid": "85998bfd-991b-4651-b7f8-80a1f9c69185", "version": 4}