{"crypto": {"kdf": {"function": "scrypt", "params": {"dklen": 32, "n": 262144, "r": 8, "p": 1, "salt": "c3c067cde9abafdad5d3b8b660473f3ba49bb399e5e82d7127a7ea12982a7ae6"}, "message": ""}, "checksum": {"function": "sha256", "params": {}, "message": "3dd4a7bb042f3a21d36e6aee0fe1385b41985297d998e9a6dee8ccdd088dd76e"}, "cipher": {"function": "aes-128-ctr", "params": {"iv": "815f8fa069fdd49703bba4c4c08de103"}, "message": "d67f21a2c5709be8dc39f4e576a624706638f03e181ac4fc2d27049267e02fcf"}}, "description": "", "pubkey": "a1de5c728cc21d0ebadd8271b1522fa31362ea140625ea789191eae30aea7b0e252128b37b9480fd89f851b91f33472c", "path": "m/12381/3600/40/0/0", "uuid": "953b3c7b-9a14-4eb4-a6fa-b7f9b3f79b64", "version": 4}