{"crypto": {"kdf": {"function": "scrypt", "params": {"dklen": 32, "n": 262144, "r": 8, "p": 1, "salt": "f61bf38d501076255aa5766f8fd84330a3ceec550b8f9ca4611be7f453f524da"}, "message": ""}, "checksum": {"function": "sha256", "params": {}, "message": "3b37359f4130da5fa263e1a5dd3ac49ccf68ece7c40e85146c55262149318285"}, "cipher": {"function": "aes-128-ctr", "params": {"iv": "0ac01059e04307fd89bb4e286db896c7"}, "message": "f02ef9ff9f8d6f17720bc04b0bdd47d15cfbb3f2a2c1f63b015a200b6ed26c5a"}}, "description": "", "pubkey": "a773f3f18299f45c4c591b090c0fced7b6db92f70a296f972f6d2e4aa436a3d3eebf1f33741b5b817ce13cf6052a87b5", "path": "m/12381/3600/34/0/0", "uuid": "83996832-7af1-4c72-a89c-fd3bd02db0bb", "version": 4}