{"crypto": {"kdf": {"function": "scrypt", "params": {"dklen": 32, "n": 262144, "r": 8, "p": 1, "salt": "c3c067cde9abafdad5d3b8b660473f3ba49bb399e5e82d7127a7ea12982a7ae6"}, "message": ""}, "checksum": {"function": "sha256", "params": {}, "message": "88c08a76285d87c40fbd00bace99c34c484f8fbef789c8c9a12d4c5c054d3df7"}, "cipher": {"function": "aes-128-ctr", "params": {"iv": "815f8fa069fdd49703bba4c4c08de103"}, "message": "d24e03c07db5d88e369a5fb6d02bb06b0350a4b683c266c4eb4f04924257e2cc"}}, "description": "", "pubkey": "a7402948fb165d67066a890377a20953fdd725f2cff8268bc52ccb755fd64e19e47a14959e929fff14e3a29efb2be9fb", "path": "m/12381/3600/42/0/0", "uuid": "58eaa168-0405-40ae-b1d4-45aa9861eee2", "version": 4}