{"crypto": {"kdf": {"function": "scrypt", "params": {"dklen": 32, "n": 262144, "r": 8, "p": 1, "salt": "e6790198682ce01e8987822e417442662746b97a7c9732aa06878ff59c2ecad4"}, "message": ""}, "checksum": {"function": "sha256", "params": {}, "message": "08d1b70e22c570f3ba6ba1956995cdd1605fe5178ed087ba2c9bc79bc9412890"}, "cipher": {"function": "aes-128-ctr", "params": {"iv": "4bf17a659e4dcbc3dbf364454a9b0db0"}, "message": "49212c006700e0ec12709cdcecdf6d4ca7a85eabdc25d1e590c55ba9658ad4a4"}}, "description": "", "pubkey": "8c001aed7b292eb1586c49d5fda1a934daff5b7896d0564f794ba10c6ab3c8819d7de63096732b9ddcda6ee43f8c83c4", "path": "m/12381/3600/21/0/0", "uuid": "d8f5dc77-a895-409b-81a1-fa4a8fca2343", "version": 4}