{"crypto": {"kdf": {"function": "scrypt", "params": {"dklen": 32, "n": 262144, "r": 8, "p": 1, "salt": "b3c28933b02bffd4d53664b6d7c5991f6ae002327b8267bbc9510eea5546c36c"}, "message": ""}, "checksum": {"function": "sha256", "params": {}, "message": "8a6a077a623f3f343c44b45460bc9e91b80a0fe58c02359d0adeedead632fbff"}, "cipher": {"function": "aes-128-ctr", "params": {"iv": "2d7e706a680d77c5df73105b704a030d"}, "message": "1549abb17d59532baf0c87415c75c578fc80b14e2ccda8d83162be22c7df8f91"}}, "description": "", "pubkey": "918139cee5ac0ef76c60188c5c205f7bbb85e3ec2a0d444ae1d2e00fb3b8a9d92d50f19ffad47d011659fad0c1d44b46", "path": "m/12381/3600/0/0/0", "uuid": "f92748ac-f78e-45e1-b688-c273ae0f8266", "version": 4}