{"crypto": {"kdf": {"function": "scrypt", "params": {"dklen": 32, "n": 262144, "r": 8, "p": 1, "salt": "f61bf38d501076255aa5766f8fd84330a3ceec550b8f9ca4611be7f453f524da"}, "message": ""}, "checksum": {"function": "sha256", "params": {}, "message": "a9eb8cfcf233dee565349aad07b0d2144f5e8af8c712f2d728431d6d98fd5926"}, "cipher": {"function": "aes-128-ctr", "params": {"iv": "0ac01059e04307fd89bb4e286db896c7"}, "message": "f89e5f95d31c1a05c13702ec5e1cf1e82fe6cca5145c6181f06b2dbb99b9ad48"}}, "description": "", "pubkey": "aaa2077ee84a1d6666fbdbd9f5866e045da3fe6dc72c526e3e76354639b19ff5bedfcffa6f504f183964583f1f2138ab", "path": "m/12381/3600/23/0/0", "uuid": "3f139957-5800-497c-ba44-e046413f81c9", "version": 4}