{"crypto": {"kdf": {"function": "scrypt", "params": {"dklen": 32, "n": 262144, "r": 8, "p": 1, "salt": "c3c067cde9abafdad5d3b8b660473f3ba49bb399e5e82d7127a7ea12982a7ae6"}, "message": ""}, "checksum": {"function": "sha256", "params": {}, "message": "41c6dd44b92f4fa7bb72a7bdd430dc135e7b8672f37f8567eeee7ebf66b519fb"}, "cipher": {"function": "aes-128-ctr", "params": {"iv": "815f8fa069fdd49703bba4c4c08de103"}, "message": "af35a2dc456aaebb4239af74dc2a8e18a252a72f7b8eb1c279fff4c8002d1ad4"}}, "description": "", "pubkey": "b9113abacbc1f255368b1df65e04afe0e4d76513c35e37160d5428f3ce571ea010fb01f91f3cb6b440dd3f40fbe075d3", "path": "m/12381/3600/25/0/0", "uuid": "01caec00-913f-46c9-a9bb-d415db03ac6b", "version": 4}