{"crypto": {"kdf": {"function": "scrypt", "params": {"dklen": 32, "n": 262144, "r": 8, "p": 1, "salt": "87a8560430e9d0577f3368056d6c963f7852e46397206d7ae4c6ce55273b2d18"}, "message": ""}, "checksum": {"function": "sha256", "params": {}, "message": "88be3d4ce0c6a1ea054ca7fd0cdcffdd7c599392270ded0521674c620a7f568c"}, "cipher": {"function": "aes-128-ctr", "params": {"iv": "890622a88264696c7258d4072937774f"}, "message": "a3f5a91c3df7cf86f86f9926d8ceacf7ffb367b5d5405f99cf1034bfc62e15ce"}}, "description": "", "pubkey": "a1db6770e22b8b91027b9dc2d1edcfd51ec5eb21d6bc2390c698d7d39ffd8aabbcbabf8261507c5d52172b9ae0c2ecd6", "path": "m/12381/3600/36/0/0", "uuid": "2b4e32e7-4d6c-4e6a-9f6c-45b9e9c1a2cc", "version": 4}