{"crypto": {"kdf": {"function": "scrypt", "params": {"dklen": 32, "n": 262144, "r": 8, "p": 1, "salt": "f61bf38d501076255aa5766f8fd84330a3ceec550b8f9ca4611be7f453f524da"}, "message": ""}, "checksum": {"function": "sha256", "params": {}, "message": "b5c5f00e8b4c6b30e502145b590dd655f13ca20bbefaa04c7489f58b48d76f7c"}, "cipher": {"function": "aes-128-ctr", "params": {"iv": "0ac01059e04307fd89bb4e286db896c7"}, "message": "e89ea643d80c472763ddbb33019aa687c139083b07ad2ebc62875ad9944e2002"}}, "description": "", "pubkey": "a1db6770e22b8b91027b9dc2d1edcfd51ec5eb21d6bc2390c698d7d39ffd8aabbcbabf8261507c5d52172b9ae0c2ecd6", "path": "m/12381/3600/36/0/0", "uuid": "513bd0f3-e5cd-4d22-a7b9-eabf80cb3f14", "version": 4}