{"crypto": {"kdf": {"function": "scrypt", "params": {"dklen": 32, "n": 262144, "r": 8, "p": 1, "salt": "c3c067cde9abafdad5d3b8b660473f3ba49bb399e5e82d7127a7ea12982a7ae6"}, "message": ""}, "checksum": {"function": "sha256", "params": {}, "message": "5f234b00b41e9b4841db8af474bbe9eeb934f296d7343e98291cf07f75cf8a3f"}, "cipher": {"function": "aes-128-ctr", "params": {"iv": "815f8fa069fdd49703bba4c4c08de103"}, "message": "dddd7a660ab2773e35393914caa3716a4ace02683a9a5dff55faac72ef917643"}}, "description": "", "pubkey": "b3d4b585a36039cbce957d5bea1229b1416cfc27228f40298b9b35dbded3ea603e6e91791bb5f68772a2fde15cb83bd5", "path": "m/12381/3600/18/0/0", "uuid": "e04021b5-377f-464b-9b04-a0dae5705557", "version": 4}