{"crypto": {"kdf": {"function": "scrypt", "params": {"dklen": 32, "n": 262144, "r": 8, "p": 1, "salt": "e6790198682ce01e8987822e417442662746b97a7c9732aa06878ff59c2ecad4"}, "message": ""}, "checksum": {"function": "sha256", "params": {}, "message": "6c2e30434a2bde3d173087a918c5fa67d037c1059e5b340ae648ba2c778bfe83"}, "cipher": {"function": "aes-128-ctr", "params": {"iv": "4bf17a659e4dcbc3dbf364454a9b0db0"}, "message": "789e4121bfa85f3fd7de0595d421b68bf8d86cef68ad46caf366cfd03d1d1f03"}}, "description": "", "pubkey": "8ba4d46b78decbe48b0c4090e5b4314edce07d231eeb03e47cb50cf6d3fc75cb08ed950101c1383de8587760d41cee72", "path": "m/12381/3600/20/0/0", "uuid": "eb8a5f86-b0e8-4f7f-aa05-5ef691dc6953", "version": 4}