{"crypto": {"kdf": {"function": "scrypt", "params": {"dklen": 32, "n": 262144, "r": 8, "p": 1, "salt": "c3c067cde9abafdad5d3b8b660473f3ba49bb399e5e82d7127a7ea12982a7ae6"}, "message": ""}, "checksum": {"function": "sha256", "params": {}, "message": "f7054b1b3bce20a3fcd2ef9e0e81634b1797446620c9ae3100f59be5eff7e014"}, "cipher": {"function": "aes-128-ctr", "params": {"iv": "815f8fa069fdd49703bba4c4c08de103"}, "message": "e8e152dec0f2541afa700300030bcbb6151fe51265c0872ca244b72b70fb53cf"}}, "description": "", "pubkey": "aaa2077ee84a1d6666fbdbd9f5866e045da3fe6dc72c526e3e76354639b19ff5bedfcffa6f504f183964583f1f2138ab", "path": "m/12381/3600/23/0/0", "uuid": "267cfd22-2011-46da-9aaf-4832faf12f83", "version": 4}