{"crypto": {"kdf": {"function": "scrypt", "params": {"dklen": 32, "n": 262144, "r": 8, "p": 1, "salt": "c3c067cde9abafdad5d3b8b660473f3ba49bb399e5e82d7127a7ea12982a7ae6"}, "message": ""}, "checksum": {"function": "sha256", "params": {}, "message": "8634ddce74e698b462ab598ba42cfb0286c4d0d40cb1b9700abb92d8d4810f15"}, "cipher": {"function": "aes-128-ctr", "params": {"iv": "815f8fa069fdd49703bba4c4c08de103"}, "message": "8a70af33118774de147081a3c55bb0fa179ec6224e1fe3d48a0119c85067c971"}}, "description": "", "pubkey": "b66a556291effd6e8730b46dcbcfa792f5c66b25358fab91bcf29a1be40fa9d8da72d27e364c1a59341b3ee1c5e897f1", "path": "m/12381/3600/33/0/0", "uuid": "b4a9e2af-9049-472d-b4c1-1b40fdb5b58c", "version": 4}