{"crypto": {"kdf": {"function": "scrypt", "params": {"dklen": 32, "n": 262144, "r": 8, "p": 1, "salt": "c3c067cde9abafdad5d3b8b660473f3ba49bb399e5e82d7127a7ea12982a7ae6"}, "message": ""}, "checksum": {"function": "sha256", "params": {}, "message": "3a09c8687d566e6b1be542ea3a8fbb37724ece6587c5aeafffeed338fa257836"}, "cipher": {"function": "aes-128-ctr", "params": {"iv": "815f8fa069fdd49703bba4c4c08de103"}, "message": "8c13502beae694b2945e4cb13447fccc4feb384e6358bcb159b99a086d2a478c"}}, "description": "", "pubkey": "ac1744bdaeb169a15e61fefc5ef9d0163cdd29bbdc8ab6255bf996ff3abacda5c8397ffc322efafa5fdbbc8a5b234810", "path": "m/12381/3600/41/0/0", "uuid": "b47439c4-16dc-4ed8-a77c-3df54ff0b6b1", "version": 4}