{"crypto": {"kdf": {"function": "scrypt", "params": {"dklen": 32, "n": 262144, "r": 8, "p": 1, "salt": "e6790198682ce01e8987822e417442662746b97a7c9732aa06878ff59c2ecad4"}, "message": ""}, "checksum": {"function": "sha256", "params": {}, "message": "cfc3df7055d4371a77a9c4b81538e862121284af0fb922390a78b6241bea9541"}, "cipher": {"function": "aes-128-ctr", "params": {"iv": "4bf17a659e4dcbc3dbf364454a9b0db0"}, "message": "19e6afb953d412ff789f879ef730e35617098a9b030f6cd28d90f4cda69d75a5"}}, "description": "", "pubkey": "918139cee5ac0ef76c60188c5c205f7bbb85e3ec2a0d444ae1d2e00fb3b8a9d92d50f19ffad47d011659fad0c1d44b46", "path": "m/12381/3600/0/0/0", "uuid": "8c7cb25f-7f1b-4ca9-ad4d-40f65dfacaca", "version": 4}