{"crypto": {"kdf": {"function": "scrypt", "params": {"dklen": 32, "n": 262144, "r": 8, "p": 1, "salt": "c3c067cde9abafdad5d3b8b660473f3ba49bb399e5e82d7127a7ea12982a7ae6"}, "message": ""}, "checksum": {"function": "sha256", "params": {}, "message": "f427c89bc5367e5aa7431be3f1edef02c71d31e66e6c25fefbd23cfbeb381e21"}, "cipher": {"function": "aes-128-ctr", "params": {"iv": "815f8fa069fdd49703bba4c4c08de103"}, "message": "d6724ef6c19b22cafba66212c8076e6542badb3994022dee79474a827ef91d9a"}}, "description": "", "pubkey": "a5e28ec99e591c17697a41686bc59d0036d2eb39f519ceb56de2ffa4dd634d04093d3df01db8c56aa2e0896a3d2579fa", "path": "m/12381/3600/30/0/0", "uuid": "c669192d-e2f5-41b3-b3fe-2e1209a62ba3", "version": 4}