{"crypto": {"kdf": {"function": "scrypt", "params": {"dklen": 32, "n": 262144, "r": 8, "p": 1, "salt": "c3c067cde9abafdad5d3b8b660473f3ba49bb399e5e82d7127a7ea12982a7ae6"}, "message": ""}, "checksum": {"function": "sha256", "params": {}, "message": "17643e9faae8b06efda5e03c5e86970f05a6e15a4dc768c73d7645a109a84adb"}, "cipher": {"function": "aes-128-ctr", "params": {"iv": "815f8fa069fdd49703bba4c4c08de103"}, "message": "bacff2d3fad45bd8352a52961580a2e138f42a512aee91c901fd5e228fae65db"}}, "description": "", "pubkey": "843b8fca4040bbbce88f76d2599506076bba2c9e5431fa968f5db63a793a968fdb74593b3f5f6430d0020453e3c82517", "path": "m/12381/3600/8/0/0", "uuid": "d9495a71-68f0-4b75-82dd-71dd456eec5a", "version": 4}