{"crypto": {"kdf": {"function": "scrypt", "params": {"dklen": 32, "n": 262144, "r": 8, "p": 1, "salt": "c3c067cde9abafdad5d3b8b660473f3ba49bb399e5e82d7127a7ea12982a7ae6"}, "message": ""}, "checksum": {"function": "sha256", "params": {}, "message": "16fe7773e39e83d4f37dc56e09318a64b47a51a11a64bec86ec8f42878ecf01d"}, "cipher": {"function": "aes-128-ctr", "params": {"iv": "815f8fa069fdd49703bba4c4c08de103"}, "message": "99fa682db60b683be8f00bd8909cc9e9849484c780e35cad359f973f5991518b"}}, "description": "", "pubkey": "a0096f250801b5911ce4ecf7eb35d380f6ab6b62b243954ed72a47d715e82c49e2d8fdb1eca62ebf3ce6a03759b64600", "path": "m/12381/3600/48/0/0", "uuid": "12b6e417-add5-4e1e-ab6f-e44fecd6b509", "version": 4}