{"crypto": {"kdf": {"function": "scrypt", "params": {"dklen": 32, "n": 262144, "r": 8, "p": 1, "salt": "b3c28933b02bffd4d53664b6d7c5991f6ae002327b8267bbc9510eea5546c36c"}, "message": ""}, "checksum": {"function": "sha256", "params": {}, "message": "c79afee31caaf3ab3146d550ad02658665edecba655db5f9de0778d1338f8abc"}, "cipher": {"function": "aes-128-ctr", "params": {"iv": "2d7e706a680d77c5df73105b704a030d"}, "message": "13edc8ff2affb091ef6c8e8a75712d07447d9263b7f906adf2b1ca521e8a58c2"}}, "description": "", "pubkey": "a9767fae94fab59e74c7692d7e63483273ad1335c5503ca4198f4eb01cef87909938aa149d73b3e17628954af1050be5", "path": "m/12381/3600/13/0/0", "uuid": "79bbf61d-cb2f-4415-be90-7bbd6014d2db", "version": 4}