{"crypto": {"kdf": {"function": "scrypt", "params": {"dklen": 32, "n": 262144, "r": 8, "p": 1, "salt": "e6790198682ce01e8987822e417442662746b97a7c9732aa06878ff59c2ecad4"}, "message": ""}, "checksum": {"function": "sha256", "params": {}, "message": "e3eaf32fed69cbcdb196dd57d936625352e704642a9ab25f9e127738ffc1c76a"}, "cipher": {"function": "aes-128-ctr", "params": {"iv": "4bf17a659e4dcbc3dbf364454a9b0db0"}, "message": "08eef5c5d5cd962115d90654f90faf41bc974dab885b34a54be3561c5d0bc392"}}, "description": "", "pubkey": "a0096f250801b5911ce4ecf7eb35d380f6ab6b62b243954ed72a47d715e82c49e2d8fdb1eca62ebf3ce6a03759b64600", "path": "m/12381/3600/48/0/0", "uuid": "a4f912cb-81cf-4919-bcbc-21888a93dd8a", "version": 4}