{"crypto": {"kdf": {"function": "scrypt", "params": {"dklen": 32, "n": 262144, "r": 8, "p": 1, "salt": "e6790198682ce01e8987822e417442662746b97a7c9732aa06878ff59c2ecad4"}, "message": ""}, "checksum": {"function": "sha256", "params": {}, "message": "975cf40239b9759d7e0b1746d877aa5b20670ec5b5aa0afbb3aee0ff25d62730"}, "cipher": {"function": "aes-128-ctr", "params": {"iv": "4bf17a659e4dcbc3dbf364454a9b0db0"}, "message": "1b6432db72418ac4e9598c2facc8d6522f9d0f4e46a78bdcf47dd8eb54fd5b68"}}, "description": "", "pubkey": "b66a556291effd6e8730b46dcbcfa792f5c66b25358fab91bcf29a1be40fa9d8da72d27e364c1a59341b3ee1c5e897f1", "path": "m/12381/3600/33/0/0", "uuid": "b5c1572b-b2c1-48a8-8ea6-5a377ea26bb3", "version": 4}