{"crypto": {"kdf": {"function": "scrypt", "params": {"dklen": 32, "n": 262144, "r": 8, "p": 1, "salt": "85e6d813be8aff30fe4d6ff9a8c66701462bea0ace48ae9119c5ce37bf3cbee6"}, "message": ""}, "checksum": {"function": "sha256", "params": {}, "message": "0dbe47dcfe507ef8132309e488a10b26beb2727268d0d41affbe1365d4156c13"}, "cipher": {"function": "aes-128-ctr", "params": {"iv": "cf239913a84dab91df8c5ac88e26e888"}, "message": "0bf8972bedc211d0feab838552cd747637c55ef715a59dae23041ee2df959d70"}}, "description": "", "pubkey": "8eacd00f25f6a1005664cacb87ed530eef7f4e45c62249a3b36096af99158e1628079029f08aea1fea76c1d626a3db13", "path": "m/12381/3600/19/0/0", "uuid": "85525783-8319-4fc4-8592-9d2470c86ece", "version": 4}