{"crypto": {"kdf": {"function": "scrypt", "params": {"dklen": 32, "n": 262144, "r": 8, "p": 1, "salt": "04560872b6ebd1f1aecabcecdb5ac6676214491a88cb452050cb03281d5c3ea8"}, "message": ""}, "checksum": {"function": "sha256", "params": {}, "message": "2f9b06922dbf7ee15d158d68cce4fb907f04763a5f333fd1821c0f82af8e8a94"}, "cipher": {"function": "aes-128-ctr", "params": {"iv": "c7e037336cf8dd0d4ac025f04b5d3f53"}, "message": "5e22ef95dddb44c1dc834bcdb3bc6f41626237168bda5fb1e28240e826f27b22"}}, "description": "", "pubkey": "aaa2077ee84a1d6666fbdbd9f5866e045da3fe6dc72c526e3e76354639b19ff5bedfcffa6f504f183964583f1f2138ab", "path": "m/12381/3600/23/0/0", "uuid": "5f19326a-aaef-41d2-b273-f23017e153b6", "version": 4}