{"crypto": {"kdf": {"function": "scrypt", "params": {"dklen": 32, "n": 262144, "r": 8, "p": 1, "salt": "b67c6cf05ca7f9389516041107d7564803a44ff10aa686ba0b3b99e3ed183258"}, "message": ""}, "checksum": {"function": "sha256", "params": {}, "message": "848af7efe4acbcd2e831a0c9d1d84b75e7cc30aec05043e7030037dca79139f2"}, "cipher": {"function": "aes-128-ctr", "params": {"iv": "5c688661df07ac2266693f4b91ac208d"}, "message": "53e6654a4251aa35a875b8116f4a3e84e80b5538f5ef0258f9e329d672e71a93"}}, "description": "", "pubkey": "ac1744bdaeb169a15e61fefc5ef9d0163cdd29bbdc8ab6255bf996ff3abacda5c8397ffc322efafa5fdbbc8a5b234810", "path": "m/12381/3600/41/0/0", "uuid": "e02cb371-a2ac-45d5-98b1-c8901cfffff2", "version": 4}