{"crypto": {"kdf": {"function": "scrypt", "params": {"dklen": 32, "n": 262144, "r": 8, "p": 1, "salt": "9c0bafee5bf3ea485ea254ac38ea6b2d72a9f5273dac7d7fb24cd03e8fe1d05b"}, "message": ""}, "checksum": {"function": "sha256", "params": {}, "message": "d993965798cc6c83b6274fc6e4ca9e0a0a163ce58646daddaa4843181ff77012"}, "cipher": {"function": "aes-128-ctr", "params": {"iv": "6e42231e041ec9ef9bb3a7fc1c5c4e7d"}, "message": "5a4d884d94fa2aadeef4ffd4389faf8ae05368caf340e49b33ddba6468478b75"}}, "description": "", "pubkey": "ab0ad845d52b7a826c3bd4c469dad7a34fdc9af9f1fafb2f08c3688aa6b8bab3350e465ace2473ad6a943794f19adf27", "path": "m/12381/3600/75/0/0", "uuid": "bbaf0cf4-00ae-4ee1-874f-99b17bbaad53", "version": 4}