{"crypto": {"kdf": {"function": "scrypt", "params": {"dklen": 32, "n": 262144, "r": 8, "p": 1, "salt": "e2a98651fa8ef0100876db56d6368102c34a4e9bb923adf3d5d5766ac80142fb"}, "message": ""}, "checksum": {"function": "sha256", "params": {}, "message": "c887424bedeafe53054cf0ce247612937cb63b58cd65ef0f42b59d23dbb01e31"}, "cipher": {"function": "aes-128-ctr", "params": {"iv": "f6db09be2c00208086f91c971ef150f9"}, "message": "b8b7e41e0dfb842f95f6a5fb75b827570c948e1d26a9a8e1bcda20084623d87e"}}, "description": "", "pubkey": "ab0ad845d52b7a826c3bd4c469dad7a34fdc9af9f1fafb2f08c3688aa6b8bab3350e465ace2473ad6a943794f19adf27", "path": "m/12381/3600/75/0/0", "uuid": "4ec568c5-6c28-42fb-995f-205228a56103", "version": 4}