{"crypto": {"kdf": {"function": "scrypt", "params": {"dklen": 32, "n": 262144, "r": 8, "p": 1, "salt": "9c0bafee5bf3ea485ea254ac38ea6b2d72a9f5273dac7d7fb24cd03e8fe1d05b"}, "message": ""}, "checksum": {"function": "sha256", "params": {}, "message": "d3411fa92b746378f9a1bb8eef35273f8f45a7c57707be868fb8891f69e8614f"}, "cipher": {"function": "aes-128-ctr", "params": {"iv": "6e42231e041ec9ef9bb3a7fc1c5c4e7d"}, "message": "72fcfcc19d2ca33e801158ea4c1c767d9ca6d872c55d7bd9f5d976c1e3d21879"}}, "description": "", "pubkey": "a84d71ff6c5e0648ac71de7ea97f32788a4679db8e688573647a2261b31e8f6366661c29b2a7aad37a3576c1e8617b08", "path": "m/12381/3600/65/0/0", "uuid": "8a5eb645-1841-4538-a749-d7fc356ccaeb", "version": 4}