{"crypto": {"kdf": {"function": "scrypt", "params": {"dklen": 32, "n": 262144, "r": 8, "p": 1, "salt": "9c0bafee5bf3ea485ea254ac38ea6b2d72a9f5273dac7d7fb24cd03e8fe1d05b"}, "message": ""}, "checksum": {"function": "sha256", "params": {}, "message": "48ac23009cf562c34effd65134ad5dc100bd15894942f7917ffd06f4ed8245e1"}, "cipher": {"function": "aes-128-ctr", "params": {"iv": "6e42231e041ec9ef9bb3a7fc1c5c4e7d"}, "message": "32f3cf238155732eb00e381a329be23f9d08a1a816fdacf9bba393f89f3bf058"}}, "description": "", "pubkey": "af06eee5bd18c41cd6122fb62f60c85b5f3515d6a438b1ede4f560c26cbc9415c8a354e4d61c7fa276ca712f4f1c541b", "path": "m/12381/3600/86/0/0", "uuid": "fd919713-d64e-43a7-84ba-e15faa88083a", "version": 4}