{"crypto": {"kdf": {"function": "scrypt", "params": {"dklen": 32, "n": 262144, "r": 8, "p": 1, "salt": "9c0bafee5bf3ea485ea254ac38ea6b2d72a9f5273dac7d7fb24cd03e8fe1d05b"}, "message": ""}, "checksum": {"function": "sha256", "params": {}, "message": "6ac91ed7c9df8c773d8b87db27297162d4fbe90c17d922c8330f763d71280ecb"}, "cipher": {"function": "aes-128-ctr", "params": {"iv": "6e42231e041ec9ef9bb3a7fc1c5c4e7d"}, "message": "40bbb95c07f9d0a34bc862c8a8dc8c47cc79c320b1f568644f48ce95f3c53b7d"}}, "description": "", "pubkey": "958374b1d221c9d016fd47dba12585424a00c523c044d43f89ab074eba8bae7c2d8b1224e57f89af3b8f01c39a403d53", "path": "m/12381/3600/64/0/0", "uuid": "b41f6645-2a2f-40e8-bd41-7697fb798fab", "version": 4}