{"crypto": {"kdf": {"function": "scrypt", "params": {"dklen": 32, "n": 262144, "r": 8, "p": 1, "salt": "9c0bafee5bf3ea485ea254ac38ea6b2d72a9f5273dac7d7fb24cd03e8fe1d05b"}, "message": ""}, "checksum": {"function": "sha256", "params": {}, "message": "1b8d275580f7c2f502196ba275cdbb76261ca21068618a90e26fd5349e391e8b"}, "cipher": {"function": "aes-128-ctr", "params": {"iv": "6e42231e041ec9ef9bb3a7fc1c5c4e7d"}, "message": "1cd142ff96485e0e01d15dd29f3e6950674eb14f9c91de53cf319e22a6882987"}}, "description": "", "pubkey": "b37ff544db1a2df0240ebc11882af2d0a7098dbcc08370280de6e306148afdcf18fe0e2287640d351641a192b6f216b5", "path": "m/12381/3600/59/0/0", "uuid": "6f006f19-a454-4522-8b51-ebd5a6ea0b3d", "version": 4}