{"crypto": {"kdf": {"function": "scrypt", "params": {"dklen": 32, "n": 262144, "r": 8, "p": 1, "salt": "9c0bafee5bf3ea485ea254ac38ea6b2d72a9f5273dac7d7fb24cd03e8fe1d05b"}, "message": ""}, "checksum": {"function": "sha256", "params": {}, "message": "132db1abca5034322dd41416540ba9db5098b8b959e94946d22461251e800e94"}, "cipher": {"function": "aes-128-ctr", "params": {"iv": "6e42231e041ec9ef9bb3a7fc1c5c4e7d"}, "message": "320d5e30042c87709be143fd278f963dd456162affc8ed3894d9766653382c3c"}}, "description": "", "pubkey": "a8f36afc3898aba8194d83850bc25ed2aa028237b2194a997d578b9bc6fbc4e90fc0288a56dc49732c504f540f7bd22d", "path": "m/12381/3600/61/0/0", "uuid": "ae9de9e6-ca81-4c86-bc38-aa53a100a111", "version": 4}