{"crypto": {"kdf": {"function": "scrypt", "params": {"dklen": 32, "n": 262144, "r": 8, "p": 1, "salt": "9c0bafee5bf3ea485ea254ac38ea6b2d72a9f5273dac7d7fb24cd03e8fe1d05b"}, "message": ""}, "checksum": {"function": "sha256", "params": {}, "message": "65e35b3da549865194099bc635232ce739cdf0de6e28103ec5fd93a1e27526ea"}, "cipher": {"function": "aes-128-ctr", "params": {"iv": "6e42231e041ec9ef9bb3a7fc1c5c4e7d"}, "message": "51b4e05c7c6cad8f25f59b5542a549e5f41d29340cdfc3a669d8f2ca49c4d4f7"}}, "description": "", "pubkey": "b0f06be657568f8018d902f5b1792fe5f1701c5952a909b76f780639d1674853fd029c864b47e3e7e96654a8dd96ac33", "path": "m/12381/3600/73/0/0", "uuid": "cd4fb252-73c5-4a6e-b26c-a3dc0495b5e1", "version": 4}