{"crypto": {"kdf": {"function": "scrypt", "params": {"dklen": 32, "n": 262144, "r": 8, "p": 1, "salt": "9c0bafee5bf3ea485ea254ac38ea6b2d72a9f5273dac7d7fb24cd03e8fe1d05b"}, "message": ""}, "checksum": {"function": "sha256", "params": {}, "message": "0a4b26d9356959cef93f8760183098bcab9591295b8242c9039334a9d64fd47c"}, "cipher": {"function": "aes-128-ctr", "params": {"iv": "6e42231e041ec9ef9bb3a7fc1c5c4e7d"}, "message": "2fc41511814c8bdc00e42638f7bcb322a2829e908cca91ebc8e78aaf0105c010"}}, "description": "", "pubkey": "b4c07645b493fb547cdb2adc79393550fff6e7d8f293c94a37f351a028a6fd8b893089cb4951fdaeef13f00b6939e503", "path": "m/12381/3600/33/0/0", "uuid": "debc4b80-6fff-4986-ab17-2a3ef8e24cb2", "version": 4}