{"crypto": {"kdf": {"function": "scrypt", "params": {"dklen": 32, "n": 262144, "r": 8, "p": 1, "salt": "9c0bafee5bf3ea485ea254ac38ea6b2d72a9f5273dac7d7fb24cd03e8fe1d05b"}, "message": ""}, "checksum": {"function": "sha256", "params": {}, "message": "eaf5b4a40fd96060599fc7f42537056ab05ec1f2e2eac9a6b3bcc791b0eeeb76"}, "cipher": {"function": "aes-128-ctr", "params": {"iv": "6e42231e041ec9ef9bb3a7fc1c5c4e7d"}, "message": "282d60545e51f040e4d6b916c6af190dddbd8bec63d729875ed11beea480ac2f"}}, "description": "", "pubkey": "849bfdf31433f807d107eb7fa710e2b3853f51c7de8b2714b5be290f3cd224d7b6529201f2164da31c2a2ef162200c97", "path": "m/12381/3600/52/0/0", "uuid": "c3007c37-bc89-444b-9cad-14a063742497", "version": 4}