{"crypto": {"kdf": {"function": "scrypt", "params": {"dklen": 32, "n": 262144, "r": 8, "p": 1, "salt": "2111edbf0a1c6e6cc7216e2650c7ee3ab63a48af8a1332f52ba07d4c53382ab2"}, "message": ""}, "checksum": {"function": "sha256", "params": {}, "message": "e2003de0ffa0d7692512f328d04225b57aaae2cd9ea1a75f9a067d2c613eb75f"}, "cipher": {"function": "aes-128-ctr", "params": {"iv": "22fcf9678d9d3451b7b70064c7aff1a4"}, "message": "35bd2ea416331735b6fced9f3d8230ad2db989f3e70579f37b6c352b3f6fdced"}}, "description": "", "pubkey": "8c1f3a1f5ec5f7993a7d3294bb1fa6550440f4a1087e99d7970bc609eeac1768ff4dba5712194e6dfaaeab38a9106a26", "path": "m/12381/3600/160/0/0", "uuid": "2286eda0-ddb8-4731-b3b9-99e18e648b7c", "version": 4}