{"crypto": {"kdf": {"function": "scrypt", "params": {"dklen": 32, "n": 262144, "r": 8, "p": 1, "salt": "2111edbf0a1c6e6cc7216e2650c7ee3ab63a48af8a1332f52ba07d4c53382ab2"}, "message": ""}, "checksum": {"function": "sha256", "params": {}, "message": "7622a4a284c96a9b838fa581abcc54b8dbc9d3a28b15e78d974ac9693ed5553d"}, "cipher": {"function": "aes-128-ctr", "params": {"iv": "22fcf9678d9d3451b7b70064c7aff1a4"}, "message": "7ab0f8cdc0591f8eeebd114cfa0209dbe5250a95fb86b16cba21d853134d16b4"}}, "description": "", "pubkey": "8c668fd3d400a6b4d8eff4173fbda8ac5e037a7e50de800a6b3dbbc4c4cabda5012818c38fb0c599dfce3e192e43fe58", "path": "m/12381/3600/104/0/0", "uuid": "9f449f2d-5b9a-4a44-ad2c-f776aecb8f58", "version": 4}