{"crypto": {"kdf": {"function": "scrypt", "params": {"dklen": 32, "n": 262144, "r": 8, "p": 1, "salt": "85e6d813be8aff30fe4d6ff9a8c66701462bea0ace48ae9119c5ce37bf3cbee6"}, "message": ""}, "checksum": {"function": "sha256", "params": {}, "message": "52504b9aefb05512fff7319e742f7c57c3b563133f430efaaa5f2036309c6815"}, "cipher": {"function": "aes-128-ctr", "params": {"iv": "cf239913a84dab91df8c5ac88e26e888"}, "message": "2d54f8fbf515b86d726bbd9e5f5ede1a53f9812f511d183a0f3843c3b4bc17f9"}}, "description": "", "pubkey": "8e6a1befcaefdfac599d9bdf62844530044a8be94de8fd3ded975e0c2c6f5397eac4ad04fb9a782f56763d4fbd6addd2", "path": "m/12381/3600/49/0/0", "uuid": "e5ef79c7-0a4a-4b18-ae62-90b995849e19", "version": 4}