{"crypto": {"kdf": {"function": "scrypt", "params": {"dklen": 32, "n": 262144, "r": 8, "p": 1, "salt": "9c0bafee5bf3ea485ea254ac38ea6b2d72a9f5273dac7d7fb24cd03e8fe1d05b"}, "message": ""}, "checksum": {"function": "sha256", "params": {}, "message": "4bf94ba82042c98c6692ae64c2b9aada5b909f9b7e3375e35abf094f6f41d403"}, "cipher": {"function": "aes-128-ctr", "params": {"iv": "6e42231e041ec9ef9bb3a7fc1c5c4e7d"}, "message": "43ae989bd0442f21cd8c8c650e321f51b45e33af1db4517a15bfcdbc07698b28"}}, "description": "", "pubkey": "94be2fe1e662c5628a4511e9cc70641dbcf52fe312f5bf579439d24fb87654b4c41b27cb9c4585a6703c2726047eeae4", "path": "m/12381/3600/14/0/0", "uuid": "d3fd6f33-d516-4d28-bad8-f2d2b4c4edfb", "version": 4}