{"crypto": {"kdf": {"function": "scrypt", "params": {"dklen": 32, "n": 262144, "r": 8, "p": 1, "salt": "80d379ea17704aa3b34b3437e6700d30bf53b98f284329f82caa9fad19c70a5e"}, "message": ""}, "checksum": {"function": "sha256", "params": {}, "message": "aa120ec2ac16cd32b3868e52d25165dbea6d0fba034320f259b3621191aecfa0"}, "cipher": {"function": "aes-128-ctr", "params": {"iv": "6d22ade7c91a43ab36b03360482e068d"}, "message": "82eae1cecac8f7a552e1f3ef5fa9034ad2789d3fe02bf62e9a61efd3e428c8fe"}}, "description": "", "pubkey": "95c02d1c94f0b8c97fb9e7692bf7e3f68b06c740c068e5f8e87f1ad4aabd65203b66739449cf6b105b9052b7ae5289b0", "path": "m/12381/3600/2/0/0", "uuid": "1e2e063d-7770-41b1-b2f3-f47a6b5d41e1", "version": 4}