{"crypto": {"kdf": {"function": "scrypt", "params": {"dklen": 32, "n": 262144, "r": 8, "p": 1, "salt": "9c0bafee5bf3ea485ea254ac38ea6b2d72a9f5273dac7d7fb24cd03e8fe1d05b"}, "message": ""}, "checksum": {"function": "sha256", "params": {}, "message": "8e7e5b593f9f3e50dc120d3c91e119835fb3cc19f41916418fed58b3516d1ec5"}, "cipher": {"function": "aes-128-ctr", "params": {"iv": "6e42231e041ec9ef9bb3a7fc1c5c4e7d"}, "message": "22064fa367d6874ad6cbbd8bba148521bf77a95f9a252a8dce4ddc31719c2524"}}, "description": "", "pubkey": "b8ee8c1ec74ca4ba3b1654ebd52972571739a449271d149e061a41c1ff123edd2fb1dc9beefb7a2a85706a0d9e81ee5e", "path": "m/12381/3600/13/0/0", "uuid": "79d3e019-1499-439c-94a8-a0516c0be5cc", "version": 4}