{"crypto": {"kdf": {"function": "scrypt", "params": {"dklen": 32, "n": 262144, "r": 8, "p": 1, "salt": "9c0bafee5bf3ea485ea254ac38ea6b2d72a9f5273dac7d7fb24cd03e8fe1d05b"}, "message": ""}, "checksum": {"function": "sha256", "params": {}, "message": "73b9793d2b4428d22ed2adbca65ef3759127cd3d4141e46aa514c1b2ca16d533"}, "cipher": {"function": "aes-128-ctr", "params": {"iv": "6e42231e041ec9ef9bb3a7fc1c5c4e7d"}, "message": "17867d9d88861ddabd2aa23de8dca9ecdd43b93440a1e29993f79523e3a4726c"}}, "description": "", "pubkey": "8374c3ff92a8bb82ba6af3c34b1b08778a80d4949866513fa6300d4b3cee729931ab29afbdb2611468a74c723edc2270", "path": "m/12381/3600/66/0/0", "uuid": "b007998d-2415-4b70-ba3e-8d633340f3d1", "version": 4}