{"crypto": {"kdf": {"function": "scrypt", "params": {"dklen": 32, "n": 262144, "r": 8, "p": 1, "salt": "9c0bafee5bf3ea485ea254ac38ea6b2d72a9f5273dac7d7fb24cd03e8fe1d05b"}, "message": ""}, "checksum": {"function": "sha256", "params": {}, "message": "8ccef74518e7bf76e241d29843d03dc6501cffcf5e6abf76882bcc321daed575"}, "cipher": {"function": "aes-128-ctr", "params": {"iv": "6e42231e041ec9ef9bb3a7fc1c5c4e7d"}, "message": "077549f0f7104ded58afe347b4487b0a9e536876982cadfec709d55d88fecae2"}}, "description": "", "pubkey": "81af2c825b6f8b4171437207a2671fd5f2ca54141b2bda5551276bbf6914f3527b4244c9b0ff2a1e82d8299862727423", "path": "m/12381/3600/42/0/0", "uuid": "e7c4599d-3d02-4e04-837b-6201361cedb1", "version": 4}