{"crypto": {"kdf": {"function": "scrypt", "params": {"dklen": 32, "n": 262144, "r": 8, "p": 1, "salt": "9c0bafee5bf3ea485ea254ac38ea6b2d72a9f5273dac7d7fb24cd03e8fe1d05b"}, "message": ""}, "checksum": {"function": "sha256", "params": {}, "message": "22982398e656aa9cbe087cf547ad6ca3db575410eb85255dc9a4c268b83c7595"}, "cipher": {"function": "aes-128-ctr", "params": {"iv": "6e42231e041ec9ef9bb3a7fc1c5c4e7d"}, "message": "5ac4e733f5749c0adfd3ebe5dc848b7eb5f233d37cada9699b813681d62862c0"}}, "description": "", "pubkey": "b32c630bc2d56c484d47983456c3a5d264e243e4b70e1131b03713c5fdc355c89ec5925584036d47931e53843c979fdf", "path": "m/12381/3600/72/0/0", "uuid": "cde5b23d-c2b7-4ebf-a763-a0a94c7a0f11", "version": 4}