{"crypto": {"kdf": {"function": "scrypt", "params": {"dklen": 32, "n": 262144, "r": 8, "p": 1, "salt": "85e6d813be8aff30fe4d6ff9a8c66701462bea0ace48ae9119c5ce37bf3cbee6"}, "message": ""}, "checksum": {"function": "sha256", "params": {}, "message": "d661644d34a74db6ba9d948fecab6049a2eb39deb19c5ed4724b661506dbcd09"}, "cipher": {"function": "aes-128-ctr", "params": {"iv": "cf239913a84dab91df8c5ac88e26e888"}, "message": "53e3685b353be4bdab4fa81225422769604bb6cd6a17ce6199409a1c396bfdd0"}}, "description": "", "pubkey": "aaa72da79142c4ca0c81eab178d6a7cc98858520292f7bf6c102bf4cd574d2e1385c222480f7fcf27c5397b6c8d6cb73", "path": "m/12381/3600/36/0/0", "uuid": "22b755e6-7579-4cb0-91f1-04ad01722e22", "version": 4}